video_id,track_id,frame,time_sec,x,y,vx,vy,bbox_x1,bbox_y1,bbox_x2,bbox_y2,area
DSCF0005,22,642,21.4,514.0,761.0,0.0,0.0,487,745,541,777,1124.0
DSCF0005,22,643,21.433333333333334,560.5,746.0,837.0,-270.0,528,729,593,763,1452.5
DSCF0005,22,644,21.466666666666665,610.0,724.5,1225.8,-495.0,576,696,644,753,2015.0
DSCF0005,22,645,21.5,658.5,716.5,1363.32,-342.0,624,696,693,737,1930.5
DSCF0005,22,646,21.533333333333335,711.0,711.0,1490.328,-235.8,673,684,749,738,2420.5
DSCF0005,22,647,21.566666666666666,756.0,690.5,1406.1312,-463.32,720,669,792,712,1948.0
DSCF0005,22,648,21.6,807.0,689.5,1480.45248,-203.328,767,648,847,731,3422.0
DSCF0005,22,649,21.633333333333333,852.0,693.5,1402.180992,-9.33120000000001,819,655,885,732,2611.5
DSCF0005,22,650,21.666666666666668,896.0,683.5,1352.8723968,-183.73248,861,647,931,720,2399.0
DSCF0005,22,651,21.7,942.0,678.0,1369.1489587199999,-172.49299200000002,911,653,973,703,1919.0
DSCF0005,22,652,21.733333333333334,982.5,698.0,1276.659583488,291.0028032,956,668,1009,728,1297.5
DSCF0005,22,653,21.766666666666666,1020.5,711.0,1194.6638333952,350.40112128,998,685,1043,737,1396.0
DSCF0005,22,654,21.8,1051.0,720.0,1026.86553335808,302.160448512,1035,700,1067,740,715.0
DSCF0005,22,655,21.833333333333332,1076.5,750.5,869.7462133432321,669.8641794048,1061,732,1092,769,635.0
DSCF0005,22,656,21.866666666666667,1098.5,780.0,743.8984853372929,798.94567176192,1089,763,1108,797,440.5
DSCF0005,27,702,23.4,623.0,767.5,0.0,0.0,596,743,650,792,1144.5
DSCF0005,27,703,23.433333333333334,666.0,724.5,774.0,-774.0,630,692,702,757,2642.5
DSCF0005,27,704,23.466666666666665,723.0,696.0,1335.6,-822.6,667,662,779,730,4675.5
DSCF0005,27,704,23.466666666666665,703.0,656.5,0.0,0.0,701,654,705,659,7.5
DSCF0005,27,705,23.5,744.5,649.0,921.24,-1175.04,711,614,778,684,2195.5
DSCF0005,27,706,23.533333333333335,801.5,616.5,1394.496,-1055.016,754,586,849,647,3313.5
DSCF0005,27,706,23.533333333333335,758.5,582.0,499.5,-670.5,756,580,761,584,8.5
DSCF0005,27,707,23.566666666666666,850.5,604.0,1439.7984000000001,-647.0064,810,571,891,637,2019.0
DSCF0005,27,707,23.566666666666666,803.0,576.5,1000.8,-367.2,796,573,810,580,57.5
DSCF0005,27,708,23.6,888.5,603.5,1259.91936,-267.80256,875,592,902,615,363.5
DSCF0005,27,708,23.6,859.0,545.0,1408.32,-713.88,837,525,881,565,577.5
DSCF0005,27,709,23.633333333333333,932.5,589.5,1295.967744,-359.12102400000003,928,587,937,592,21.0
DSCF0005,27,709,23.633333333333333,931.0,579.0,1859.328,326.448,924,573,938,585,87.0
DSCF0005,27,710,23.666666666666668,968.0,580.0,1157.3870976,-314.64840960000004,948,563,988,597,761.0
DSCF0005,27,710,23.666666666666668,922.5,579.0,590.7312000000001,130.5792,908,558,937,600,550.5
DSCF0005,27,711,23.7,997.5,587.5,993.95483904,9.140636159999985,974,567,1021,608,766.5
DSCF0005,27,711,23.7,970.5,592.5,1100.29248,295.23168,950,573,991,612,511.0
DSCF0005,27,712,23.733333333333334,1029.5,580.0,973.581935616,-131.343745536,1022,575,1037,585,66.0
DSCF0005,27,712,23.733333333333334,996.0,608.5,899.116992,406.092672,989,596,1003,621,223.0
DSCF0005,30,708,23.6,890.5,625.5,0.0,0.0,887,622,894,629,19.0
DSCF0005,30,709,23.633333333333333,940.0,620.5,891.0,-90.0,935,613,945,628,88.0
DSCF0005,30,710,23.666666666666668,970.5,614.0,905.4000000000001,-153.0,963,611,978,617,56.0
DSCF0005,30,712,23.733333333333334,1031.0,614.5,870.4440000000001,-50.58000000000001,1007,586,1055,643,1164.5
DSCF0005,30,713,23.766666666666666,1063.5,642.5,933.1776,483.768,1043,617,1084,668,1379.5
DSCF0005,30,714,23.8,1084.5,677.0,751.2710400000001,814.5072,1069,651,1100,703,921.5
DSCF0005,30,715,23.833333333333332,1105.5,720.0,678.5084160000001,1099.80288,1086,692,1125,748,1271.5
DSCF0005,30,716,23.866666666666667,1117.0,757.5,478.40336640000004,1114.921152,1106,734,1128,781,681.0
DSCF0005,34,867,28.9,645.5,758.5,0.0,0.0,614,720,677,797,2841.0
DSCF0005,34,868,28.933333333333334,707.5,714.0,1116.0,-801.0,647,672,768,756,4891.0
DSCF0005,34,869,28.966666666666665,744.5,678.0,1112.4,-968.4000000000001,691,635,798,721,5301.5
DSCF0005,34,870,29.0,777.0,639.0,1029.96,-1089.3600000000001,740,612,814,666,1832.5
DSCF0005,34,871,29.033333333333335,824.5,606.5,1266.984,-1020.7440000000001,793,586,856,627,1382.0
DSCF0005,34,872,29.066666666666666,882.0,579.5,1541.7936,-894.2976000000001,879,575,885,584,26.5
DSCF0005,34,872,29.066666666666666,848.0,572.0,0.0,0.0,840,560,856,584,179.5
DSCF0005,34,873,29.1,934.0,549.0,1552.71744,-906.7190400000001,913,538,955,560,543.5
DSCF0005,34,873,29.1,877.5,585.5,531.0,243.0,872,581,883,590,28.5
DSCF0005,34,874,29.133333333333333,995.5,519.0,1728.086976,-902.687616,993,516,998,522,14.0
DSCF0005,34,874,29.133333333333333,966.0,541.0,1805.4,-703.8,960,537,972,545,57.0
DSCF0005,34,875,29.166666666666668,1034.0,506.0,1384.2347904,-595.0750464,1025,502,1043,510,60.0
DSCF0005,34,875,29.166666666666668,1031.0,522.0,1892.16,-623.52,1011,512,1051,532,428.0
DSCF0005,34,876,29.2,1100.5,481.0,1750.69391616,-688.03001856,1080,467,1121,495,564.0
DSCF0005,34,876,29.2,1113.0,496.5,2232.864,-708.408,1110,495,1116,498,8.0
DSCF0005,34,877,29.233333333333334,1151.5,433.5,1618.277566464,-1130.2120074240001,1149,432,1154,435,6.0
DSCF0005,34,877,29.233333333333334,1162.0,429.5,1775.1456,-1489.3632,1155,426,1169,433,39.5
DSCF0005,34,878,29.266666666666666,1205.0,405.5,1610.3110265856,-956.0848029696001,1186,393,1224,418,361.5
DSCF0005,34,879,29.3,1203.0,358.5,608.1244106342401,-1228.43392118784,1200,355,1206,362,22.5
DSCF0005,34,879,29.3,1224.0,341.5,1197.052416,-1328.170752,1210,330,1238,353,220.0
DSCF0005,34,880,29.333333333333332,1229.0,311.0,711.2497642536961,-1346.373568475136,1226,308,1232,314,20.0
DSCF0005,34,880,29.333333333333332,1267.0,315.5,1252.8209664,-999.2683008,1256,308,1278,323,106.0
DSCF0005,34,881,29.366666666666667,1256.5,249.0,779.4999057014784,-1654.5494273900545,1242,240,1271,258,203.0
DSCF0005,34,881,29.366666666666667,1272.0,258.5,591.1283865600001,-1425.70732032,1269,256,1275,261,12.5
DSCF0005,34,882,29.4,1268.5,188.5,527.7999622805914,-1750.8197709560218,1249,157,1288,220,982.0
DSCF0005,34,882,29.4,1291.5,207.5,587.451354624,-1488.282928128,1288,202,1295,213,37.5
DSCF0005,34,883,29.433333333333334,1301.0,107.0,796.1199849122365,-2167.3279083824086,1297,104,1305,110,24.0
DSCF0005,34,884,29.466666666666665,1374.0,42.5,1632.4479939648945,-2027.9311633529635,1371,41,1377,44,8.0
DSCF0005,34,884,29.466666666666665,1382.0,39.0,1025.98248766464,-2052.2818541260804,1379,36,1385,42,20.0
DSCF0005,71,3467,115.56666666666666,1198.0,101.0,0.0,0.0,1195,99,1201,103,10.0
DSCF0005,71,3468,115.6,1207.0,259.0,162.0,2844.0,1202,252,1212,266,80.5
DSCF0005,71,3469,115.63333333333334,1193.0,408.5,-187.2,3828.6000000000004,1190,405,1196,412,16.5
DSCF0005,71,3470,115.66666666666667,1137.5,513.5,-1073.88,3421.4400000000005,1135,511,1140,516,11.0
DSCF0005,71,3471,115.7,1078.0,628.5,-1500.5520000000001,3438.576,1072,611,1084,646,296.0
DSCF0005,71,3472,115.73333333333333,1077.0,685.0,-618.2208,2392.4304,1069,652,1085,718,780.0
DSCF0005,71,3473,115.76666666666667,1075.5,746.0,-274.28832,2054.9721600000003,1067,718,1084,774,689.0
DSCF0005,91,3501,116.7,1476.5,122.0,0.0,0.0,1474,120,1479,124,6.0
DSCF0005,91,3502,116.73333333333333,1400.5,205.5,-1368.0,1503.0,1397,198,1404,213,43.5
DSCF0005,91,3503,116.76666666666667,1340.0,308.0,-1636.2,2446.2,1336,304,1344,312,21.5
DSCF0005,91,3504,116.8,1233.0,472.0,-2580.48,3930.48,1227,466,1239,478,63.0
DSCF0005,91,3505,116.83333333333333,1150.5,575.0,-2517.192,3426.192,1108,526,1193,624,3016.5
DSCF0005,91,3506,116.86666666666666,1074.5,660.0,-2374.8768,2900.4768000000004,1032,616,1117,704,2157.5
DSCF0005,91,3507,116.9,999.5,727.0,-2299.95072,2366.1907200000005,955,691,1044,763,3153.0
DSCF0005,91,3508,116.93333333333334,937.0,775.0,-2044.980288,1810.4762880000003,897,753,977,797,1329.5
DSCF0005,105,3709,123.63333333333334,623.5,778.0,0.0,0.0,609,769,638,787,174.0
DSCF0005,105,3710,123.66666666666667,716.5,754.0,1674.0,-432.0,660,711,773,797,5385.5
DSCF0005,105,3711,123.7,791.5,742.0,2019.6,-388.8,726,687,857,797,8849.0
DSCF0005,105,3712,123.73333333333333,860.0,714.5,2040.8400000000001,-650.52,803,642,917,787,8218.5
DSCF0005,105,3712,123.73333333333333,868.0,638.5,0.0,0.0,866,636,870,641,8.5
DSCF0005,105,3713,123.76666666666667,928.5,698.0,2049.3360000000002,-557.2080000000001,884,638,973,758,6280.5
DSCF0005,105,3714,123.8,989.5,685.5,1917.7344000000003,-447.88320000000004,951,635,1028,736,4074.5
DSCF0005,105,3714,123.8,997.0,631.5,1161.0,-63.0,995,628,999,635,14.5
DSCF0005,105,3715,123.83333333333333,1052.0,690.0,1892.0937600000002,-98.15328000000002,1020,649,1084,731,1952.5
DSCF0005,105,3716,123.86666666666666,1100.5,681.0,1629.837504,-201.261312,1076,649,1125,713,1902.0
DSCF0005,105,3717,123.9,1143.0,677.5,1416.9350016,-143.5045248,1126,663,1160,692,534.0
DSCF0005,105,3717,123.9,1140.5,697.5,1237.164,375.588,1138,695,1143,700,14.0
DSCF0005,105,3718,123.93333333333334,1170.5,694.5,1034.8656,96.23520000000002,1159,684,1182,705,161.5
DSCF0005,105,3719,123.96666666666667,1179.0,722.5,566.94624,542.49408,1173,716,1185,729,101.0
DSCF0005,105,3720,124.0,1190.0,732.5,741.0869405184001,283.5045339648,1188,728,1192,737,20.5
DSCF0005,105,3720,124.0,1206.5,738.0,721.778496,495.99763200000007,1202,729,1211,747,91.5
DSCF0005,108,3729,124.3,532.5,773.5,0.0,0.0,501,756,564,791,1470.5
DSCF0005,108,3730,124.33333333333333,589.5,755.0,1026.0,-333.0,555,727,624,783,2224.0
DSCF0005,108,3731,124.36666666666666,649.0,750.5,1481.4,-214.20000000000002,610,716,688,785,3198.0
DSCF0005,108,3732,124.4,709.5,762.5,1681.56,130.32,671,728,748,797,3594.0
DSCF0005,108,3733,124.43333333333334,773.5,759.0,1824.624,-10.872,730,721,817,797,3928.5
DSCF0005,108,3734,124.46666666666667,823.5,775.0,1629.8496,283.6512,787,753,860,797,2279.5
DSCF0005,119,5813,193.76666666666668,727.5,764.0,0.0,0.0,686,731,769,797,3257.5
DSCF0005,119,5814,193.8,803.5,734.0,1368.0,-540.0,732,671,875,797,11443.5
DSCF0005,119,5815,193.83333333333334,850.5,688.0,1393.2,-1044.0,795,627,906,749,7863.5
DSCF0005,119,5816,193.86666666666667,899.0,657.0,1430.2800000000002,-975.6,847,599,951,715,6409.5
DSCF0005,119,5816,193.86666666666667,855.5,595.0,0.0,0.0,853,593,858,597,7.5
DSCF0005,119,5817,193.9,940.5,595.5,1319.112,-1497.24,912,572,969,619,1470.0
DSCF0005,119,5817,193.9,904.5,570.0,882.0,-450.0,880,546,929,594,1227.5
DSCF0005,119,5818,193.93333333333334,989.0,579.0,1400.6448,-895.8960000000001,960,547,1018,611,1608.0
DSCF0005,119,5818,193.93333333333334,951.5,572.5,1198.8,-135.0,917,530,986,615,1427.0
DSCF0005,119,5819,193.96666666666667,1028.0,552.0,1262.25792,-844.3584000000001,997,543,1059,561,671.5
DSCF0005,119,5819,193.96666666666667,988.5,565.0,1145.52,-189.0,985,562,992,568,18.0
DSCF0005,119,5820,194.0,1070.5,570.0,1269.903168,-13.743360000000052,1048,545,1093,595,928.0
DSCF0005,119,5820,194.0,1043.0,571.5,1439.208,41.39999999999999,1021,528,1065,615,1301.5
DSCF0005,119,5821,194.03333333333333,1111.5,574.5,1245.9612672,75.50265599999997,1094,555,1129,594,714.5
DSCF0005,119,5821,194.03333333333333,1078.0,564.0,1205.6832,-118.44,1067,550,1089,578,312.5
DSCF0005,119,5822,194.06666666666666,1143.5,586.0,1074.3845068800001,237.20106239999998,1124,567,1163,605,584.0
DSCF0005,119,5822,194.06666666666666,1120.0,591.0,1238.2732799999999,438.624,1104,566,1136,616,473.0
DSCF0005,119,5823,194.1,1151.5,638.0,573.7538027520001,1030.88042496,1149,635,1154,641,11.0
DSCF0005,119,5823,194.1,1171.0,628.0,1413.3093119999999,841.4496,1153,595,1189,661,868.5
DSCF0005,119,5824,194.13333333333333,1199.0,649.5,1069.3237248,723.5798400000001,1188,628,1210,671,480.0
DSCF0005,119,5825,194.16666666666666,1200.5,687.5,647.55136899072,816.6169529856,1194,682,1207,693,57.0
DSCF0005,119,5825,194.16666666666666,1216.0,689.0,733.7294899200001,1000.4319360000001,1207,668,1225,710,341.5
DSCF0005,119,5826,194.2,1226.0,716.0,718.020547596288,839.64678119424,1222,710,1230,722,60.5
DSCF0005,119,5826,194.2,1231.5,735.5,572.4917959680001,1237.1727744,1227,725,1236,746,101.0
DSCF0005,126,5931,197.7,878.5,769.5,0.0,0.0,835,742,922,797,2857.5
DSCF0005,126,5932,197.73333333333332,942.5,745.0,1152.0,-441.0,886,693,999,797,6605.0
DSCF0005,126,5933,197.76666666666668,987.5,717.0,1270.8,-680.4,937,660,1038,774,5761.5
DSCF0005,126,5934,197.8,1020.0,694.0,1093.32,-686.1600000000001,973,645,1067,743,5150.0
DSCF0005,126,5934,197.8,1008.0,624.5,0.0,0.0,1005,622,1011,627,12.5
DSCF0005,126,5935,197.83333333333334,1065.0,666.0,1247.328,-778.464,1029,633,1101,699,2226.0
DSCF0005,126,5935,197.83333333333334,1024.5,618.0,297.0,-117.0,1020,612,1029,624,59.0
DSCF0005,126,5936,197.86666666666667,1096.0,649.0,1056.9312,-617.3856000000001,1062,614,1130,684,2479.0
DSCF0005,126,5936,197.86666666666667,1057.5,604.0,712.8,-298.8,1054,601,1061,607,20.5
DSCF0005,126,5937,197.9,1133.0,630.5,1088.77248,-579.95424,1105,608,1161,653,1317.5
DSCF0005,126,5937,197.9,1117.0,586.5,1356.12,-434.52,1113,583,1121,590,28.5
DSCF0005,126,5938,197.93333333333334,1159.5,625.5,912.508992,-321.98169600000006,1140,612,1179,639,572.0
DSCF0005,126,5938,197.93333333333334,1140.0,592.0,956.448,-74.80799999999999,1138,590,1142,594,7.0
DSCF0005,126,5939,197.96666666666667,1192.5,625.0,959.0035968,-137.79267840000003,1184,620,1201,630,91.5
DSCF0005,126,5939,197.96666666666667,1179.0,609.0,1084.5792000000001,276.0768,1173,603,1185,615,48.5
DSCF0005,126,5940,198.0,1223.0,637.5,932.60143872,169.88292864,1221,635,1225,640,8.5
DSCF0005,126,5940,198.0,1206.5,635.0,928.83168,578.4307200000001,1197,623,1216,647,222.0
DSCF0005,126,5941,198.03333333333333,1221.0,630.5,337.04057548800006,-58.04682854400001,1218,627,1224,634,15.5
DSCF0005,126,5941,198.03333333333333,1233.5,646.5,857.532672,438.372288,1225,638,1242,655,109.5
DSCF0005,126,5942,198.06666666666666,1237.5,671.5,415.01306880000004,625.3489152,1232,662,1243,681,82.5
DSCF0005,126,5943,198.1,1241.0,704.5,301.33460717568005,645.10314172416,1238,702,1244,707,14.0
DSCF0005,126,5943,198.1,1245.0,688.0,301.00522752000006,547.13956608,1237,676,1253,700,199.5
DSCF0005,126,5944,198.13333333333333,1253.5,730.0,345.533842870272,717.041256689664,1248,711,1259,749,210.5
DSCF0005,126,5945,198.16666666666666,1252.0,759.0,111.2135371481088,808.8165026758656,1250,754,1254,764,22.0
DSCF0005,126,5945,198.16666666666666,1238.5,767.0,49.86188190720003,907.9702437888,1233,755,1244,779,115.5
DSCF0005,135,6093,203.1,791.5,775.0,0.0,0.0,762,753,821,797,1012.0
DSCF0005,135,6094,203.13333333333333,844.5,736.0,954.0,-702.0,809,709,880,763,1271.5
DSCF0005,135,6095,203.16666666666666,897.5,678.5,1335.6,-1315.8,859,641,936,716,2053.0
DSCF0005,135,6096,203.2,939.0,616.0,1281.24,-1651.3200000000002,906,574,972,658,2074.0
DSCF0005,135,6097,203.23333333333332,989.0,540.5,1412.496,-2019.5280000000002,964,506,1014,575,1504.0
DSCF0005,135,6098,203.26666666666668,1023.0,471.0,1176.9984,-2058.8112,1011,464,1035,478,213.0
DSCF0005,194,10336,344.53333333333336,520.5,775.0,0.0,0.0,490,753,551,797,1711.5
DSCF0005,194,10337,344.56666666666666,575.5,747.0,990.0,-504.0,530,707,621,787,3687.0
DSCF0005,194,10338,344.6,615.5,732.5,1116.0,-462.6,576,685,655,780,3996.0
DSCF0005,194,10339,344.6333333333333,667.0,712.5,1373.4,-545.04,622,667,712,758,4946.0
DSCF0005,194,10340,344.6666666666667,718.0,704.5,1467.3600000000001,-362.01599999999996,675,658,761,751,3866.0
DSCF0005,194,10341,344.7,766.5,704.0,1459.944,-153.8064,726,652,807,756,4658.0
DSCF0005,194,10342,344.73333333333335,820.0,685.5,1546.9776000000002,-394.52256,780,634,860,737,4741.5
DSCF0005,194,10343,344.76666666666665,868.5,697.5,1491.79104,58.19097599999998,831,652,906,743,3419.0
DSCF0005,194,10344,344.8,916.5,718.0,1460.7164160000002,392.27639039999997,880,666,953,770,4291.5
DSCF0005,194,10345,344.8333333333333,969.5,718.0,1538.2865664,156.91055616,933,676,1006,760,3508.5
DSCF0005,194,10346,344.8666666666667,1009.0,750.5,1326.31462656,647.764222464,979,715,1039,786,2303.5
DSCF0005,194,10347,344.9,1046.0,770.0,1196.5258506240002,610.1056889856,1020,743,1072,797,2051.0
DSCF0005,196,10352,345.06666666666666,495.0,777.5,0.0,0.0,467,758,523,797,908.0
DSCF0005,196,10353,345.1,539.0,780.0,792.0,45.0,510,763,568,797,1383.0
DSCF0005,196,10354,345.1333333333333,584.5,759.0,1135.8,-360.0,554,732,615,786,1825.5
DSCF0005,196,10355,345.1666666666667,628.5,735.5,1246.32,-567.0,596,701,661,770,2670.0
DSCF0005,196,10356,345.2,675.0,747.5,1335.528,-10.800000000000011,636,718,714,777,2725.0
DSCF0005,196,10357,345.23333333333335,716.0,740.0,1272.2112000000002,-139.32,683,701,749,779,2521.5
DSCF0005,196,10358,345.26666666666665,755.0,735.0,1210.8844800000002,-145.728,721,691,789,779,3371.0
DSCF0005,196,10359,345.3,802.0,734.5,1330.353792,-67.2912,769,694,835,775,3012.0
DSCF0005,196,10360,345.3333333333333,837.0,744.0,1162.1415168,144.08352,810,710,864,778,1921.5
DSCF0005,196,10361,345.3666666666667,870.5,759.5,1067.85660672,336.63340800000003,841,722,900,797,2834.0
DSCF0005,196,10362,345.4,902.5,768.5,1003.142642688,296.65336320000006,881,740,924,797,1699.0
DSCF0005,197,10410,347.0,579.5,779.0,0.0,0.0,546,761,613,797,1304.5
DSCF0005,197,10411,347.03333333333336,631.5,760.0,936.0,-342.0,582,723,681,797,4705.5
DSCF0005,197,10412,347.06666666666666,692.0,733.5,1463.4,-613.8,637,687,747,780,5751.5
DSCF0005,197,10413,347.1,728.0,684.0,1233.3600000000001,-1136.52,685,634,771,734,4944.5
DSCF0005,197,10414,347.1333333333333,774.0,667.0,1321.344,-760.608,734,625,814,709,4468.0
DSCF0005,197,10415,347.1666666666667,823.0,656.5,1410.5376,-493.2432,787,602,859,711,3703.5
DSCF0005,197,10416,347.2,866.5,641.0,1347.21504,-476.29728,830,593,903,689,4299.0
DSCF0005,197,10417,347.23333333333335,913.5,627.0,1384.886016,-442.518912,873,591,954,663,3299.0
DSCF0005,197,10418,347.26666666666665,951.5,596.0,1237.9544064000002,-735.0075648,948,593,955,599,17.0
DSCF0005,197,10419,347.3,981.0,585.0,1026.1817625600002,-492.00302591999997,975,582,987,588,39.0
DSCF0005,198,10415,347.1666666666667,775.0,659.0,0.0,0.0,768,649,782,669,65.0
DSCF0005,198,10417,347.23333333333335,855.0,629.0,720.0,-270.0,850,625,860,633,33.0
DSCF0005,198,10418,347.26666666666665,904.0,627.5,1170.0,-135.0,901,625,907,630,16.5
DSCF0005,198,10419,347.3,986.5,675.0,1953.0,801.0,983,671,990,679,28.0
DSCF0005,198,10421,347.3666666666667,1068.5,665.5,1441.08,202.86,1042,628,1095,703,1796.0
DSCF0005,198,10422,347.4,1101.0,670.5,1161.432,171.144,1085,642,1117,699,981.5
DSCF0005,198,10423,347.43333333333334,1118.5,708.5,779.5728,752.4576,1098,676,1139,741,1331.0
DSCF0005,198,10424,347.46666666666664,1143.0,740.0,752.8291200000001,867.9830400000001,1130,714,1156,766,774.5
DSCF0005,198,10425,347.5,1158.5,773.5,580.131648,950.1932160000001,1146,750,1171,797,685.5
DSCF0005,201,10427,347.56666666666666,578.5,780.0,0.0,0.0,554,763,603,797,1280.0
DSCF0005,201,10428,347.6,608.5,756.0,540.0,-432.0,575,727,642,785,2388.5
DSCF0005,201,10429,347.6333333333333,644.5,730.5,864.0,-631.8,602,693,687,768,3091.0
DSCF0005,201,10430,347.6666666666667,665.0,712.0,714.6,-585.72,620,665,710,759,3787.5
DSCF0005,201,10431,347.7,690.5,691.0,744.84,-612.288,653,656,728,726,2827.5
DSCF0005,201,10432,347.73333333333335,718.0,685.5,792.936,-343.9152,686,641,750,730,2623.5
DSCF0005,201,10433,347.76666666666665,750.5,693.0,902.1744000000001,-2.566080000000028,717,642,784,744,3592.0
DSCF0005,201,10434,347.8,785.5,681.5,990.86976,-208.026432,750,652,821,711,2297.0
DSCF0005,201,10435,347.8333333333333,821.5,673.0,1044.347904,-236.21057280000002,787,644,856,702,2192.5
DSCF0005,201,10436,347.8666666666667,860.5,686.0,1119.7391616,139.51577088,822,631,899,741,4163.0
DSCF0005,201,10437,347.9,897.0,707.5,1104.89566464,442.806308352,867,675,927,740,2012.0
DSCF0005,201,10438,347.93333333333334,928.0,719.5,999.958265856,393.1225233408,901,695,955,744,1415.0
DSCF0005,201,10439,347.96666666666664,971.5,735.0,1182.9833063424,436.24900933632,940,699,1003,771,2327.5
DSCF0005,201,10440,348.0,991.5,754.0,833.1933225369601,516.499603734528,971,733,1012,775,1066.5
DSCF0005,201,10441,348.03333333333336,1026.5,764.0,963.2773290147841,386.59984149381125,1023,761,1030,767,20.5
DSCF0005,204,10649,354.96666666666664,561.0,773.5,0.0,0.0,530,750,592,797,1899.5
DSCF0005,204,10650,355.0,616.5,734.5,999.0,-702.0,565,696,668,773,4025.0
DSCF0005,204,10651,355.03333333333336,655.5,699.0,1101.6,-919.8,602,655,709,743,5151.5
DSCF0005,204,10652,355.06666666666666,704.5,673.0,1322.6399999999999,-835.9200000000001,645,621,764,725,6894.5
DSCF0005,204,10653,355.1,740.0,649.5,1168.056,-757.368,694,596,786,703,5152.0
DSCF0005,204,10654,355.1333333333333,787.5,620.0,1322.2224,-833.9472000000001,735,561,840,679,5946.0
DSCF0005,204,10654,355.1333333333333,764.0,653.5,0.0,0.0,760,652,768,655,10.0
DSCF0005,204,10654,355.1333333333333,785.0,555.5,0.0,0.0,779,549,791,562,72.5
DSCF0005,204,10655,355.1666666666667,840.0,612.5,1473.8889600000002,-468.57888,791,569,889,656,4046.0
DSCF0005,204,10655,355.1666666666667,823.5,557.0,693.0,27.0,821,555,826,559,8.5
DSCF0005,204,10656,355.2,879.5,626.0,1300.5555840000002,55.56844799999999,839,577,920,675,4343.5
DSCF0005,204,10656,355.2,834.5,618.0,634.5,-319.5,829,616,840,620,24.5
DSCF0005,204,10656,355.2,853.0,551.5,808.2,-88.2,845,547,861,556,74.0
DSCF0005,204,10657,355.23333333333335,938.5,602.0,1582.2222336,-409.7726208,899,569,978,635,2915.0
DSCF0005,204,10657,355.23333333333335,877.0,587.5,1018.8,-676.8,868,581,886,594,98.5
DSCF0005,204,10657,355.23333333333335,927.5,551.5,1664.28,-35.28,924,548,931,555,22.0
DSCF0005,204,10658,355.26666666666665,984.5,606.5,1460.8888934400002,-82.90904832000001,947,573,1022,640,2410.5
DSCF0005,204,10658,355.26666666666665,942.0,602.0,1577.52,-9.71999999999997,919,588,965,616,519.5
DSCF0005,204,10658,355.26666666666665,974.0,561.0,1502.712,156.888,970,559,978,563,16.5
DSCF0005,204,10659,355.3,1033.5,623.0,1466.355557376,263.836380672,998,586,1069,660,2831.0
DSCF0005,204,10659,355.3,989.5,611.5,1486.008,167.11200000000002,983,605,996,618,97.0
DSCF0005,204,10660,355.3333333333333,1081.0,631.5,1441.5422229504002,258.5345522688,1050,601,1112,662,2077.5
DSCF0005,204,10660,355.3333333333333,1047.0,635.0,1629.4032000000002,489.8448,1034,617,1060,653,450.5
DSCF0005,204,10660,355.3333333333333,1100.5,588.5,1679.4763200000002,303.97968000000003,1098,586,1103,591,8.5
DSCF0005,204,10661,355.3666666666667,1081.5,663.0,1272.7612800000002,699.9379200000001,1079,660,1084,666,11.5
DSCF0005,204,10663,355.43333333333334,1162.0,748.5,1182.6940608,1021.4776512000001,1159,745,1165,752,18.0
DSCF0005,209,10656,355.2,851.5,567.5,0.0,0.0,842,562,861,573,92.5
DSCF0005,209,10657,355.23333333333335,967.5,549.5,2088.0,-324.0,964,545,971,554,21.0
DSCF0005,209,10658,355.26666666666665,999.5,653.5,1411.2,1742.4,995,648,1004,659,56.5
DSCF0005,209,10659,355.3,1047.0,650.5,1419.48,642.96,1043,648,1051,653,20.5
DSCF0005,209,10660,355.3333333333333,1091.0,676.5,1359.792,725.184,1088,672,1094,681,22.5
DSCF0005,209,10661,355.3666666666667,1114.5,677.5,966.9168,308.0736,1081,629,1148,726,3420.5
DSCF0005,209,10662,355.4,1158.0,704.5,1169.76672,609.2294400000001,1135,668,1181,741,2098.0
DSCF0005,209,10663,355.43333333333334,1185.5,754.5,962.906688,1143.6917760000001,1165,712,1206,797,1658.0
DSCF0005,211,10673,355.76666666666665,469.5,762.0,0.0,0.0,444,748,495,776,747.0
DSCF0005,211,10674,355.8,508.5,742.0,702.0,-360.0,480,726,537,758,1011.0
DSCF0005,211,10675,355.8333333333333,555.0,729.5,1117.8,-369.0,519,710,591,749,1435.0
DSCF0005,211,10676,355.8666666666667,601.5,706.0,1284.12,-570.6,560,682,643,730,2109.5
DSCF0005,211,10677,355.9,625.5,683.5,945.648,-633.24,595,660,656,707,1609.5
DSCF0005,211,10678,355.93333333333334,666.5,675.5,1116.2592,-397.29600000000005,633,654,700,697,1890.5
DSCF0005,211,10679,355.96666666666664,718.5,660.5,1382.50368,-428.9184,673,625,764,696,2753.5
DSCF0005,211,10680,356.0,742.0,631.5,976.001472,-693.56736,709,608,775,655,1857.5
DSCF0005,211,10681,356.03333333333336,785.5,633.5,1173.4005888000002,-241.426944,747,586,824,681,3760.5
DSCF0005,211,10682,356.06666666666666,829.0,638.5,1252.36023552,-6.5707775999999996,797,598,861,679,2544.0
DSCF0005,211,10683,356.1,866.5,648.5,1175.944094208,177.37168896,831,601,902,696,3631.0
DSCF0005,211,10684,356.1333333333333,911.0,641.5,1271.3776376832,-55.051324416,875,604,947,679,3069.5
DSCF0005,211,10685,356.1666666666667,946.0,669.5,1138.55105507328,481.9794702336,916,635,976,704,2118.0
DSCF0005,211,10686,356.2,981.5,688.5,1094.420422029312,534.79178809344,957,654,1006,723,1991.0
DSCF0005,211,10687,356.23333333333335,1010.5,719.5,959.7681688117248,771.916715237376,991,687,1030,752,1324.0
DSCF0005,211,10688,356.26666666666665,1021.0,752.5,572.9072675246899,902.7666860949505,995,722,1047,783,1628.5
DSCF0005,211,10689,356.3,1049.0,777.5,733.162907009876,811.1066744379802,1036,758,1062,797,652.5
DSCF0005,215,10885,362.8333333333333,611.5,779.5,0.0,0.0,585,762,638,797,904.5
DSCF0005,215,10886,362.8666666666667,649.0,744.0,675.0,-639.0,619,715,679,773,1813.5
DSCF0005,215,10887,362.9,699.0,712.5,1170.0,-822.6,646,679,752,746,3336.5
DSCF0005,215,10888,362.93333333333334,744.0,678.0,1278.0,-950.04,681,633,807,723,5336.5
DSCF0005,215,10889,362.96666666666664,762.0,637.5,835.2,-1109.016,724,589,800,686,3917.5
DSCF0005,215,10890,363.0,758.5,619.0,271.08000000000004,-776.6064000000001,751,611,766,627,77.0
DSCF0005,215,10890,363.0,841.0,597.0,0.0,0.0,773,548,909,646,6538.5
DSCF0005,215,10891,363.03333333333336,807.0,574.5,981.432,-1111.64256,795,562,819,587,273.0
DSCF0005,215,10891,363.03333333333336,875.0,584.5,612.0,-225.0,820,544,930,625,3594.0
DSCF0005,215,10892,363.06666666666666,857.5,532.5,1301.5728,-1200.657024,829,492,886,573,1454.0
DSCF0005,215,10892,363.06666666666666,886.0,576.5,442.8,-234.0,884,574,888,579,10.0
DSCF0005,215,10893,363.1,930.5,503.0,1834.62912,-1011.2628096000001,928,501,933,505,6.0
DSCF0005,215,10893,363.1,920.0,556.5,789.12,-453.6,884,522,956,591,1309.5
DSCF0005,215,10894,363.1333333333333,987.0,494.5,1750.851648,-557.5051238400001,967,481,1007,508,418.5
DSCF0005,215,10894,363.1333333333333,949.5,557.5,846.648,-163.44000000000003,927,525,972,590,893.0
DSCF0005,215,10895,363.1666666666667,1054.0,502.5,1906.3406592000001,-79.00204953600007,1032,491,1076,514,544.0
DSCF0005,215,10896,363.2,1087.0,568.0,1356.53626368,1147.3991801856,1061,534,1113,602,2071.0
DSCF0005,215,10896,363.2,1040.0,568.5,1119.29328,40.161599999999986,1026,530,1054,607,967.0
DSCF0005,215,10897,363.23333333333335,1126.5,584.5,1253.614505472,755.95967207424,1104,554,1149,615,1394.5
DSCF0005,215,10897,363.23333333333335,1096.0,581.5,1455.717312,250.06464,1082,555,1110,608,537.0
DSCF0005,215,10898,363.26666666666665,1152.0,636.5,960.4458021888,1238.383868829696,1121,590,1183,683,2724.0
DSCF0005,215,10898,363.26666666666665,1115.0,680.0,924.2869248000001,1873.025856,1112,677,1118,683,13.0
DSCF0005,215,10899,363.3,1187.5,669.5,1023.1783208755201,1089.3535475318783,1169,637,1206,702,1289.5
DSCF0005,215,10900,363.3333333333333,1202.0,720.0,670.271328350208,1344.7414190127513,1190,687,1214,753,996.5
DSCF0005,215,10900,363.3333333333333,1175.5,729.0,877.2432929280001,1115.28930816,1167,717,1184,741,230.5
DSCF0005,215,10901,363.3666666666667,1198.5,769.0,764.8973171712,1166.115723264,1171,741,1226,797,1948.0
DSCF0005,223,10961,365.3666666666667,563.5,767.5,0.0,0.0,530,738,597,797,2311.5
DSCF0005,223,10962,365.4,615.5,749.0,936.0,-333.0,556,718,675,780,3853.5
DSCF0005,223,10963,365.43333333333334,654.5,715.0,1076.4,-745.2,602,674,707,756,4889.5
DSCF0005,223,10964,365.46666666666664,680.0,678.0,889.5600000000001,-964.08,628,632,732,724,4756.0
DSCF0005,223,10965,365.5,721.0,669.0,1093.824,-547.6320000000001,672,620,770,718,5163.5
DSCF0005,223,10966,365.53333333333336,740.0,641.0,779.5296000000001,-723.0528,703,579,777,703,4447.5
DSCF0005,223,10967,365.56666666666666,777.5,642.5,986.8118400000001,-262.22112000000004,729,582,826,703,6201.5
DSCF0005,223,10968,365.6,805.0,630.0,889.7247360000001,-329.88844800000004,766,579,844,681,3563.5
DSCF0005,223,10969,365.6333333333333,845.0,627.0,1075.8898944,-185.9553792,801,569,889,685,5256.5
DSCF0005,223,10970,365.6666666666667,877.0,618.5,1006.35595776,-227.38215168,842,586,912,651,2487.5
DSCF0005,223,10971,365.7,927.0,592.0,1302.542383104,-567.952860672,923,589,931,595,25.5
DSCF0005,223,10973,365.76666666666665,1076.5,507.5,1814.41525791744,-964.96302984192,1068,500,1085,515,115.0
DSCF0005,225,10966,365.53333333333336,691.5,668.5,0.0,0.0,687,664,696,673,37.5
DSCF0005,225,10968,365.6,753.0,629.0,553.5,-355.5,748,621,758,637,67.0
DSCF0005,225,10969,365.6333333333333,787.0,626.5,833.4,-187.20000000000002,778,620,796,633,143.0
DSCF0005,225,10970,365.6666666666667,835.0,623.0,1197.3600000000001,-137.88,820,614,850,632,277.5
DSCF0005,225,10971,365.7,867.5,621.5,1063.944,-82.152,858,613,877,630,209.0
DSCF0005,225,10973,365.76666666666665,943.0,649.0,1062.51984,217.92528,933,638,953,660,223.0
DSCF0005,225,10974,365.8,965.0,667.0,821.007936,411.170112,962,663,968,671,27.5
DSCF0005,225,10975,365.8333333333333,949.0,691.0,40.40317440000001,596.4680448,884,614,1014,768,9740.0
DSCF0005,225,10976,365.8666666666667,896.0,770.0,-937.83873024,1660.58721792,841,743,951,797,3997.0
DSCF0005,227,10968,365.6,793.0,581.0,0.0,0.0,785,573,801,589,114.5
DSCF0005,227,10969,365.6333333333333,802.0,576.5,162.0,-81.0,796,572,808,581,63.0
DSCF0005,227,10971,365.7,913.0,573.0,1057.32,-60.660000000000004,891,557,935,589,567.5
DSCF0005,227,10972,365.73333333333335,953.5,595.0,1151.9279999999999,371.736,951,593,956,597,8.5
DSCF0005,227,10974,365.8,1036.5,626.5,1161.69408,417.32496000000003,949,526,1124,727,7353.5
DSCF0005,227,10975,365.8333333333333,1035.5,705.5,446.677632,1588.929984,1000,670,1071,741,2683.0
DSCF0005,227,10976,365.8666666666667,1040.5,735.0,268.6710528,1166.5719936,1018,705,1063,765,1398.5
DSCF0005,227,10977,365.9,1051.5,771.0,305.46842112,1114.62879744,1010,745,1093,797,2415.5
DSCF0005,256,10999,366.6333333333333,1158.5,502.0,0.0,0.0,1150,493,1167,511,191.0
DSCF0005,256,11002,366.73333333333335,1215.0,631.5,339.0,777.0,1208,627,1222,636,56.0
DSCF0005,256,11003,366.76666666666665,1212.5,635.0,90.6,373.8,1204,627,1221,643,136.5
DSCF0005,256,11004,366.8,1200.0,638.0,-188.76,203.52,1197,633,1203,643,20.0
DSCF0005,256,11005,366.8333333333333,1187.5,638.5,-300.504,90.40800000000002,1183,633,1192,644,51.0
DSCF0005,256,11008,366.93333333333334,1103.5,669.0,-601.363296,212.292192,1101,665,1106,673,18.0
DSCF0005,256,11014,367.1333333333333,895.5,711.0,-766.039605062016,176.14256658163202,892,706,899,716,31.5
DSCF0005,256,11019,367.3,752.5,779.5,-715.8394339524755,292.8268551736835,729,762,776,797,897.0
DSCF0005,256,11020,367.3333333333333,695.5,779.0,-1312.3357735809902,108.1307420694734,660,761,731,797,1548.0
DSCF0005,256,11021,367.3666666666667,645.5,752.5,-1424.9343094323963,-433.74770317221066,643,747,648,758,29.5
DSCF0005,260,11003,366.76666666666665,1187.0,649.0,0.0,0.0,1180,642,1194,656,54.5
DSCF0005,260,11004,366.8,1177.0,656.5,-180.0,135.0,1175,654,1179,659,7.0
DSCF0005,260,11005,366.8333333333333,1174.0,665.5,-126.0,216.0,1165,651,1183,680,215.0
DSCF0005,260,11006,366.8666666666667,1167.0,687.5,-176.4,482.4,1154,676,1180,699,375.5
DSCF0005,260,11007,366.9,1148.5,683.5,-403.56,120.96000000000001,1134,671,1163,696,454.0
DSCF0005,260,11008,366.93333333333334,1121.5,694.5,-647.424,246.38400000000001,1105,676,1138,713,628.0
DSCF0005,260,11009,366.96666666666664,1098.5,695.5,-672.9696,116.55360000000002,1083,681,1114,710,585.5
DSCF0005,260,11010,367.0,1064.5,702.5,-881.18784,172.62144,1049,685,1080,720,507.5
DSCF0005,260,11011,367.03333333333336,1024.0,730.0,-1081.475136,564.048576,999,696,1049,764,1649.0
DSCF0005,260,11012,367.06666666666666,986.0,711.0,-1116.5900544,-116.38056959999997,962,683,1010,739,1353.5
DSCF0005,260,11013,367.1,941.5,735.5,-1247.63602176,394.44777216,916,717,967,754,1138.0
DSCF0005,260,11014,367.1333333333333,895.0,743.0,-1336.054408704,292.779108864,865,721,925,765,1476.0
DSCF0005,260,11015,367.1666666666667,845.0,751.5,-1434.4217634816,270.11164354560003,815,718,875,785,2157.0
DSCF0005,260,11016,367.2,798.5,769.0,-1410.7687053926402,423.04465741824004,769,746,828,792,1603.5
DSCF0005,260,11017,367.23333333333335,751.0,772.0,-1419.3074821570563,223.217862967296,722,747,780,797,1512.0
DSCF0005,260,11030,367.6666666666667,689.5,766.5,-245.49558787769917,17.601942413468507,658,736,721,797,1681.5
DSCF0005,260,11031,367.7,732.5,758.5,675.8017648489204,-136.9592230346126,688,720,777,797,3908.0
DSCF0005,260,11032,367.73333333333335,793.0,755.0,1359.3207059395681,-117.78368921384504,739,713,847,797,4921.0
DSCF0005,260,11033,367.76666666666665,854.0,734.0,1641.7282823758273,-425.113475685538,798,671,910,797,8504.5
DSCF0005,260,11034,367.8,917.0,744.5,1790.691312950331,18.954609725784792,868,692,966,797,5745.0
DSCF0005,260,11035,367.8333333333333,977.5,723.5,1805.2765251801325,-370.4181561096861,932,669,1023,778,5878.5
DSCF0005,260,11036,367.8666666666667,1036.5,727.5,1784.110610072053,-76.16726244387445,1000,682,1073,773,4038.5
DSCF0005,260,11037,367.9,1087.0,719.5,1622.6442440288213,-174.46690497754977,1054,695,1120,744,1843.5
DSCF0005,260,11038,367.93333333333334,1129.5,722.5,1414.0576976115285,-15.786761991019915,1105,692,1154,753,1790.5
DSCF0005,260,11039,367.96666666666664,1159.0,722.0,1096.6230790446116,-15.314704796407966,1143,706,1175,738,636.5
DSCF0005,260,11040,368.0,1193.5,743.5,1059.6492316178446,380.8741180814368,1181,731,1206,756,351.5
DSCF0005,260,11041,368.03333333333336,1209.5,755.5,711.8596926471379,368.34964723257474,1203,746,1216,765,105.5
DSCF0005,264,11059,368.6333333333333,692.5,764.5,0.0,0.0,639,732,746,797,3622.5
DSCF0005,264,11060,368.6666666666667,712.5,731.0,360.0,-603.0,664,692,761,770,3944.5
DSCF0005,264,11061,368.7,766.0,725.0,1107.0,-349.20000000000005,707,684,825,766,5938.0
DSCF0005,264,11062,368.73333333333335,790.0,688.0,874.8,-805.6800000000001,745,632,835,744,4821.5
DSCF0005,264,11063,368.76666666666665,827.0,680.0,1015.9200000000001,-466.27200000000005,779,621,875,739,5935.0
DSCF0005,264,11064,368.8,870.0,659.5,1180.368,-555.5088000000001,825,621,915,698,4207.0
DSCF0005,264,11065,368.8333333333333,911.0,659.5,1210.1471999999999,-222.20352000000003,870,601,952,718,4646.0
DSCF0005,264,11066,368.8666666666667,956.5,662.5,1303.05888,-34.88140800000002,911,604,1002,721,5883.5
DSCF0005,264,11067,368.9,999.5,656.5,1295.223552,-121.95256320000001,966,618,1033,695,2815.5
DSCF0005,264,11068,368.93333333333334,1042.0,675.5,1283.0894208,293.21897472,1006,625,1078,726,3909.0
DSCF0005,264,11069,368.96666666666664,1088.0,665.5,1341.23576832,-62.712410111999986,1056,622,1120,709,3304.5
DSCF0005,264,11070,369.0,1128.0,665.5,1256.494307328,-25.084964044799996,1123,660,1133,671,53.5
DSCF0005,265,11063,368.76666666666665,825.0,612.5,0.0,0.0,817,609,833,616,52.0
DSCF0005,265,11067,368.9,960.5,662.5,609.75,225.0,952,654,969,671,113.5
DSCF0005,265,11068,368.93333333333334,1006.0,672.0,1062.9,261.0,998,661,1014,683,126.0
DSCF0005,265,11069,368.96666666666664,1047.5,670.5,1172.16,77.4,1040,665,1055,676,78.5
DSCF0005,265,11070,369.0,1089.0,696.0,1215.864,489.96,1086,692,1092,700,25.0
DSCF0005,265,11072,369.06666666666666,1171.5,730.5,1180.2110400000001,486.8856,1170,728,1173,733,6.0
DSCF0005,269,11108,370.26666666666665,947.5,765.5,0.0,0.0,936,751,959,780,280.5
DSCF0005,269,11109,370.3,963.5,742.0,288.0,-423.0,953,729,974,755,270.5
DSCF0005,269,11110,370.3333333333333,974.0,728.0,304.2,-421.20000000000005,962,714,986,742,303.0
DSCF0005,269,11111,370.3666666666667,986.0,710.0,337.68,-492.48,979,696,993,724,251.0
DSCF0005,269,11112,370.4,991.0,699.5,225.072,-385.992,983,688,999,711,213.0
DSCF0005,269,11113,370.43333333333334,993.0,689.0,126.0288,-343.3968,981,679,1005,699,198.5
DSCF0005,269,11114,370.46666666666664,1001.5,681.0,203.41152,-281.35872,995,673,1008,689,135.5
DSCF0005,269,11115,370.5,987.5,686.0,-170.635392,-22.54348800000001,984,681,991,691,37.5
DSCF0005,269,11116,370.53333333333336,991.0,667.0,-5.254156800000004,-351.0173952,988,663,994,671,25.5
DSCF0005,269,11117,370.56666666666666,985.5,669.5,-101.10166272000001,-95.40695808000001,981,664,990,675,54.0
DSCF0005,269,11118,370.6,980.5,672.0,-130.440665088,6.837216767999998,975,663,986,681,64.5
DSCF0005,269,11119,370.6333333333333,959.0,686.5,-439.1762660352,263.7348867072,955,682,963,691,14.5
DSCF0005,269,11120,370.6666666666667,944.0,710.0,-445.67050641408,528.49395468288,939,703,949,717,49.0
DSCF0005,269,11121,370.7,944.5,726.5,-169.268202565632,508.39758187315203,917,703,972,750,1308.0
DSCF0005,269,11122,370.73333333333335,917.0,745.5,-562.7072810262528,545.3590327492608,886,719,948,772,1726.0
DSCF0005,269,11123,370.76666666666665,885.0,722.5,-801.0829124105011,-195.85638690029566,853,688,917,757,2356.0
DSCF0005,269,11124,370.8,848.5,754.5,-977.4331649642004,497.6574452398817,813,712,884,797,3497.5
DSCF0005,269,11125,370.8333333333333,807.0,755.5,-1137.9732659856802,217.0629780959527,770,714,844,797,3496.0
DSCF0005,269,11126,370.8666666666667,789.0,747.5,-779.1893063942721,-57.17480876161892,732,698,846,797,4668.5
DSCF0005,269,11127,370.9,731.5,756.0,-1346.675722557709,130.13007649535243,694,715,769,797,3132.0
DSCF0005,269,11128,370.93333333333334,682.5,765.5,-1420.6702890230836,223.05203059814096,662,734,703,797,1101.5
DSCF0005,269,11129,370.96666666666664,653.0,778.5,-1099.2681156092335,323.22081223925636,634,760,672,797,787.5
DSCF0005,269,11130,371.0,600.0,771.5,-1393.7072462436934,3.2883248957025444,554,746,646,797,2383.5
DSCF0005,269,11131,371.03333333333336,578.5,711.0,-944.4828984974773,-1087.684670041719,576,708,581,714,10.0
DSCF0005,270,11110,370.3333333333333,970.0,708.0,0.0,0.0,968,703,972,713,13.0
DSCF0005,270,11114,370.46666666666664,990.0,683.5,90.0,-110.25,988,681,992,686,8.5
DSCF0005,270,11115,370.5,1001.0,678.5,234.0,-134.1,994,668,1008,689,184.5
DSCF0005,270,11116,370.53333333333336,998.5,675.5,48.60000000000001,-107.64,991,666,1006,685,190.5
DSCF0005,270,11117,370.56666666666666,996.0,675.5,-25.559999999999995,-43.056000000000004,986,662,1006,689,308.0
DSCF0005,270,11118,370.6,991.0,694.0,-100.224,315.7776,973,667,1009,721,873.5
DSCF0005,270,11119,370.6333333333333,981.5,696.0,-211.08960000000002,162.31104,960,675,1003,717,911.5
DSCF0005,270,11120,370.6666666666667,967.0,704.0,-345.43584,208.924416,946,678,988,730,1031.5
DSCF0005,270,11121,370.7,918.0,763.0,-1020.174336,1145.5697664,913,760,923,766,28.0
DSCF0005,270,11122,370.73333333333335,879.5,778.5,-1101.0697344,737.2279065600001,874,774,885,783,67.5
DSCF0005,270,11129,370.96666666666664,656.0,748.0,-808.7757260019939,78.2886829274898,649,740,663,756,71.0
DSCF0005,270,11131,371.03333333333336,633.5,734.5,-493.65926136071784,-93.31607414610367,577,700,690,769,4207.0
DSCF0005,270,11134,371.1333333333333,642.5,607.0,-105.94560068087259,-795.2344080233376,635,597,650,617,127.0
DSCF0005,270,11135,371.1666666666667,682.0,575.5,668.621759727651,-885.0937632093351,671,562,693,589,218.5
DSCF0005,270,11136,371.2,734.5,521.5,1212.4487038910604,-1326.037505283734,732,519,737,524,6.0
DSCF0005,270,11137,371.23333333333335,841.5,472.0,2410.979481556424,-1421.4150021134938,839,470,844,474,8.5
DSCF0005,270,11138,371.26666666666665,924.5,455.5,2458.3917926225695,-865.5660008453975,920,453,929,458,24.0
DSCF0005,270,11139,371.3,984.5,427.0,2063.356717049028,-859.226400338159,969,414,1000,440,383.5
DSCF0005,270,11141,371.3666666666667,1109.0,475.5,1863.30841813765,127.17849587826277,1099,469,1119,482,148.5
DSCF0005,270,11142,371.4,1133.5,573.0,1186.32336725506,1805.871398351305,1131,570,1136,576,12.5
DSCF0005,270,11144,371.46666666666664,1179.5,642.5,841.0764122118217,1275.61370340647,1173,638,1186,647,53.5
DSCF0005,270,11145,371.5,1195.0,661.0,615.4305648847287,843.245481362588,1188,642,1202,680,324.0
DSCF0005,270,11146,371.53333333333336,1187.0,699.0,102.17222595389148,1021.2981925450351,1173,679,1201,719,384.5
DSCF0005,271,11115,370.5,995.0,701.5,0.0,0.0,991,697,999,706,38.5
DSCF0005,271,11116,370.53333333333336,986.0,696.0,-162.0,-99.0,979,690,993,702,78.5
DSCF0005,271,11118,370.6,965.0,698.0,-247.32,-17.640000000000008,963,695,967,701,9.0
DSCF0005,271,11119,370.6333333333333,961.0,698.0,-170.928,-7.056000000000004,958,695,964,701,15.5
DSCF0005,271,11127,370.9,833.5,750.5,-319.57673300928,116.77505482944,772,704,895,797,5940.0
DSCF0005,271,11128,370.93333333333334,863.0,722.0,403.16930679628797,-466.289978068224,802,664,924,780,5748.0
DSCF0005,271,11129,370.96666666666664,886.0,705.0,575.2677227185152,-492.51599122728965,822,640,950,770,8613.5
DSCF0005,271,11130,371.0,917.5,675.0,797.107089087406,-737.0063964909159,863,606,972,744,7137.0
DSCF0005,271,11131,371.03333333333336,956.0,661.5,1011.8428356349625,-537.8025585963665,898,589,1014,734,9252.5
DSCF0005,271,11132,371.06666666666666,996.0,650.5,1124.737134253985,-413.12102343854656,950,583,1042,718,5743.5
DSCF0005,271,11133,371.1,1037.5,638.0,1196.894853701594,-390.24840937541865,987,564,1088,712,7260.5
DSCF0005,271,11134,371.1333333333333,1094.0,624.0,1495.7579414806376,-408.09936375016747,1054,579,1134,669,3928.0
DSCF0005,271,11135,371.1666666666667,1139.5,659.5,1417.303176592255,475.760254499933,1097,604,1182,715,5638.5
DSCF0005,271,11136,371.2,1189.0,647.5,1457.9212706369021,-25.69589820002679,1159,617,1219,678,2087.0
DSCF0005,271,11137,371.23333333333335,1220.0,706.0,1141.168508254761,1042.7216407199892,1182,649,1258,763,3136.0
DSCF0005,271,11138,371.26666666666665,1270.0,721.0,1356.4674033019044,687.0886562879957,1241,683,1299,759,2754.5
DSCF0005,272,11130,371.0,855.0,696.0,0.0,0.0,851,692,859,700,31.5
DSCF0005,272,11132,371.06666666666666,935.0,647.0,720.0,-441.0,924,637,946,657,254.5
DSCF0005,272,11133,371.1,979.5,645.0,1089.0,-212.4,976,642,983,648,16.0
DSCF0005,272,11134,371.1333333333333,1042.0,630.0,1560.6,-354.96000000000004,1020,611,1064,649,650.5
DSCF0005,272,11135,371.1666666666667,1089.5,633.5,1479.24,-78.98400000000001,1082,620,1097,647,236.5
DSCF0005,272,11137,371.23333333333335,1186.5,686.0,1405.5264000000002,444.06576,1175,667,1198,705,463.0
DSCF0005,272,11138,371.26666666666665,1229.0,743.5,1327.21056,1212.626304,1226,741,1232,746,15.0
DSCF0005,272,11139,371.3,1289.0,766.5,1610.884224,899.0505215999999,1271,736,1307,797,1348.0
DSCF0005,273,11131,371.03333333333336,589.0,704.0,0.0,0.0,587,701,591,707,9.5
DSCF0005,273,11132,371.06666666666666,630.5,688.5,747.0,-279.0,607,650,654,727,2290.0
DSCF0005,273,11133,371.1,672.5,644.0,1054.8,-912.6,627,610,718,678,3176.0
DSCF0005,273,11134,371.1333333333333,709.5,596.5,1087.92,-1220.04,650,546,769,647,6366.0
DSCF0005,273,11135,371.1666666666667,743.0,575.0,1038.1680000000001,-875.0160000000001,691,509,795,641,5779.0
DSCF0005,273,11135,371.1666666666667,693.5,545.0,0.0,0.0,689,541,698,549,40.0
DSCF0005,273,11136,371.2,781.0,527.5,1099.2672,-1205.0064,734,482,828,573,5435.5
DSCF0005,273,11136,371.2,775.5,473.0,1476.0,-1296.0,772,470,779,476,21.5
DSCF0005,273,11137,371.23333333333335,818.5,474.0,1114.70688,-1445.00256,800,467,837,481,265.5
DSCF0005,273,11137,371.23333333333335,849.5,448.0,1922.4,-968.4,827,432,872,464,554.5
DSCF0005,273,11138,371.26666666666665,875.5,467.0,1471.882752,-704.001024,850,451,901,483,584.0
DSCF0005,273,11138,371.26666666666665,888.0,431.5,1461.96,-684.36,870,418,906,445,362.5
DSCF0005,273,11139,371.3,963.5,471.0,2172.7531008,-209.60040960000003,957,469,970,473,28.5
DSCF0005,273,11139,371.3,979.5,452.5,2231.784,104.25599999999997,972,447,987,458,110.0
DSCF0005,273,11140,371.3333333333333,1023.5,438.5,1949.1012403200002,-668.8401638400001,1012,434,1035,443,85.5
DSCF0005,273,11140,371.3333333333333,1034.0,518.0,1873.7136,1220.7024,1015,509,1053,527,374.0
DSCF0005,273,11141,371.3666666666667,1123.5,463.0,2579.640496128,173.46393446399998,1120,461,1127,465,13.5
DSCF0005,273,11141,371.3666666666667,1082.0,499.0,1613.48544,146.28096,1075,496,1089,502,40.5
DSCF0005,273,11142,371.4,1140.0,542.0,1689.394176,832.512384,1112,508,1168,576,1603.0
DSCF0005,273,11143,371.43333333333334,1184.0,550.5,1467.7576704,486.0049536,1176,543,1192,558,88.0
DSCF0005,278,11134,371.1333333333333,747.0,645.5,0.0,0.0,744,642,750,649,19.0
DSCF0005,278,11135,371.1666666666667,745.5,625.0,-27.0,-369.0,741,623,750,627,16.0
DSCF0005,278,11136,371.2,813.0,598.0,1204.2,-633.6,796,581,830,615,426.5
DSCF0005,278,11137,371.23333333333335,888.0,589.5,1831.68,-406.44000000000005,882,579,894,600,55.0
DSCF0005,278,11138,371.26666666666665,925.5,550.5,1407.672,-864.576,921,547,930,554,35.0
DSCF0005,278,11139,371.3,979.0,522.5,1526.0688,-849.8304,969,517,989,528,90.0
DSCF0005,278,11140,371.3333333333333,1030.5,485.0,1537.4275200000002,-1014.9321600000001,996,465,1065,505,1521.5
DSCF0005,278,11141,371.3666666666667,1086.0,479.0,1613.971008,-513.9728640000001,1080,475,1092,483,59.5
DSCF0005,278,11142,371.4,1110.0,585.0,1077.5884032,1702.4108544,1093,577,1127,593,288.0
DSCF0005,278,11143,371.43333333333334,1138.5,580.0,944.03536128,590.96434176,1126,552,1151,608,781.0
DSCF0005,278,11144,371.46666666666664,1192.0,622.5,1340.614144512,1001.385736704,1183,602,1201,643,320.0
DSCF0005,289,11154,371.8,619.0,772.5,0.0,0.0,574,748,664,797,2807.5
DSCF0005,289,11155,371.8333333333333,670.0,743.0,918.0,-531.0,618,694,722,792,5202.0
DSCF0005,289,11156,371.8666666666667,711.5,730.0,1114.2,-446.4,661,669,762,791,5887.0
DSCF0005,289,11157,371.9,760.5,729.0,1327.68,-196.56,711,674,810,784,6386.0
DSCF0005,289,11158,371.93333333333334,807.0,703.5,1368.0720000000001,-537.624,764,639,850,768,5245.0
DSCF0005,289,11159,371.96666666666664,856.5,695.5,1438.2288,-359.04960000000005,810,624,903,767,7304.0
DSCF0005,289,11160,372.0,910.5,690.0,1547.2915200000002,-242.61984000000004,869,645,952,735,4497.5
DSCF0005,289,11161,372.03333333333336,959.0,715.0,1491.916608,352.95206399999995,921,658,997,772,3591.5
DSCF0005,289,11162,372.06666666666666,1007.0,724.0,1460.7666432,303.1808256,969,669,1045,779,4979.5
DSCF0005,289,11163,372.1,1048.5,728.0,1331.30665728,193.27233024,1019,691,1078,765,2289.0
DSCF0005,289,11164,372.1333333333333,1076.5,760.5,1036.5226629120002,662.308932096,1041,724,1112,797,2850.5
DSCF0005,289,11165,372.1666666666667,1120.0,772.5,1197.6090651648,480.92357283840005,1102,748,1138,797,1437.0
DSCF0005,294,11253,375.1,1021.5,773.0,0.0,0.0,1011,756,1032,790,403.5
DSCF0005,294,11254,375.1333333333333,1025.5,757.5,72.0,-279.0,1014,736,1037,779,651.5
DSCF0005,294,11255,375.1666666666667,1014.5,740.0,-169.2,-426.6,995,716,1034,764,831.5
DSCF0005,294,11256,375.2,1015.5,734.0,-49.67999999999999,-278.64,997,712,1034,756,740.0
DSCF0005,294,11257,375.23333333333335,1013.0,738.0,-64.872,-39.456,995,706,1031,770,1237.0
DSCF0005,294,11258,375.26666666666665,994.5,727.0,-358.9488,-213.7824,967,691,1022,763,1563.5
DSCF0005,294,11259,375.3,992.0,707.5,-188.57952,-436.51296,972,683,1012,732,985.0
DSCF0005,294,11260,375.3333333333333,949.5,739.0,-840.431808,392.394816,947,736,952,742,14.0
DSCF0005,294,11263,375.43333333333334,897.0,760.0,-587.2999057920001,253.13592038400003,870,749,924,771,753.0
DSCF0005,294,11264,375.46666666666664,865.0,768.5,-810.9199623168,254.2543681536,833,750,897,787,1228.5
DSCF0005,294,11265,375.5,837.0,607.5,-828.36798492672,-2796.29825273856,833,604,841,611,24.0
DSCF0005,295,11259,375.3,963.5,722.5,0.0,0.0,961,719,966,726,13.5
DSCF0005,295,11260,375.3333333333333,977.0,729.5,243.0,126.0,953,698,1001,761,1323.0
DSCF0005,295,11261,375.3666666666667,953.5,737.0,-325.8,185.4,926,714,981,760,925.5
DSCF0005,295,11262,375.4,931.5,741.0,-526.32,146.16000000000003,907,723,956,759,903.5
DSCF0005,295,11264,375.46666666666664,796.0,621.0,-1408.9752,-1027.3824,790,613,802,629,88.5
DSCF0005,295,11265,375.5,834.5,567.5,129.40991999999994,-1373.95296,832,565,837,570,11.5
DSCF0005,295,11266,375.53333333333336,912.5,503.0,1455.763968,-1710.5811840000001,904,499,921,507,86.5
DSCF0005,295,11267,375.56666666666666,961.0,474.5,1455.3055872,-1197.2324736,945,468,977,481,245.0
DSCF0005,295,11268,375.6,1008.0,479.5,1428.1222348800002,-388.89298944000006,1006,477,1010,482,7.0
DSCF0005,295,11270,375.6666666666667,1122.5,491.5,1544.6240045568002,-32.00147619840001,1119,488,1126,495,22.5
DSCF0005,295,11272,375.73333333333335,1200.5,545.0,1258.0646416404481,469.979468568576,1187,534,1214,556,166.5
DSCF0005,295,11275,375.8333333333333,1230.0,674.5,584.6129438915052,929.2733478162187,1228,672,1232,677,8.5
DSCF0005,295,11276,375.8666666666667,1222.5,767.0,98.8451775566021,2036.7093391264875,1220,764,1225,770,16.5
DSCF0005,296,11260,375.3333333333333,730.5,763.0,0.0,0.0,671,729,790,797,5198.0
DSCF0005,296,11261,375.3666666666667,747.0,732.0,297.0,-558.0,688,686,806,778,5509.5
DSCF0005,296,11262,375.4,804.0,702.5,1144.8,-754.2,726,656,882,749,7921.0
DSCF0005,296,11262,375.4,730.5,663.0,0.0,0.0,723,658,738,668,76.0
DSCF0005,296,11263,375.43333333333334,838.0,653.5,1069.92,-1183.68,778,593,898,714,8066.5
DSCF0005,296,11264,375.46666666666664,871.0,620.5,1021.9680000000001,-1067.472,811,568,931,673,6722.5
DSCF0005,296,11264,375.46666666666664,801.5,647.0,639.0,-144.0,798,645,805,649,13.0
DSCF0005,296,11265,375.5,913.0,612.5,1164.7872,-570.9888000000001,851,565,975,660,6878.0
DSCF0005,296,11265,375.5,835.0,620.5,858.6,-534.6,825,613,845,628,211.0
DSCF0005,296,11266,375.53333333333336,944.5,580.5,1032.91488,-804.39552,896,517,993,644,5192.0
DSCF0005,296,11267,375.56666666666666,980.5,571.5,1061.165952,-483.758208,936,515,1025,628,4621.0
DSCF0005,296,11267,375.56666666666666,1020.0,573.5,1974.096,-615.456,1016,568,1024,579,32.0
DSCF0005,296,11268,375.6,1025.0,542.0,1225.4663808,-724.5032832,987,509,1063,575,2710.5
DSCF0005,296,11268,375.6,1063.0,579.5,1563.6384,-138.18240000000003,1061,577,1065,582,6.0
DSCF0005,296,11269,375.6333333333333,1038.5,536.0,733.18655232,-397.80131328000004,1034,532,1043,540,33.0
DSCF0005,296,11270,375.6666666666667,1067.0,533.5,806.2746209280001,-204.12052531200004,1045,506,1089,561,1231.0
DSCF0005,296,11270,375.6666666666667,1134.5,534.5,1206.409824,-454.74566400000003,1130,527,1139,542,76.5
DSCF0005,296,11271,375.7,1098.5,550.5,889.5098483712001,224.35178987519998,1077,520,1120,581,1677.0
DSCF0005,296,11271,375.7,1141.0,569.0,599.5639296,439.10173439999994,1111,510,1171,628,3191.5
DSCF0005,296,11272,375.73333333333335,1139.0,561.5,1084.80393934848,287.74071595008,1127,538,1151,585,642.0
DSCF0005,296,11272,375.73333333333335,1179.0,557.5,923.8255718400001,-31.359306240000024,1149,528,1209,587,1616.5
DSCF0005,296,11273,375.76666666666665,1180.0,604.5,1171.921575739392,889.096286380032,1164,573,1196,636,1137.0
DSCF0005,296,11273,375.76666666666665,1213.0,597.0,981.530228736,698.456277504,1188,563,1238,631,1520.5
DSCF0005,296,11274,375.8,1238.0,641.5,1512.7686302957568,1021.6385145520128,1205,606,1271,677,2005.0
DSCF0005,296,11274,375.8,1197.0,661.5,104.61209149440003,1440.3825110016,1189,656,1205,667,104.5
DSCF0005,296,11275,375.8333333333333,1269.5,685.5,1172.1074521183027,1200.655405820805,1246,644,1293,727,1640.5
DSCF0005,296,11275,375.8333333333333,1228.5,700.5,608.84483659776,1278.15300440064,1226,698,1231,703,11.5
DSCF0005,296,11276,375.8666666666667,1263.0,739.0,864.537934639104,1204.261201760256,1245,704,1281,774,1546.5
DSCF0005,296,11277,375.9,1278.0,779.0,615.8151738556417,1201.7044807041025,1260,761,1296,797,686.5
DSCF0005,299,11265,375.5,886.0,553.5,0.0,0.0,882,551,890,556,20.5
DSCF0005,299,11266,375.53333333333336,887.5,554.5,27.0,18.0,864,506,911,603,2089.0
DSCF0005,299,11267,375.56666666666666,930.5,556.5,784.8,43.2,897,497,964,616,2469.0
DSCF0005,299,11268,375.6,987.5,559.5,1339.92,71.28,949,522,1026,597,1649.5
DSCF0005,299,11269,375.6333333333333,1041.5,546.0,1507.968,-214.488,984,474,1099,618,7176.0
DSCF0005,299,11270,375.6666666666667,1112.0,515.5,1872.1872,-634.7952,1077,490,1147,541,1308.0
DSCF0005,305,11540,384.6666666666667,586.0,779.0,0.0,0.0,560,761,612,797,1040.0
DSCF0005,305,11541,384.7,617.5,748.0,567.0,-558.0,586,723,649,773,1816.5
DSCF0005,305,11542,384.73333333333335,668.5,707.5,1144.8,-952.2,619,676,718,739,3316.5
DSCF0005,305,11543,384.76666666666665,699.5,678.5,1015.9200000000001,-902.8800000000001,656,647,743,710,3048.0
DSCF0005,305,11544,384.8,727.0,647.5,901.368,-919.152,690,613,764,682,2479.5
DSCF0005,305,11545,384.8333333333333,785.5,621.5,1413.5472,-835.6608000000001,720,587,851,656,5162.5
DSCF0005,305,11546,384.8666666666667,810.0,576.5,1006.4188800000001,-1144.26432,760,523,860,630,4790.0
DSCF0005,305,11547,384.9,830.0,523.5,762.567552,-1411.705728,826,520,834,527,27.5
DSCF0005,305,11547,384.9,834.0,596.0,0.0,0.0,829,590,839,602,56.0
DSCF0005,305,11548,384.93333333333334,859.0,479.5,827.0270208,-1356.6822912,850,475,868,484,90.5
DSCF0005,305,11548,384.93333333333334,894.0,577.0,1080.0,-342.0,883,571,905,583,120.5
DSCF0005,305,11549,384.96666666666664,935.0,517.5,1698.81080832,141.32708351999997,898,480,972,555,2480.0
DSCF0005,305,11549,384.96666666666664,922.0,570.5,936.0,-253.8,901,550,943,591,1004.0
DSCF0005,305,11549,384.96666666666664,963.5,583.0,0.0,0.0,958,573,969,593,109.0
DSCF0005,305,11550,385.0,987.0,504.5,1615.524323328,-177.46916659200002,951,481,1023,528,1786.0
DSCF0005,305,11550,385.0,971.5,532.0,1265.4,-794.52,965,529,978,535,40.5
DSCF0005,305,11550,385.0,999.5,549.0,648.0,-612.0,988,543,1011,555,148.0
DSCF0005,305,11551,385.03333333333336,1031.5,485.5,1447.2097293312,-412.9876666368,997,465,1066,506,1354.5
DSCF0005,305,11551,385.03333333333336,1048.5,527.0,1892.16,-407.808,1021,510,1076,544,360.5
DSCF0005,305,11551,385.03333333333336,1004.0,530.5,340.2,-577.8,971,496,1037,565,1739.0
DSCF0005,305,11552,385.06666666666666,1081.0,477.0,1469.8838917324802,-318.19506665472,1070,470,1092,484,159.0
DSCF0005,305,11552,385.06666666666666,1104.5,506.0,1764.864,-541.1232,1073,480,1136,532,1430.5
DSCF0005,305,11552,385.06666666666666,1049.5,542.5,955.08,-15.120000000000005,1026,496,1073,589,1766.0
DSCF0005,305,11553,385.1,1145.0,510.0,1739.9535566929922,466.721973338112,1105,484,1185,536,2312.0
DSCF0005,305,11553,385.1,1186.5,501.0,2181.9456,-306.44928000000004,1180,494,1193,508,88.5
DSCF0005,305,11553,385.1,1109.5,520.0,1462.0320000000002,-411.048,1088,495,1131,545,860.0
DSCF0005,305,11554,385.1333333333333,1199.5,553.5,1676.9814226771969,969.6887893352448,1166,516,1233,591,1816.0
DSCF0005,305,11555,385.1666666666667,1254.0,584.0,1651.792569070879,936.8755157340979,1225,546,1283,622,2310.0
DSCF0005,305,11555,385.1666666666667,1213.0,558.5,1457.8315200000002,198.52272,1210,556,1216,561,10.5
DSCF0005,305,11556,385.2,1307.0,620.0,1614.7170276283516,1022.7502062936392,1304,616,1310,624,26.0
DSCF0005,305,11556,385.2,1257.5,693.5,1384.1326080000001,2509.409088,1250,686,1265,701,127.5
DSCF0005,306,11545,384.8333333333333,735.0,585.0,0.0,0.0,727,577,743,593,88.5
DSCF0005,306,11546,384.8666666666667,747.5,624.5,225.0,711.0,741,621,754,628,40.0
DSCF0005,306,11547,384.9,786.5,572.0,792.0,-660.5999999999999,776,553,797,591,286.5
DSCF0005,306,11547,384.9,808.0,767.0,0.0,0.0,751,737,865,797,3952.0
DSCF0005,306,11548,384.93333333333334,892.0,525.0,2215.8,-1110.24,850,489,934,561,3033.0
DSCF0005,306,11548,384.93333333333334,828.5,741.5,369.0,-459.0,762,686,895,797,6785.5
DSCF0005,306,11549,384.96666666666664,925.5,499.5,1489.3200000000002,-903.096,921,496,930,503,29.5
DSCF0005,306,11549,384.96666666666664,858.5,695.5,687.6,-1011.6,795,633,922,758,7508.0
DSCF0005,306,11550,385.0,962.0,474.5,1252.728,-811.2384,941,468,983,481,301.5
DSCF0005,306,11550,385.0,883.5,669.0,725.04,-881.6400000000001,831,627,936,711,4911.5
DSCF0005,306,11551,385.03333333333336,897.0,641.5,533.0160000000001,-847.6560000000001,858,602,936,681,3343.5
DSCF0005,306,11551,385.03333333333336,877.0,678.0,0.0,0.0,874,675,880,681,17.5
DSCF0005,306,11551,385.03333333333336,853.0,626.5,0.0,0.0,845,615,861,638,195.5
DSCF0005,306,11551,385.03333333333336,870.5,588.5,0.0,0.0,866,581,875,596,71.5
DSCF0005,306,11552,385.06666666666666,1062.0,487.0,1350.98208,-179.54582399999998,1058,484,1066,490,24.0
DSCF0005,306,11552,385.06666666666666,909.0,606.5,429.20640000000003,-969.0624,871,578,947,635,2704.5
DSCF0005,306,11552,385.06666666666666,858.0,619.5,90.0,-126.0,851,613,865,626,87.0
DSCF0005,306,11552,385.06666666666666,883.0,571.5,225.0,-306.0,866,539,900,604,946.5
DSCF0005,306,11553,385.1,910.0,579.0,189.68256000000002,-882.6249600000001,882,558,938,600,483.0
DSCF0005,306,11553,385.1,920.5,622.0,1161.0,-5.400000000000006,914,615,927,629,97.5
DSCF0005,306,11553,385.1,942.0,604.5,1152.0,471.6,905,571,979,638,2295.5
DSCF0005,306,11554,385.1333333333333,922.0,576.5,291.873024,-398.04998400000005,908,562,936,591,294.0
DSCF0005,306,11554,385.1333333333333,944.5,643.0,405.0,-210.0,940,638,949,648,50.5
DSCF0005,306,11554,385.1333333333333,947.0,630.0,941.4000000000001,141.84,945,627,949,633,13.0
DSCF0005,306,11554,385.1333333333333,968.5,600.0,937.8,107.64000000000001,938,557,999,643,2456.5
DSCF0005,306,11555,385.1666666666667,1046.5,522.5,344.7181939200001,154.827153024,1044,520,1049,525,8.5
DSCF0005,306,11555,385.1666666666667,958.0,570.5,764.7492096,-267.21999360000007,944,555,972,586,386.0
DSCF0005,306,11555,385.1666666666667,1002.0,565.5,1366.56,-1104.264,971,541,1033,590,1707.5
DSCF0005,306,11555,385.1666666666667,981.5,586.0,609.12,-208.944,974,581,989,591,87.0
DSCF0005,306,11556,385.2,1056.0,538.5,308.88727756800006,349.93086120960004,1050,535,1062,542,44.0
DSCF0005,306,11556,385.2,1035.5,576.0,1700.89968384,-7.887997440000035,1003,547,1068,605,1666.0
DSCF0005,306,11556,385.2,1045.5,623.5,1054.8,-251.10000000000002,1039,609,1052,638,147.0
DSCF0005,306,11556,385.2,1057.5,555.5,1545.624,-621.7056,1055,552,1060,559,16.5
DSCF0005,306,11556,385.2,1003.5,591.5,639.648,15.422399999999996,983,558,1024,625,1156.5
DSCF0005,306,11557,385.23333333333335,1082.0,552.5,591.5549110272,391.97234448384006,1076,547,1088,558,72.5
DSCF0005,306,11557,385.23333333333335,1021.5,638.5,428.3598735360001,1121.844801024,1018,634,1025,643,28.5
DSCF0005,306,11557,385.23333333333335,1069.0,607.0,844.9200000000001,-397.44,1031,563,1107,651,3429.0
DSCF0005,306,11557,385.23333333333335,1026.0,602.0,660.8592,195.16896,1014,572,1038,632,588.0
DSCF0005,306,11558,385.26666666666665,1073.0,617.0,74.62196441088,1317.788937793536,1063,602,1083,632,317.0
DSCF0005,306,11558,385.26666666666665,1111.0,618.5,1093.968,48.024,1079,579,1143,658,2518.0
DSCF0005,306,11558,385.26666666666665,1060.0,606.0,876.34368,150.067584,1058,604,1062,608,7.0
DSCF0005,306,11559,385.3,1090.5,640.5,344.848785764352,950.1155751174144,1085,635,1096,646,61.5
DSCF0005,306,11559,385.3,1121.5,661.5,626.5872,793.2096,1083,611,1160,712,4064.0
DSCF0005,306,11560,385.3333333333333,1147.0,710.0,1154.9395143057409,1631.0462300469658,1145,707,1149,713,13.0
DSCF0005,306,11560,385.3333333333333,1147.5,719.0,894.7885990256641,846.4777155317761,1145,714,1150,724,18.0
DSCF0005,306,11560,385.3333333333333,1159.5,682.5,934.6348800000001,695.28384,1139,650,1180,715,1806.5
DSCF0005,306,11561,385.3666666666667,1167.5,724.5,717.9154396102656,437.5910862127105,1141,690,1194,759,2200.0
DSCF0005,306,11562,385.4,1190.5,769.0,701.1661758441062,976.0364344850842,1169,743,1212,795,1295.0
DSCF0005,320,11584,386.1333333333333,559.5,779.0,0.0,0.0,533,766,586,792,827.0
DSCF0005,320,11585,386.1666666666667,605.5,774.0,828.0,-90.0,574,759,637,789,1296.0
DSCF0005,320,11586,386.2,646.5,748.5,1069.2,-495.0,614,718,679,779,2004.5
DSCF0005,320,11587,386.23333333333335,693.5,751.5,1273.68,-144.0,659,725,728,778,2079.5
DSCF0005,320,11588,386.26666666666665,741.0,764.5,1364.472,176.4,702,732,780,797,2916.0
DSCF0005,320,11589,386.3,782.0,731.0,1283.7888,-532.44,744,693,820,769,2687.5
DSCF0005,320,11590,386.3333333333333,823.5,750.0,1260.51552,129.02399999999997,784,703,863,797,3847.0
DSCF0005,320,11591,386.3666666666667,872.0,760.0,1377.206208,231.6096,837,725,907,795,2742.5
DSCF0005,320,11592,386.4,915.5,747.0,1333.8824832,-141.35616,883,717,948,777,2210.0
DSCF0005,320,11593,386.43333333333334,959.5,759.5,1325.55299328,168.457536,932,728,987,791,1983.5
DSCF0005,320,11594,386.46666666666664,995.5,757.5,1178.2211973120002,31.383014400000008,971,736,1020,779,1182.0
DSCF0005,320,11595,386.5,1027.0,775.5,1038.2884789248,336.55320576,1006,754,1048,797,1261.0
DSCF0005,321,11610,387.0,766.5,776.0,0.0,0.0,731,755,802,797,1512.5
DSCF0005,321,11611,387.03333333333336,830.5,756.0,1152.0,-360.0,748,715,913,797,7144.5
DSCF0005,321,11612,387.06666666666666,881.0,739.0,1369.8,-450.0,822,690,940,788,6755.0
DSCF0005,321,11613,387.1,918.5,699.0,1222.92,-900.0,873,635,964,763,6953.5
DSCF0005,321,11614,387.1333333333333,979.0,688.0,1578.1680000000001,-558.0,928,621,1030,755,7438.5
DSCF0005,321,11615,387.1666666666667,1014.0,676.5,1261.2672000000002,-430.20000000000005,978,619,1050,734,3827.0
DSCF0005,321,11616,387.2,1059.0,666.0,1314.5068800000001,-361.08000000000004,1018,606,1100,726,4290.0
DSCF0005,321,11617,387.23333333333335,1098.5,642.5,1236.802752,-567.432,1067,616,1130,669,1830.0
DSCF0005,324,11615,387.1666666666667,968.0,672.5,0.0,0.0,965,669,971,676,18.0
DSCF0005,324,11616,387.2,1055.5,619.5,1575.0,-954.0,1053,617,1058,622,11.0
DSCF0005,324,11617,387.23333333333335,1062.0,655.5,747.0,266.4,1049,644,1075,667,123.5
DSCF0005,324,11618,387.26666666666665,1106.5,667.5,1099.8,322.56,1101,662,1112,673,46.0
DSCF0005,324,11619,387.3,1169.5,666.0,1573.92,102.024,1152,641,1187,691,1035.5
DSCF0005,324,11620,387.3333333333333,1196.5,694.5,1115.5680000000002,553.8096,1180,674,1213,715,672.0
DSCF0005,324,11621,387.3666666666667,1216.5,724.0,806.2272,752.5238400000001,1207,708,1226,740,368.0
DSCF0005,324,11622,387.4,1227.5,764.5,520.4908800000001,1030.009536,1222,745,1233,784,237.0
DSCF0005,326,11638,387.93333333333334,779.5,765.5,0.0,0.0,726,734,833,797,3965.5
DSCF0005,326,11639,387.96666666666664,839.0,735.0,1071.0,-549.0,789,675,889,795,7474.5
DSCF0005,326,11640,388.0,901.5,719.5,1553.4,-498.6,857,668,946,771,5275.5
DSCF0005,326,11640,388.0,877.0,688.5,0.0,0.0,874,686,880,691,15.0
DSCF0005,326,11641,388.03333333333336,954.5,696.5,1575.3600000000001,-613.44,919,653,990,740,3651.5
DSCF0005,326,11641,388.03333333333336,968.5,749.5,1647.0,1098.0,962,743,975,756,98.0
DSCF0005,326,11642,388.06666666666666,1006.0,684.0,1557.1440000000002,-470.37600000000003,971,645,1041,723,2819.0
DSCF0005,326,11643,388.1,1053.5,673.0,1477.8576000000003,-386.1504,1030,647,1077,699,1128.5
DSCF0005,326,11643,388.1,1016.5,671.5,1024.92,-306.71999999999997,1012,667,1021,676,38.0
DSCF0005,326,11644,388.1333333333333,1093.5,663.5,1311.1430400000002,-325.46016,1071,639,1116,688,1004.5
DSCF0005,326,11644,388.1333333333333,1108.0,694.5,2056.968,291.312,1106,692,1110,697,8.5
DSCF0005,326,11645,388.1666666666667,1123.0,654.5,1055.4572160000002,-292.18406400000003,1110,641,1136,668,320.5
DSCF0005,326,11645,388.1666666666667,1102.0,666.0,714.7872,-396.4752,1099,664,1105,668,11.5
DSCF0005,326,11646,388.2,1137.0,683.0,674.1828864000001,396.1263744,1134,680,1140,686,17.5
DSCF0005,326,11646,388.2,1143.5,664.5,1032.91488,-185.59008,1131,653,1156,676,295.0
DSCF0005,326,11647,388.23333333333335,1148.0,679.0,467.67315456000006,86.45054976,1144,671,1152,687,73.5
DSCF0005,326,11648,388.26666666666665,1157.5,699.0,358.069261824,394.580219904,1153,694,1162,704,46.5
DSCF0005,326,11648,388.26666666666665,1170.0,699.5,610.3493568000001,248.18757119999998,1167,694,1173,705,39.0
DSCF0005,326,11649,388.3,1172.0,712.5,404.2277047296,400.8320879616,1167,704,1177,721,111.5
DSCF0005,326,11649,388.3,1134.5,746.5,-394.8602572799999,945.27502848,1131,744,1138,749,17.5
DSCF0005,326,11650,388.3333333333333,1175.0,722.5,215.69108189184,340.33283518464,1173,720,1177,725,8.5
DSCF0005,326,11650,388.3333333333333,1175.0,749.0,571.055897088,423.110011392,1171,742,1179,756,66.5
DSCF0005,326,11651,388.3666666666667,1171.5,773.0,165.42235883520004,601.2440045568001,1167,760,1176,786,110.5
DSCF0005,378,11722,390.73333333333335,837.0,747.0,0.0,0.0,817,703,857,791,2092.5
DSCF0005,378,11726,390.8666666666667,770.5,719.0,-299.25,-126.0,737,671,804,767,2836.5
DSCF0005,378,11727,390.9,737.5,720.0,-713.7,-32.400000000000006,696,673,779,767,4044.5
DSCF0005,378,11728,390.93333333333334,699.5,745.5,-969.48,446.04,655,694,744,797,4696.5
DSCF0005,378,11729,390.96666666666664,657.5,747.5,-1143.792,214.41600000000003,611,702,704,793,5049.5
DSCF0005,378,11730,391.0,620.5,773.0,-1123.5167999999999,544.7664,585,749,656,797,2305.5
DSCF0005,382,11729,390.96666666666664,693.0,776.0,0.0,0.0,691,772,695,780,9.5
DSCF0005,382,11734,391.1333333333333,859.0,775.5,597.6,-1.7999999999999998,821,754,897,797,2246.0
DSCF0005,382,11735,391.1666666666667,890.5,755.0,806.04,-369.72,846,717,935,793,3301.0
DSCF0005,382,11736,391.2,937.0,713.5,1159.416,-894.888,909,681,965,746,1442.5
DSCF0005,382,11737,391.23333333333335,974.5,675.0,1138.7664,-1050.9552,962,645,987,705,798.0
DSCF0005,382,11738,391.26666666666665,990.0,636.5,734.50656,-1113.38208,977,612,1003,661,884.5
DSCF0005,382,11738,391.26666666666665,954.0,577.0,0.0,0.0,950,573,958,581,37.0
DSCF0005,382,11739,391.3,1002.5,605.0,518.802624,-1012.352832,993,581,1012,629,464.0
DSCF0005,382,11739,391.3,979.5,586.5,459.0,171.0,977,585,982,588,6.0
DSCF0005,382,11740,391.3333333333333,989.0,563.0,354.6,-354.6,955,510,1023,616,2923.5
DSCF0005,382,11741,391.3666666666667,944.0,529.0,-339.73105535999997,-1048.4470195200001,941,527,947,531,10.0
DSCF0005,382,11741,391.3666666666667,994.5,565.5,240.84,-96.84,983,547,1006,584,475.5
DSCF0005,382,11742,391.4,974.5,531.0,413.10757785600003,-383.3788078080001,968,529,981,533,31.5
DSCF0005,382,11742,391.4,990.5,552.0,24.336000000000013,-281.736,968,536,1013,568,945.5
DSCF0005,382,11743,391.43333333333334,922.5,504.0,-770.7569688576,-639.3515231232001,910,500,935,508,108.0
DSCF0005,382,11743,391.43333333333334,919.5,560.0,-1268.2656,31.3056,883,507,956,613,1805.5
DSCF0005,382,11744,391.46666666666664,895.0,555.5,-948.30624,-68.47776,858,500,932,611,2626.0
DSCF0005,382,11745,391.5,844.0,564.0,-983.972508788736,309.833451675648,841,562,847,566,10.0
DSCF0005,382,11745,391.5,850.0,552.5,-1189.322496,-81.391104,840,546,860,559,109.0
DSCF0005,382,11746,391.53333333333336,798.5,577.5,-1212.5890035154944,366.9333806702592,791,573,806,582,79.5
DSCF0005,384,11738,391.26666666666665,961.0,658.0,0.0,0.0,954,649,968,667,122.0
DSCF0005,384,11738,391.26666666666665,966.5,640.0,0.0,0.0,960,631,973,649,124.0
DSCF0005,384,11742,391.4,992.5,576.5,117.0,-285.75,989,572,996,581,32.5
DSCF0005,384,11743,391.43333333333334,961.0,617.0,0.0,-147.6,949,601,973,633,343.0
DSCF0005,384,11743,391.43333333333334,970.0,565.0,-358.2,-321.3,942,531,998,599,1562.0
DSCF0005,384,11744,391.46666666666664,954.5,618.0,-117.0,-41.04,945,603,964,633,275.5
DSCF0005,384,11744,391.46666666666664,947.0,566.0,-557.28,-110.52000000000001,920,530,974,602,2123.5
DSCF0005,384,11745,391.5,936.0,633.5,-379.8,262.584,934,630,938,637,14.5
DSCF0005,384,11745,391.5,913.0,598.0,-834.912,531.792,882,546,944,650,3556.0
DSCF0005,384,11746,391.53333333333336,860.5,618.5,-1278.9648,581.7168,817,569,904,668,4864.5
DSCF0005,384,11747,391.56666666666666,834.5,650.5,-979.58592,808.68672,780,592,889,709,8279.5
DSCF0005,384,11748,391.6,776.0,693.5,-1444.834368,1097.474688,727,645,825,742,5907.5
DSCF0005,384,11749,391.6333333333333,719.0,744.5,-1603.9337472000002,1356.9898752,653,692,785,797,9624.0
DSCF0005,384,11750,391.6666666666667,678.5,780.0,-1370.57349888,1181.79595008,639,763,718,797,1615.5
DSCF0005,384,11756,391.8666666666667,817.0,765.5,-247.6985013472647,252.62295180608737,791,743,843,788,1442.5
DSCF0005,384,11757,391.9,838.0,747.0,278.9205994610941,-231.95081927756505,813,724,863,770,1180.0
DSCF0005,384,11758,391.93333333333334,870.0,728.0,687.5682397844377,-434.780327711026,844,707,896,749,1130.5
DSCF0005,384,11759,391.96666666666664,888.0,709.5,599.0272959137751,-506.9121310844104,867,690,909,729,821.5
DSCF0005,384,11760,392.0,909.5,688.5,626.6109183655101,-580.7648524337642,891,673,928,704,535.5
DSCF0005,384,11761,392.03333333333336,939.0,671.0,781.644367346204,-547.3059409735057,921,658,957,684,527.0
DSCF0005,384,11762,392.06666666666666,949.5,658.5,501.65774693848164,-443.9223763894023,933,642,966,675,446.0
DSCF0005,384,11763,392.1,965.0,644.5,479.66309877539265,-429.5689505557609,950,632,980,657,293.5
DSCF0005,384,11764,392.1333333333333,984.0,632.5,533.865239510157,-387.8275802223044,974,621,994,644,259.0
DSCF0005,384,11765,392.1666666666667,991.5,627.0,348.5460958040628,-254.13103208892176,979,616,1004,638,260.0
DSCF0005,384,11766,392.2,1003.5,617.5,355.4184383216251,-272.6524128355687,996,610,1011,625,139.0
DSCF0005,384,11767,392.23333333333335,1010.0,615.5,259.16737532865005,-145.0609651342275,1000,600,1020,631,346.0
DSCF0005,384,11769,392.3,1005.5,615.5,52.80025511831403,-52.22194744832191,996,600,1015,631,349.5
DSCF0005,384,11770,392.3333333333333,1000.0,647.5,-77.87989795267438,555.1112210206712,983,607,1017,688,1328.0
DSCF0005,384,11771,392.3666666666667,972.0,683.0,-535.1519591810697,861.0444884082685,969,680,975,686,17.5
DSCF0005,384,11772,392.4,962.5,679.5,-385.0607836724279,281.41779536330745,932,628,993,731,3015.5
DSCF0005,384,11773,392.43333333333334,923.5,687.0,-856.0243134689712,247.56711814532298,880,657,967,717,2721.5
DSCF0005,384,11774,392.46666666666664,904.0,724.5,-693.4097253875884,774.0268472581292,869,681,939,768,3609.0
DSCF0005,384,11775,392.5,854.5,760.5,-1168.3638901550353,957.6107389032518,806,724,903,797,4265.5
DSCF0005,384,11776,392.53333333333336,817.5,764.5,-1133.345556062014,455.0442955613007,770,732,865,797,4082.0
DSCF0005,390,11765,392.1666666666667,990.5,598.0,0.0,0.0,988,596,993,600,6.0
DSCF0005,390,11766,392.2,993.5,615.0,54.0,306.0,990,610,997,620,26.0
DSCF0005,390,11767,392.23333333333335,990.5,642.0,-32.4,608.4,986,636,995,648,45.5
DSCF0005,390,11770,392.3333333333333,997.0,775.5,28.5024,998.1216,959,754,1035,797,1673.0
DSCF0005,390,11771,392.3666666666667,1007.0,759.0,191.40096,102.24864000000002,988,733,1026,785,1253.0
DSCF0005,390,11772,392.4,1020.5,732.0,319.560384,-445.100544,1004,709,1037,755,730.0
DSCF0005,390,11773,392.43333333333334,1037.0,709.5,424.8241536,-583.0402176,1022,692,1052,727,408.5
DSCF0005,390,11774,392.46666666666664,1054.0,692.5,475.92966144,-539.21608704,1043,674,1065,711,462.0
DSCF0005,390,11775,392.5,1063.0,670.5,352.371864576,-611.686434816,1047,634,1079,707,1193.5
DSCF0005,390,11776,392.53333333333336,1065.0,661.0,176.94874583040001,-415.6745739264,1045,631,1085,691,1185.5
DSCF0005,390,11777,392.56666666666666,1066.5,612.0,97.77949833216,-1048.26982957056,1064,610,1069,614,7.5
DSCF0005,390,11778,392.6,1010.0,668.0,-977.888200667136,588.692068171776,999,657,1021,679,254.0
DSCF0005,390,11779,392.6333333333333,978.5,666.5,-958.1552802668543,208.4768272687104,969,659,988,674,93.0
DSCF0005,390,11781,392.7,920.0,693.0,-871.4359008960676,313.55165781673577,862,632,978,754,6627.0
DSCF0005,390,11782,392.73333333333335,870.5,715.0,-1239.574360358427,521.4206631266943,812,636,929,794,11113.0
DSCF0005,390,11783,392.76666666666665,806.0,745.0,-1656.8297441433708,748.5682652506778,747,693,865,797,7147.0
DSCF0005,390,11784,392.8,752.0,759.0,-1634.7318976573483,551.4273061002712,694,721,810,797,6129.0
DSCF0005,391,11767,392.23333333333335,988.0,652.5,0.0,0.0,986,650,990,655,7.0
DSCF0005,391,11768,392.26666666666665,976.5,644.0,-207.0,-153.0,973,641,980,647,20.0
DSCF0005,391,11770,392.3333333333333,976.5,641.5,-74.52000000000001,-77.58000000000001,971,633,982,650,62.5
DSCF0005,391,11771,392.3666666666667,977.0,637.0,-20.808000000000007,-112.03200000000001,951,610,1003,664,1402.5
DSCF0005,391,11775,392.5,1042.5,662.0,288.6823872,79.83146879999998,1030,634,1055,690,551.5
DSCF0005,391,11776,392.53333333333336,1039.0,666.5,52.47295488,112.93258752,1028,643,1050,690,479.0
DSCF0005,391,11777,392.56666666666666,1053.5,671.0,281.989181952,126.173035008,1019,615,1088,727,2953.0
DSCF0005,391,11778,392.6,1043.0,652.5,-76.20432721919998,-282.5307859968,1015,602,1071,703,2586.5
DSCF0005,391,11779,392.6333333333333,1008.0,668.5,-660.48173088768,174.98768560128002,965,608,1051,729,4948.0
DSCF0005,391,11780,392.6666666666667,975.0,673.0,-858.192692355072,150.995074240512,934,607,1016,739,5614.5
DSCF0005,419,11916,397.2,1187.0,136.5,0.0,0.0,1184,135,1190,138,8.0
DSCF0005,419,11917,397.23333333333335,1072.0,246.5,-2070.0,1980.0,1070,244,1074,249,7.0
DSCF0005,419,11918,397.26666666666665,959.5,381.5,-2853.0,3222.0,949,370,970,393,241.5
DSCF0005,419,11919,397.3,920.0,537.0,-1852.2,4087.8,895,499,945,575,1610.0
DSCF0005,419,11920,397.3333333333333,880.0,653.5,-1460.88,3732.12,837,593,923,714,5417.5
DSCF0005,419,11921,397.3666666666667,840.0,742.5,-1304.352,3094.848,798,695,882,790,4310.5
DSCF0005,432,11948,398.26666666666665,628.5,748.0,0.0,0.0,592,711,665,785,2546.5
DSCF0005,432,11949,398.3,686.0,721.0,1035.0,-486.0,637,688,735,754,3609.5
DSCF0005,432,11950,398.3333333333333,747.0,691.0,1512.0,-734.4,691,653,803,729,5048.5
DSCF0005,432,11951,398.3666666666667,780.5,646.5,1207.8000000000002,-1094.76,743,597,818,696,3936.5
DSCF0005,432,11952,398.4,829.0,620.0,1356.1200000000001,-914.904,791,576,867,664,3611.5
DSCF0005,432,11953,398.43333333333334,877.0,622.0,1406.448,-329.96160000000003,842,580,912,664,3558.5
DSCF0005,432,11954,398.46666666666664,924.5,601.0,1417.5792000000001,-509.98464,889,569,960,633,2494.5
DSCF0005,432,11955,398.5,961.5,601.5,1233.03168,-194.99385600000002,929,561,994,642,2515.0
DSCF0005,432,11956,398.53333333333336,982.0,585.5,862.2126720000001,-365.99754240000004,975,582,989,589,61.5
DSCF0005,432,11957,398.56666666666666,1015.5,594.0,947.8850688,6.6009830399999885,998,562,1033,626,758.5
DSCF0005,432,11958,398.6,1048.0,587.5,964.15402752,-114.35960678400001,1043,579,1053,596,72.5
DSCF0005,434,11953,398.43333333333334,834.5,565.0,0.0,0.0,829,561,840,569,33.0
DSCF0005,434,11954,398.46666666666664,928.0,552.5,1683.0,-225.0,923,549,933,556,34.0
DSCF0005,434,11955,398.5,976.0,555.5,1537.2,-36.0,973,553,979,558,15.0
DSCF0005,434,11955,398.5,968.5,550.5,0.0,0.0,965,547,972,554,18.5
DSCF0005,434,11955,398.5,964.5,531.0,0.0,0.0,952,526,977,536,146.5
DSCF0005,434,11956,398.53333333333336,1004.0,566.0,1118.88,174.6,977,543,1031,589,1540.0
DSCF0005,434,11956,398.53333333333336,958.5,572.0,-180.0,387.0,953,568,964,576,36.0
DSCF0005,434,11956,398.53333333333336,1008.5,534.5,792.0,63.0,1002,530,1015,539,63.0
DSCF0005,434,11957,398.56666666666666,1048.0,576.0,1239.5520000000001,249.84,1021,559,1075,593,1010.5
DSCF0005,434,11957,398.56666666666666,1055.5,615.5,1674.0,937.8,1054,613,1057,618,6.0
DSCF0005,434,11957,398.56666666666666,1044.5,535.0,964.8,34.2,1025,519,1064,551,515.5
DSCF0005,434,11958,398.6,1085.5,596.5,1170.8208,468.93600000000004,1061,572,1110,621,1505.5
DSCF0005,434,11958,398.6,1097.0,630.0,1416.6,636.12,1094,627,1100,633,14.0
DSCF0005,434,11958,398.6,1052.5,601.5,529.9200000000001,1210.68,1045,598,1060,605,48.0
DSCF0005,434,11959,398.6333333333333,1117.5,611.0,1044.32832,448.5744,1097,580,1138,642,1306.5
DSCF0005,434,11960,398.6666666666667,1142.5,646.5,867.7313280000001,818.42976,1118,613,1167,680,1693.0
DSCF0005,434,11961,398.7,1169.0,668.0,824.0925312,714.3719040000001,1154,643,1184,693,942.0
DSCF0005,434,11961,398.7,1190.5,662.5,1019.9784000000001,401.10288,1187,660,1194,665,12.0
DSCF0005,434,11962,398.73333333333335,1187.0,702.5,653.6370124800001,906.7487616000001,1176,681,1198,724,542.5
DSCF0005,434,11962,398.73333333333335,1173.5,720.5,101.99136000000004,1204.441152,1171,717,1176,724,20.5
DSCF0005,434,11962,398.73333333333335,1167.5,707.5,672.024672,830.0342880000001,1165,705,1170,710,9.5
DSCF0005,434,11963,398.76666666666665,1192.0,750.0,709.8098688,1097.0137152,1173,728,1211,772,1004.5
DSCF0005,434,11964,398.8,1209.0,780.0,589.92394752,978.80548608,1202,763,1216,797,325.0
DSCF0005,446,12242,408.06666666666666,556.5,775.0,0.0,0.0,534,756,579,794,993.5
DSCF0005,446,12243,408.1,614.5,743.0,1044.0,-576.0,568,706,661,780,3157.5
DSCF0005,446,12244,408.1333333333333,658.0,713.5,1200.6,-761.4,608,659,708,768,5549.0
DSCF0005,446,12245,408.1666666666667,703.0,693.5,1290.24,-664.56,656,633,750,754,6218.5
DSCF0005,446,12246,408.2,766.0,676.5,1650.096,-571.8240000000001,718,624,814,729,5291.5
DSCF0005,446,12247,408.23333333333335,822.5,673.5,1677.0384,-282.7296,779,621,866,726,5515.5
DSCF0005,446,12248,408.26666666666665,885.5,644.5,1804.81536,-635.09184,845,603,926,686,4155.0
DSCF0005,446,12249,408.3,943.0,663.5,1756.926144,87.96326399999998,901,612,985,715,5097.5
DSCF0005,446,12250,408.3333333333333,1002.5,661.0,1773.7704576,-9.814694400000008,969,622,1036,700,2336.5
DSCF0005,446,12251,408.3666666666667,1055.5,691.5,1663.50818304,545.07412224,1024,657,1087,726,2229.5
DSCF0005,446,12252,408.4,1102.5,703.5,1511.403273216,434.029648896,1079,677,1126,730,1531.0
DSCF0005,446,12253,408.43333333333334,1137.5,736.0,1234.5613092864,758.6118595584,1116,708,1159,764,955.0
DSCF0005,446,12254,408.46666666666664,1166.5,774.0,1015.82452371456,987.4447438233601,1151,751,1182,797,879.5
DSCF0005,449,12263,408.76666666666665,648.5,753.5,0.0,0.0,596,710,701,797,4614.5
DSCF0005,449,12264,408.8,699.5,728.0,918.0,-459.0,638,659,761,797,9220.0
DSCF0005,449,12265,408.8333333333333,760.5,693.5,1465.2,-804.6,689,612,832,775,11649.5
DSCF0005,449,12266,408.8666666666667,807.5,668.0,1432.08,-780.84,753,583,862,753,9391.5
DSCF0005,449,12267,408.9,860.0,658.5,1517.8319999999999,-483.336,801,591,919,726,9268.5
DSCF0005,449,12267,408.9,806.5,614.0,0.0,0.0,803,611,810,617,15.5
DSCF0005,449,12268,408.93333333333334,922.0,638.5,1723.1327999999999,-553.3344,870,576,974,701,6702.5
DSCF0005,449,12268,408.93333333333334,895.5,571.0,1602.0,-774.0,893,568,898,574,15.5
DSCF0005,449,12269,408.96666666666664,974.5,638.0,1634.2531199999999,-230.33375999999998,931,571,1018,705,6476.5
DSCF0005,449,12269,408.96666666666664,946.0,569.5,1549.8000000000002,-336.6,929,553,963,586,650.5
DSCF0005,449,12270,409.0,1028.5,616.0,1625.7012479999999,-488.133504,990,572,1067,660,3929.5
DSCF0005,449,12270,409.0,1026.0,546.5,2059.92,-548.64,1023,543,1029,550,18.0
DSCF0005,449,12271,409.03333333333336,1092.5,585.0,1802.2804992000001,-753.2534016,1079,578,1106,592,227.5
DSCF0005,449,12271,409.03333333333336,1072.0,561.0,1651.968,41.54399999999998,1068,559,1076,563,15.0
DSCF0005,449,12272,409.06666666666666,1150.5,597.0,1764.91219968,-85.30136063999998,1148,595,1153,599,7.0
DSCF0005,449,12272,409.06666666666666,1120.5,588.5,1533.7872000000002,511.6176,1114,584,1127,593,63.5
DSCF0005,451,12268,408.93333333333334,900.5,579.5,0.0,0.0,894,577,907,582,34.0
DSCF0005,451,12269,408.96666666666664,915.5,623.5,270.0,792.0,906,614,925,633,201.5
DSCF0005,451,12271,409.03333333333336,1037.0,682.0,1190.7,811.6200000000001,1034,680,1040,684,9.0
DSCF0005,451,12271,409.03333333333336,1083.5,640.5,0.0,0.0,1050,587,1117,694,3330.0
DSCF0005,451,12272,409.06666666666666,1095.0,681.0,1520.28,306.6480000000001,1092,676,1098,686,31.0
DSCF0005,451,12272,409.06666666666666,1080.5,626.0,-54.0,-261.0,1078,624,1083,628,7.0
DSCF0005,451,12273,409.1,1136.0,663.0,1346.112,-201.34079999999994,1133,660,1139,666,10.5
DSCF0005,451,12273,409.1,1129.0,646.0,851.4,255.6,1122,640,1136,652,70.0
DSCF0005,451,12274,409.1333333333333,1183.5,693.0,1393.4448000000002,459.46368,1147,651,1220,735,2367.5
DSCF0005,451,12274,409.1333333333333,1157.5,680.5,853.56,723.24,1155,677,1160,684,15.5
DSCF0005,451,12275,409.1666666666667,1227.0,712.5,1340.3779200000001,534.785472,1211,687,1243,738,1055.0
DSCF0005,451,12275,409.1666666666667,1187.5,724.5,881.424,1081.296,1182,719,1193,730,48.5
DSCF0005,451,12276,409.2,1242.0,756.5,1333.5696,1008.5184,1230,727,1254,786,644.5
DSCF0005,460,12421,414.03333333333336,721.5,778.5,0.0,0.0,691,760,752,797,1361.5
DSCF0005,460,12422,414.06666666666666,766.5,761.5,810.0,-306.0,731,726,802,797,2922.0
DSCF0005,460,12423,414.1,818.0,761.0,1251.0,-131.4,775,725,861,797,3844.5
DSCF0005,460,12424,414.1333333333333,863.5,761.0,1319.4,-52.56,825,725,902,797,3260.5
DSCF0005,460,12425,414.1666666666667,905.0,756.0,1274.7600000000002,-111.024,871,715,939,797,3511.0
DSCF0005,460,12426,414.2,953.0,757.5,1373.904,-17.409600000000005,924,727,982,788,2124.5
DSCF0005,460,12427,414.23333333333335,994.0,764.0,1287.5616,110.03616,966,731,1022,797,2080.0
DSCF0005,460,12428,414.26666666666665,1032.0,772.5,1199.02464,197.014464,1009,748,1055,797,1405.0
DSCF0005,465,12652,421.73333333333335,695.5,773.0,0.0,0.0,663,749,728,797,1818.0
DSCF0005,465,12653,421.76666666666665,743.5,768.0,864.0,-90.0,708,739,779,797,2710.5
DSCF0005,465,12654,421.8,786.0,754.5,1110.6,-279.0,750,712,822,797,3448.5
DSCF0005,465,12655,421.8333333333333,832.5,752.5,1281.24,-147.60000000000002,796,708,869,797,4059.0
DSCF0005,465,12656,421.8666666666667,874.0,761.0,1259.496,93.95999999999998,842,725,906,797,2629.5
DSCF0005,465,12657,421.9,914.5,763.0,1232.7984000000001,73.584,885,729,944,797,2534.5
DSCF0005,465,12658,421.93333333333334,955.0,769.0,1222.1193600000001,137.4336,932,741,978,797,1555.0
DSCF0005,465,12659,421.96666666666664,991.0,778.0,1136.8477440000001,216.97344,967,759,1015,797,1089.0
DSCF0005,465,12662,422.06666666666666,949.0,707.5,116.33866905600007,-352.70060544,945,705,953,710,21.5
DSCF0005,467,12657,421.9,744.0,780.0,0.0,0.0,715,763,773,797,1281.5
DSCF0005,467,12658,421.93333333333334,781.0,761.0,666.0,-342.0,750,725,812,797,2544.0
DSCF0005,467,12659,421.96666666666664,826.0,753.5,1076.4,-271.8,785,710,867,797,3872.0
DSCF0005,467,12660,422.0,860.0,755.5,1042.56,-72.72000000000001,822,717,898,794,3004.0
DSCF0005,467,12661,422.03333333333336,895.5,740.5,1056.024,-299.088,864,705,927,776,1964.0
DSCF0005,467,12662,422.06666666666666,933.0,748.0,1097.4096,15.364799999999988,904,709,962,787,2359.0
DSCF0005,467,12663,422.1,973.5,737.5,1167.96384,-182.85408,946,708,1001,767,1676.0
DSCF0005,467,12664,422.1333333333333,1006.5,758.0,1061.185536,295.858368,981,730,1032,786,1407.0
DSCF0005,467,12665,422.1666666666667,1038.0,771.0,991.4742143999999,352.3433472,1017,746,1059,796,1427.5
DSCF0005,469,12754,425.1333333333333,708.0,772.0,0.0,0.0,676,747,740,797,1302.0
DSCF0005,469,12755,425.1666666666667,766.0,755.0,1044.0,-306.0,704,730,828,780,3510.0
DSCF0005,469,12756,425.2,791.0,723.0,867.6,-698.4,741,686,841,760,4155.5
DSCF0005,469,12757,425.23333333333335,813.5,692.0,752.04,-837.36,777,649,850,735,3714.5
DSCF0005,469,12758,425.26666666666665,846.5,676.5,894.816,-613.944,805,626,888,727,4798.0
DSCF0005,469,12759,425.3,892.0,662.0,1176.9264,-506.57759999999996,849,604,935,720,4517.0
DSCF0005,469,12760,425.3333333333333,927.5,659.0,1109.77056,-256.63104,888,608,967,710,4392.5
DSCF0005,469,12761,425.3666666666667,971.0,646.5,1226.908224,-327.652416,935,609,1007,684,3264.5
DSCF0005,469,12762,425.4,1013.5,670.5,1255.7632896,300.9390336,977,620,1050,721,3868.5
DSCF0005,469,12763,425.43333333333334,1069.0,658.0,1501.30531584,-104.62438655999999,1033,619,1105,697,2562.5
DSCF0005,469,12764,425.46666666666664,1102.0,690.0,1194.522126336,534.150245376,1071,645,1133,735,3303.5
DSCF0005,469,12765,425.5,1143.5,699.5,1224.8088505343999,384.6600981504,1119,670,1168,729,1818.5
DSCF0005,469,12766,425.53333333333336,1171.5,741.0,993.9235402137599,900.86403926016,1148,703,1195,779,1948.5
DSCF0005,469,12767,425.56666666666666,1197.0,772.0,856.5694160855039,918.345615704064,1175,747,1219,797,1423.5
DSCF0005,470,12761,425.3666666666667,985.0,697.0,0.0,0.0,980,690,990,704,55.0
DSCF0005,470,12762,425.4,987.0,687.0,36.0,-180.0,982,684,992,690,28.0
DSCF0005,470,12769,425.6333333333333,941.0,775.0,-110.63296388571428,188.02196228571424,902,753,980,797,2560.0
DSCF0005,470,12770,425.6666666666667,1008.5,759.5,1170.7468144457143,-203.7912150857143,972,722,1045,797,2852.5
DSCF0005,470,12771,425.7,1050.5,762.5,1224.2987257782856,-27.51648603428572,1008,728,1093,797,3909.5
DSCF0005,470,12772,425.73333333333335,1103.0,765.0,1434.7194903113143,33.99340558628571,1070,733,1136,797,2558.5
DSCF0005,470,12773,425.76666666666665,1140.5,768.0,1248.8877961245257,67.59736223451429,1106,739,1175,797,2484.5
DSCF0005,470,12774,425.8,1182.0,775.5,1246.5551184498104,162.0389448938057,1157,754,1207,797,1466.5
DSCF0005,474,12782,426.06666666666666,673.5,771.0,0.0,0.0,643,745,704,797,2024.0
DSCF0005,474,12783,426.1,724.5,749.5,918.0,-387.0,675,702,774,797,4590.0
DSCF0005,474,12784,426.1333333333333,752.5,738.5,871.2,-352.8,709,686,796,791,4650.0
DSCF0005,474,12785,426.1666666666667,795.0,736.0,1113.48,-186.12,744,675,846,797,6855.5
DSCF0005,474,12786,426.2,835.5,716.0,1174.392,-434.448,791,662,880,770,4850.0
DSCF0005,474,12787,426.23333333333335,877.5,702.0,1225.7568,-425.7792,833,639,922,765,5500.5
DSCF0005,474,12788,426.26666666666665,930.0,716.0,1435.3027200000001,81.68831999999998,882,651,978,781,6630.0
DSCF0005,474,12789,426.3,978.5,727.0,1447.121088,230.67532799999998,938,677,1019,777,3922.5
DSCF0005,474,12790,426.3333333333333,1024.0,728.0,1397.8484352,110.2701312,981,677,1067,779,4761.0
DSCF0005,474,12791,426.3666666666667,1082.5,733.0,1612.13937408,134.10805248,1041,676,1124,790,4616.5
DSCF0005,474,12792,426.4,1121.5,759.0,1346.855749632,521.643220992,1089,721,1154,797,2242.0
DSCF0005,474,12793,426.43333333333334,1160.0,770.0,1231.7422998528,406.6572883968,1130,743,1190,797,2260.5
DSCF0005,479,12986,432.8666666666667,625.0,778.0,0.0,0.0,621,774,629,782,18.5
DSCF0005,479,12987,432.9,694.5,768.0,1251.0,-180.0,689,761,700,775,69.5
DSCF0005,479,12988,432.93333333333334,727.0,764.0,1085.4,-144.0,688,731,766,797,2983.5
DSCF0005,479,12989,432.96666666666664,780.5,766.0,1397.16,-21.6,738,735,823,797,3269.0
DSCF0005,479,12990,433.0,836.5,770.0,1566.864,63.36,800,743,873,797,2512.5
DSCF0005,479,12991,433.03333333333336,888.0,774.0,1553.7456000000002,97.344,851,751,925,797,2155.5
DSCF0005,479,12992,433.06666666666666,931.5,779.5,1404.4982400000001,137.9376,905,762,958,797,858.0
DSCF0005,479,13003,433.43333333333334,1010.0,775.0,324.34184763310367,11.874710516018744,996,753,1024,797,672.5
DSCF0005,479,13016,433.8666666666667,977.0,676.5,-9.05082061694425,-135.04310778986127,974,673,980,680,20.5
DSCF0005,481,13011,433.7,766.0,767.5,0.0,0.0,764,765,768,770,7.0
DSCF0005,481,13014,433.8,854.5,682.5,531.0,-510.0,852,680,857,685,11.0
DSCF0005,481,13016,433.8666666666667,940.5,641.0,965.1600000000001,-557.1,932,635,949,647,103.0
DSCF0005,481,13016,433.8666666666667,985.5,640.0,0.0,0.0,943,583,1028,697,4016.5
DSCF0005,481,13017,433.9,1030.5,617.0,810.0,-414.0,995,572,1066,662,3327.0
DSCF0005,481,13018,433.93333333333334,1038.0,611.5,1224.9576000000002,-466.05600000000004,1018,595,1058,628,568.0
DSCF0005,481,13018,433.93333333333334,1075.5,613.0,1134.0,-237.60000000000002,1040,575,1111,651,2494.5
DSCF0005,481,13019,433.96666666666664,1073.5,616.0,1128.98304,-105.42240000000004,1071,613,1076,619,14.0
DSCF0005,481,13019,433.96666666666664,1120.0,638.0,1254.6,354.96,1086,586,1154,690,3784.0
DSCF0005,481,13020,434.0,1130.5,632.5,1477.593216,254.83103999999997,1119,614,1142,651,315.0
DSCF0005,481,13020,434.0,1161.5,630.5,1248.84,6.984000000000009,1134,601,1189,660,1707.5
DSCF0005,481,13021,434.03333333333336,1184.0,680.5,1554.0372864,965.932416,1147,637,1221,724,2303.5
DSCF0005,481,13022,434.06666666666666,1226.0,708.0,1377.6149145600002,881.3729664,1210,677,1242,739,1047.5
DSCF0005,481,13022,434.06666666666666,1201.0,722.5,805.0824,830.51424,1196,714,1206,731,65.5
DSCF0005,481,13023,434.1,1222.5,753.5,709.03296,890.205696,1220,751,1225,756,11.0
DSCF0005,482,13011,433.7,833.0,757.0,0.0,0.0,760,717,906,797,5790.0
DSCF0005,482,13012,433.73333333333335,866.5,730.5,603.0,-477.0,805,676,928,785,6829.0
DSCF0005,482,13013,433.76666666666665,887.0,692.5,610.2,-874.8,828,629,946,756,7944.0
DSCF0005,482,13014,433.8,911.5,673.0,685.08,-700.9200000000001,867,609,956,737,5721.5
DSCF0005,482,13015,433.8333333333333,946.0,634.0,895.032,-982.368,899,583,993,685,5231.0
DSCF0005,482,13016,433.8666666666667,968.0,593.5,754.0128,-1121.9472,949,578,987,609,303.5
DSCF0005,482,13017,433.9,1001.0,576.5,895.6051199999999,-754.7788800000001,986,561,1016,592,258.5
DSCF0005,488,13117,437.23333333333335,895.5,780.0,0.0,0.0,843,763,948,797,1590.5
DSCF0005,488,13118,437.26666666666665,914.5,757.5,342.0,-405.0,851,718,978,797,5984.5
DSCF0005,488,13119,437.3,953.0,721.0,829.8,-819.0,875,663,1031,779,8881.5
DSCF0005,488,13120,437.3333333333333,982.0,673.5,853.9200000000001,-1182.6,919,614,1045,733,7065.5
DSCF0005,488,13121,437.3666666666667,998.0,648.5,629.568,-923.04,949,603,1047,694,5034.0
DSCF0005,488,13121,437.3666666666667,934.0,647.0,0.0,0.0,931,645,937,649,10.0
DSCF0005,488,13121,437.3666666666667,945.5,650.0,0.0,0.0,937,638,954,662,141.0
DSCF0005,488,13122,437.4,1040.5,616.5,1016.8272,-945.216,984,564,1097,669,5176.5
DSCF0005,488,13122,437.4,967.5,631.5,603.0,-279.0,964,628,971,635,24.0
DSCF0005,488,13122,437.4,971.5,642.0,468.0,-144.0,966,637,977,647,58.0
DSCF0005,488,13123,437.43333333333334,1064.5,591.5,838.7308800000001,-828.0864,1020,543,1109,640,3505.5
DSCF0005,488,13124,437.46666666666664,1082.0,584.5,650.492352,-457.23456000000004,1040,532,1124,637,4044.0
DSCF0005,488,13125,437.5,1113.5,551.5,827.1969408,-776.893824,1082,526,1145,577,1261.5
DSCF0005,488,13125,437.5,1124.5,517.5,1137.372,-774.396,1112,508,1137,527,229.0
DSCF0005,488,13125,437.5,1114.0,501.0,1006.6320000000001,-892.656,1105,494,1123,508,139.5
DSCF0005,488,13126,437.53333333333336,1138.5,555.5,780.87877632,-238.7575296,1109,501,1168,610,1883.5
DSCF0005,488,13127,437.56666666666666,1161.5,540.0,726.3515105280001,-374.50301184,1130,506,1193,574,1879.0
DSCF0005,488,13127,437.56666666666666,1188.0,502.5,980.95392,-413.78256000000005,1182,495,1194,510,95.5
DSCF0005,488,13127,437.56666666666666,1164.0,589.0,812.38752,470.64383999999995,1161,586,1167,592,13.5
DSCF0005,488,13128,437.6,1192.5,540.0,848.5406042112,-149.80120473600002,1166,523,1219,557,829.5
DSCF0005,488,13128,437.6,1234.5,519.0,1229.381568,131.48697599999997,1222,512,1247,526,182.0
DSCF0005,488,13128,437.6,1203.0,568.5,1026.955008,-180.742464,1196,558,1210,579,79.0
DSCF0005,488,13129,437.6333333333333,1229.0,525.0,996.41624168448,-329.92048189440004,1213,509,1245,541,538.0
DSCF0005,488,13129,437.6333333333333,1223.5,557.0,779.7820032,-279.2969856,1196,538,1251,576,768.5
DSCF0005,488,13130,437.6666666666667,1247.5,523.0,731.566496673792,-167.96819275776002,1240,518,1255,528,68.0
DSCF0005,488,13130,437.6666666666667,1253.5,586.5,851.9128012799999,419.28120576,1228,543,1279,630,2345.5
DSCF0005,488,13131,437.7,1332.0,599.0,983.3196280320001,522.601780224,1329,597,1335,601,13.0
DSCF0005,488,13131,437.7,1277.0,603.5,763.7651205120001,473.712482304,1254,575,1300,632,1450.5
DSCF0005,488,13132,437.73333333333335,1314.0,604.0,69.32785121280006,299.0407120896,1310,601,1318,607,19.0
DSCF0005,488,13132,437.73333333333335,1303.0,617.5,773.5060482048,441.4849929216,1295,611,1311,624,104.5
DSCF0005,489,13121,437.3666666666667,992.5,689.0,0.0,0.0,990,687,995,691,7.0
DSCF0005,489,13122,437.4,962.5,599.0,-540.0,-1620.0,960,596,965,602,9.5
DSCF0005,489,13132,437.73333333333335,861.5,555.5,-265.48282562400004,-329.3484768720001,850,550,873,561,125.0
DSCF0005,489,13133,437.76666666666665,858.0,547.5,-169.19313024960002,-275.7393907488,826,501,890,594,2665.0
DSCF0005,489,13134,437.8,965.5,523.0,1867.32274790016,-551.29575629952,945,512,986,534,463.5
DSCF0005,489,13135,437.8333333333333,982.0,409.0,1043.9290991600642,-2272.518302519808,976,406,988,412,48.5
DSCF0005,489,13136,437.8666666666667,973.0,341.0,255.57163966402572,-2133.007321007923,968,336,978,346,40.0
DSCF0005,489,13139,437.96666666666664,1065.0,251.0,634.8052112511443,-1231.094372006567,1061,247,1069,255,28.0
DSCF0005,489,13140,438.0,1113.5,270.5,1126.9220845004577,-141.43774880262686,1108,267,1119,274,36.5
DSCF0005,489,13141,438.03333333333336,1132.5,297.0,792.7688338001831,420.42490047894927,1130,295,1135,299,8.5
DSCF0005,489,13142,438.06666666666666,1140.5,356.0,461.1075335200733,1230.1699601915798,1138,353,1143,359,12.5
DSCF0005,489,13143,438.1,1156.5,395.5,472.4430134080293,1203.067984076632,1145,386,1168,405,269.5
DSCF0005,489,13144,438.1333333333333,1161.0,446.0,269.97720536321174,1390.227193630653,1149,434,1173,458,358.0
DSCF0005,489,13145,438.1666666666667,1096.5,510.0,-1053.0091178547152,1708.0908774522613,1092,508,1101,512,19.5
DSCF0005,489,13149,438.3,941.5,687.5,-1004.557458766435,1296.8292998650795,936,681,947,694,58.5
DSCF0005,489,13150,438.3333333333333,834.0,621.5,-2336.822983506574,-669.2682800539682,827,615,841,628,98.5
DSCF0005,489,13151,438.3666666666667,864.0,588.0,-394.7291934026297,-870.7073120215873,851,577,877,599,186.0
DSCF0005,489,13152,438.4,893.5,573.5,373.10832263894815,-609.282924808635,879,541,908,606,1036.5
DSCF0005,489,13153,438.43333333333334,909.5,533.0,437.24332905557924,-972.713169923454,882,478,937,588,1424.0
DSCF0005,489,13154,438.46666666666664,980.0,496.0,1443.8973316222318,-1055.0852679693817,978,494,982,498,7.0
DSCF0005,489,13155,438.5,1029.0,462.5,1459.5589326488928,-1025.0341071877526,1025,459,1033,466,29.0
DSCF0005,489,13156,438.53333333333336,1075.5,479.5,1420.823573059557,-104.01364287510108,1069,476,1082,483,51.5
DSCF0005,489,13158,438.6,1150.5,501.5,1186.4964863014407,160.5550885649636,1148,498,1153,505,15.5
DSCF0005,495,13127,437.56666666666666,1158.5,601.0,0.0,0.0,1156,598,1161,604,13.5
DSCF0005,495,13129,437.6333333333333,1202.0,592.5,391.5,-76.5,1199,589,1205,596,20.0
DSCF0005,495,13130,437.6666666666667,1223.0,612.0,534.6,320.4,1218,609,1228,615,39.0
DSCF0005,495,13132,437.73333333333335,1253.5,663.5,466.956,578.844,1249,659,1258,668,30.0
DSCF0005,495,13134,437.8,1315.0,733.5,721.60416,838.38384,1310,719,1320,748,153.0
DSCF0005,495,13135,437.8333333333333,1334.0,761.5,630.641664,839.3535360000001,1325,748,1343,775,248.5
DSCF0005,497,13128,437.6,934.0,759.5,0.0,0.0,928,755,940,764,47.5
DSCF0005,497,13128,437.6,883.0,756.0,0.0,0.0,828,715,938,797,4334.5
DSCF0005,497,13129,437.6333333333333,886.5,715.5,63.0,-729.0,833,676,940,755,2989.0
DSCF0005,497,13130,437.6666666666667,868.5,685.5,-298.8,-831.6,812,648,925,723,4282.5
DSCF0005,497,13131,437.7,906.0,633.5,-168.0,-756.0,834,587,978,680,6792.0
DSCF0005,497,13131,437.7,840.5,661.5,-623.52,-764.6400000000001,835,655,846,668,59.0
DSCF0005,497,13132,437.73333333333335,927.0,600.0,310.8,-905.4000000000001,866,554,988,646,5745.0
DSCF0005,497,13132,437.73333333333335,851.0,620.5,-60.408000000000015,-1043.856,832,609,870,632,535.5
DSCF0005,497,13133,437.76666666666665,945.5,533.5,457.32,-1559.16,872,482,1019,585,5314.0
DSCF0005,497,13134,437.8,947.5,491.5,218.928,-1379.6640000000002,905,446,990,537,3027.5
DSCF0005,497,13134,437.8,995.5,519.5,1278.75312,-1284.78816,992,516,999,523,19.0
DSCF0005,497,13135,437.8333333333333,976.5,434.0,609.5712,-1586.8656,931,396,1022,472,2828.0
DSCF0005,497,13135,437.8333333333333,1032.5,472.0,1177.501248,-1368.9152640000002,1010,466,1055,478,255.5
DSCF0005,497,13137,437.9,1011.5,330.5,534.4456319999999,-1502.771616,989,322,1034,339,361.5
DSCF0005,497,13138,437.93333333333334,1036.5,316.0,663.7782528,-862.1086464,1006,297,1067,335,1129.5
DSCF0005,497,13139,437.96666666666664,1063.0,284.5,742.5113011200001,-911.84345856,1059,279,1067,290,25.0
DSCF0005,497,13139,437.96666666666664,1067.0,328.5,498.6093639168001,-1044.9256909824,1065,326,1069,331,7.0
DSCF0005,497,13140,438.0,1094.0,273.0,855.004520448,-571.737383424,1088,265,1100,281,78.0
DSCF0005,497,13140,438.0,1094.0,300.0,685.44374556672,-930.97027639296,1069,282,1119,318,681.5
DSCF0005,497,13141,438.03333333333336,1091.5,275.0,297.0018081792,-192.6949533696,1089,272,1094,278,15.0
DSCF0005,497,13141,438.03333333333336,1124.5,283.5,823.177498226688,-669.3881105571841,1120,280,1129,287,22.5
DSCF0005,499,13132,437.73333333333335,996.5,590.5,0.0,0.0,992,587,1001,594,30.5
DSCF0005,499,13133,437.76666666666665,976.0,524.5,-369.0,-1188.0,971,522,981,527,30.5
DSCF0005,499,13134,437.8,990.5,503.5,113.4,-853.2,988,502,993,505,6.0
DSCF0005,499,13135,437.8333333333333,980.0,475.0,-143.64,-854.28,961,470,999,480,158.5
DSCF0005,499,13136,437.8666666666667,985.5,427.0,41.544000000000004,-1205.712,949,387,1022,467,2066.0
DSCF0005,499,13137,437.9,985.5,396.0,16.617600000000003,-1040.2848,983,394,988,398,6.0
DSCF0005,499,13139,437.96666666666664,1040.5,353.5,500.982336,-757.002528,1038,351,1043,356,14.0
DSCF0005,499,13139,437.96666666666664,1078.0,290.5,0.0,0.0,1076,288,1080,293,8.5
DSCF0005,499,13140,438.0,1105.0,345.0,1361.3929344,-455.8010112,1099,339,1111,351,72.5
DSCF0005,499,13140,438.0,1076.5,273.5,-27.0,-306.0,1070,269,1083,278,36.5
DSCF0005,499,13141,438.03333333333336,1101.5,346.5,481.55717376000007,-155.32040448,1081,328,1122,365,487.0
DSCF0005,499,13141,438.03333333333336,1075.0,279.0,-37.8,-23.400000000000006,1061,267,1089,291,269.0
DSCF0005,499,13142,438.06666666666666,1121.5,354.5,552.622869504,81.87183820799999,1099,309,1144,400,2164.5
DSCF0005,499,13143,438.1,1126.5,365.0,311.04914780160004,221.7487352832,1112,345,1141,385,641.5
DSCF0005,499,13143,438.1,1100.5,423.5,215.892,1292.076,1096,421,1105,426,19.0
DSCF0005,499,13144,438.1333333333333,1158.5,496.0,700.4196591206401,2446.69949411328,1156,494,1161,498,10.0
DSCF0005,499,13144,438.1333333333333,1155.0,472.5,1067.3568,1398.8304,1143,463,1167,482,277.5
DSCF0005,499,13145,438.1666666666667,1049.0,534.5,-1690.8321363517439,1671.679797645312,1040,528,1058,541,91.5
DSCF0005,499,13145,438.1666666666667,1092.5,524.0,-698.05728,1486.5321600000002,1088,520,1097,528,33.0
DSCF0005,499,13146,438.2,915.5,770.0,0.0,0.0,913,767,918,773,14.0
DSCF0005,499,13146,438.2,864.0,773.5,0.0,0.0,819,750,909,797,2742.5
DSCF0005,499,13147,438.23333333333335,1088.0,675.5,-291.80062080000005,1898.6515776,1079,667,1097,684,181.5
DSCF0005,499,13147,438.23333333333335,874.0,746.5,180.0,-486.0,825,715,923,778,2378.0
DSCF0005,499,13148,438.26666666666665,884.5,718.0,261.0,-707.4,814,674,955,762,5876.5
DSCF0005,499,13149,438.3,891.0,683.0,221.4,-912.96,848,643,934,723,3475.5
DSCF0005,499,13150,438.3333333333333,844.0,664.0,-1181.7419858641517,904.9156460940358,841,659,847,669,24.5
DSCF0005,499,13150,438.3333333333333,901.0,645.0,268.56,-1049.184,852,600,950,690,4083.0
DSCF0005,499,13151,438.3666666666667,863.0,625.0,-130.6967943456607,-340.03374156238567,854,615,872,635,252.5
DSCF0005,499,13151,438.3666666666667,925.0,617.0,539.424,-923.6736000000001,876,587,974,647,3482.5
DSCF0005,499,13152,438.4,926.0,552.5,1081.7212822617357,-1441.0134966249543,921,548,931,557,47.5
DSCF0005,499,13152,438.4,973.0,613.0,172.5,-471.0,958,604,988,622,254.0
DSCF0005,499,13152,438.4,926.5,590.5,242.7696,-846.4694400000001,894,564,959,617,1619.5
DSCF0005,499,13153,438.43333333333334,912.0,573.0,180.68851290469433,-207.40539864998175,910,571,914,575,7.0
DSCF0005,499,13153,438.43333333333334,973.0,577.5,69.0,-827.4,960,570,986,585,148.0
DSCF0005,499,13153,438.43333333333334,940.5,550.0,349.10784,-1067.587776,912,519,969,581,1854.0
DSCF0005,499,13154,438.46666666666664,948.5,562.5,729.2754051618778,-271.9621594599927,909,520,988,605,1673.5
DSCF0005,499,13154,438.46666666666664,975.5,556.0,72.6,-717.96,937,518,1014,594,2195.0
DSCF0005,499,13154,438.46666666666664,945.5,514.0,229.643136,-1075.0351104000001,938,509,953,519,77.5
DSCF0005,499,13155,438.5,961.0,554.0,516.7101620647511,-261.7848637839971,934,508,988,600,1756.0
DSCF0005,499,13155,438.5,996.5,534.0,407.04,-683.184,968,507,1025,561,1315.0
DSCF0005,499,13155,438.5,991.0,482.5,910.8572544,-997.0140441600001,989,480,993,485,7.0
DSCF0005,499,13156,438.53333333333336,1013.0,563.0,1142.6840648259004,57.286054486401156,1003,549,1023,577,299.0
DSCF0005,499,13156,438.53333333333336,1026.5,517.5,702.816,-570.2736,999,485,1054,550,1327.5
DSCF0005,499,13156,438.53333333333336,1042.5,471.5,1291.3429017600001,-596.805617664,1039,469,1046,474,14.5
DSCF0005,499,13157,438.56666666666666,1055.5,549.0,1222.07362593036,-229.08557820543953,1029,511,1082,587,1798.0
DSCF0005,499,13157,438.56666666666666,1065.0,500.5,974.1264000000001,-534.10944,1032,490,1098,511,709.0
DSCF0005,499,13158,438.6,1098.5,537.5,1262.829450372144,-298.63423128217585,1075,513,1122,562,913.5
DSCF0005,499,13158,438.6,1096.5,511.0,956.65056,-24.643776000000003,1092,509,1101,513,17.0
DSCF0005,499,13158,438.6,1132.5,519.0,1274.8834446336,212.64997764095995,1111,500,1154,538,696.0
DSCF0005,499,13159,438.6333333333333,1149.5,545.5,1423.1317801488576,24.546307487129653,1146,541,1153,550,34.5
DSCF0005,499,13159,438.6333333333333,1126.0,583.0,913.660224,1286.1424896,1095,543,1157,623,2069.5
DSCF0005,499,13160,438.6666666666667,1160.0,652.0,758.2527120595431,1926.818522994852,1157,648,1163,656,16.5
DSCF0005,499,13160,438.6666666666667,1158.5,605.5,950.4640896000001,919.4569958400001,1130,568,1187,643,2386.5
DSCF0005,499,13161,438.7,1170.0,669.5,483.30108482381723,1085.7274091979407,1167,666,1173,673,24.0
DSCF0005,499,13161,438.7,1184.0,645.5,839.18563584,1087.782798336,1167,612,1201,679,1439.0
DSCF0005,499,13161,438.7,1156.0,650.0,554.0622360612865,854.8985927556711,1149,639,1163,661,148.5
DSCF0005,499,13162,438.73333333333335,1176.5,700.5,310.32043392952687,992.2909636791762,1132,671,1221,730,1978.5
DSCF0005,499,13163,438.76666666666665,1211.5,751.0,754.1281735718107,1305.9163854716705,1196,719,1227,783,1216.0
DSCF0005,500,13132,437.73333333333335,836.0,581.0,0.0,0.0,808,553,864,609,1329.0
DSCF0005,500,13133,437.76666666666665,852.0,480.0,288.0,-1818.0,840,475,864,485,126.5
DSCF0005,500,13134,437.8,884.5,475.0,700.2,-817.2,855,411,914,539,4081.5
DSCF0005,500,13135,437.8333333333333,912.5,439.0,784.08,-974.8800000000001,887,392,938,486,2138.5
DSCF0005,500,13139,437.96666666666664,1033.0,342.0,770.887728,-720.7750080000001,1028,334,1038,350,82.0
DSCF0005,500,13141,438.03333333333336,1086.5,300.0,759.01958208,-637.47900288,1080,293,1093,307,77.5
DSCF0005,503,13135,437.8333333333333,966.5,404.5,0.0,0.0,963,402,970,407,12.0
DSCF0005,503,13137,437.9,996.5,408.5,270.0,36.0,994,405,999,412,13.5
DSCF0005,503,13139,437.96666666666664,1064.5,341.5,709.2,-590.04,1059,334,1070,349,87.0
DSCF0005,503,13140,438.0,1087.5,320.5,697.6800000000001,-614.016,1085,318,1090,323,10.0
DSCF0005,503,13141,438.03333333333336,1118.5,310.5,837.0720000000001,-425.6064,1097,289,1140,332,731.5
DSCF0005,503,13143,438.1,1123.5,410.5,346.3459200000001,746.781696,1101,399,1146,422,609.0
DSCF0005,503,13144,438.1333333333333,1132.5,450.0,300.53836800000005,1009.7126784,1113,398,1152,502,1614.0
DSCF0005,503,13145,438.1666666666667,1139.5,516.0,246.21534720000002,1591.88507136,1111,467,1168,565,2587.5
DSCF0005,503,13146,438.2,1153.0,582.5,341.48613888,1833.754028544,1122,531,1184,634,2895.5
DSCF0005,503,13147,438.23333333333335,1138.0,662.0,-133.405544448,2164.5016114176,1103,608,1173,716,3610.0
DSCF0005,503,13148,438.26666666666665,1112.5,738.5,-512.3622177792,2242.80064456704,1057,688,1168,789,7248.5
DSCF0005,517,13252,441.73333333333335,834.0,767.5,0.0,0.0,783,738,885,797,3342.5
DSCF0005,517,13253,441.76666666666665,847.5,744.0,243.0,-423.0,799,702,896,786,4707.0
DSCF0005,517,13254,441.8,873.5,709.0,565.2,-799.2,833,669,914,749,2987.5
DSCF0005,517,13255,441.8333333333333,882.5,697.0,388.08000000000004,-535.6800000000001,846,644,919,750,3661.0
DSCF0005,517,13256,441.8666666666667,901.0,671.0,488.232,-682.272,872,638,930,704,2296.0
DSCF0005,517,13257,441.9,917.5,663.0,492.29280000000006,-416.90880000000004,890,624,945,702,1976.5
DSCF0005,517,13258,441.93333333333334,934.5,670.5,502.91712000000007,-31.763520000000028,906,616,963,725,2931.0
DSCF0005,517,13259,441.96666666666664,961.5,659.5,687.1668480000001,-210.705408,934,621,989,698,1845.5
DSCF0005,517,13260,442.0,980.5,676.5,616.8667392,221.7178368,959,648,1002,705,1271.0
DSCF0005,517,13261,442.03333333333336,995.0,694.5,507.74669568,412.68713472,969,660,1021,729,1892.0
DSCF0005,517,13262,442.06666666666666,1029.0,704.0,815.098678272,336.074853888,1001,671,1057,737,1894.0
DSCF0005,517,13263,442.1,1044.5,720.0,605.0394713088001,422.4299415552,1020,693,1069,747,1341.0
DSCF0005,517,13264,442.1333333333333,1038.0,749.5,125.01578852352006,699.97197662208,1005,716,1071,783,2076.5
DSCF0005,517,13265,442.1666666666667,1065.5,772.0,545.006315409408,684.988790648832,1035,747,1096,797,1824.5
DSCF0005,518,13256,441.8666666666667,860.5,685.0,0.0,0.0,858,682,863,688,11.5
DSCF0005,518,13257,441.9,878.5,681.0,324.0,-72.0,872,675,885,687,72.5
DSCF0005,518,13258,441.93333333333334,915.5,696.5,795.6,250.2,910,689,921,704,78.5
DSCF0005,518,13259,441.96666666666664,934.5,678.5,660.24,-223.92000000000002,932,677,937,680,6.0
DSCF0005,518,13260,442.0,957.0,681.0,669.096,-44.56800000000001,951,676,963,686,53.0
DSCF0005,518,13261,442.03333333333336,1008.0,656.5,1185.6384,-458.8272,1005,654,1011,659,14.0
DSCF0005,519,13266,442.2,793.5,780.0,0.0,0.0,753,763,834,797,1696.5
DSCF0005,519,13267,442.23333333333335,819.5,766.5,468.0,-243.0,777,740,862,793,2549.0
DSCF0005,519,13268,442.26666666666665,833.0,737.5,430.20000000000005,-619.2,793,705,873,770,2545.5
DSCF0005,519,13269,442.3,830.0,711.0,118.08000000000004,-724.6800000000001,804,680,856,742,1592.5
DSCF0005,519,13270,442.3333333333333,843.5,713.5,290.232,-244.872,810,676,877,751,2373.0
DSCF0005,519,13271,442.3666666666667,856.0,697.5,341.0928,-385.9488,823,666,889,729,2003.5
DSCF0005,519,13272,442.4,874.0,674.5,460.43712000000005,-568.37952,839,631,909,718,2347.5
DSCF0005,519,13273,442.43333333333334,882.0,635.5,328.174848,-929.351808,880,633,884,638,7.0
DSCF0005,519,13273,442.43333333333334,887.5,684.5,0.0,0.0,858,641,917,728,2336.5
DSCF0005,519,13274,442.46666666666664,910.0,695.5,405.0,198.0,877,663,943,728,2101.0
DSCF0005,519,13275,442.5,929.0,683.5,504.0,-136.8,900,655,958,712,1797.5
DSCF0005,519,13276,442.53333333333336,924.5,703.0,361.328650752,103.89001420799997,909,690,940,716,249.5
DSCF0005,519,13276,442.53333333333336,949.5,678.0,570.6,-153.72,918,643,981,713,2241.5
DSCF0005,519,13277,442.56666666666666,944.0,713.5,495.5314603008,230.5560056832,936,703,952,724,132.0
DSCF0005,519,13277,442.56666666666666,976.0,719.0,705.24,676.512,944,678,1008,760,2653.5
DSCF0005,519,13278,442.6,968.5,721.0,639.21258412032,227.22240227328,960,714,977,728,104.0
DSCF0005,519,13278,442.6,1006.0,731.5,822.096,495.6048,976,694,1036,769,2317.5
DSCF0005,519,13279,442.6333333333333,1037.5,741.0,895.8384000000001,369.24192000000005,1001,702,1074,780,3234.0
DSCF0005,519,13280,442.6666666666667,1065.5,762.0,862.33536,525.696768,1035,729,1096,795,2452.0
DSCF0005,519,13281,442.7,1081.0,775.5,623.9341440000001,453.2787072,1057,754,1105,797,1381.5
DSCF0005,521,13278,442.6,978.0,734.5,0.0,0.0,975,731,981,738,21.5
DSCF0005,521,13292,443.06666666666666,867.0,777.0,-142.71428571428572,54.64285714285714,837,757,897,797,1714.0
DSCF0005,521,13294,443.1333333333333,972.5,768.5,898.1228571428571,-56.82857142857143,935,740,1010,797,2253.0
DSCF0005,521,13295,443.1666666666667,1021.5,777.5,1241.249142857143,139.26857142857142,987,758,1056,797,1768.0
DSCF0005,521,13296,443.2,1067.5,757.0,1324.4996571428571,-313.2925714285714,1036,719,1099,795,2236.0
DSCF0005,521,13297,443.23333333333335,1107.5,765.0,1249.799862857143,18.68297142857142,1081,749,1134,781,967.5
DSCF0005,521,13298,443.26666666666665,1143.5,737.5,1147.9199451428572,-487.5268114285714,1121,705,1166,770,1388.0
DSCF0005,521,13299,443.3,1184.5,733.5,1197.1679780571428,-267.01072457142857,1180,730,1189,737,27.0
DSCF0005,521,13300,443.3333333333333,1190.5,741.5,586.8671912228572,37.19571017142857,1185,738,1196,745,32.5
DSCF0005,521,13302,443.4,1221.0,723.5,485.77218884022864,-148.6095443382857,1214,715,1228,732,91.5
DSCF0005,521,13303,443.43333333333334,1228.0,718.0,320.3088755360915,-158.44381773531427,1226,714,1230,722,14.5
DSCF0005,521,13305,443.5,1255.0,718.0,358.31119519299295,-57.03977438471315,1253,713,1257,723,20.0
DSCF0005,521,13306,443.53333333333336,1256.5,709.5,170.3244780771972,-175.81590975388525,1254,706,1259,713,16.5
DSCF0005,522,13294,443.1333333333333,984.0,737.5,0.0,0.0,981,734,987,741,18.0
DSCF0005,522,13298,443.26666666666665,1111.0,760.0,571.5,101.25,1107,756,1115,764,28.0
DSCF0005,522,13299,443.3,1166.0,741.0,1218.6,-301.5,1151,728,1181,754,401.5
DSCF0005,522,13300,443.3333333333333,1201.5,720.5,1126.44,-489.6,1191,705,1212,736,291.5
DSCF0005,522,13300,443.3333333333333,1177.0,731.5,0.0,0.0,1168,717,1186,746,210.0
DSCF0005,522,13301,443.3666666666667,1218.0,717.0,747.576,-258.84000000000003,1205,705,1231,729,313.5
DSCF0005,522,13302,443.4,1237.5,714.0,650.0304000000001,-157.536,1230,705,1245,723,146.5
DSCF0005,522,13302,443.4,1250.0,682.0,657.0,-445.5,1246,677,1254,687,45.0
DSCF0005,522,13303,443.43333333333334,1249.0,708.5,467.01216000000005,-162.0144,1241,703,1257,714,98.5
DSCF0005,522,13304,443.46666666666664,1257.5,705.0,339.80486400000007,-127.80576,1250,696,1265,714,175.0
DSCF0005,522,13305,443.5,1266.5,721.5,297.9219456000001,245.877696,1263,717,1270,726,37.0
DSCF0005,522,13305,443.5,1265.0,772.0,302.86800000000005,395.658,1263,768,1267,776,14.0
DSCF0005,522,13306,443.53333333333336,1267.5,726.0,137.16877824000005,179.3510784,1258,713,1277,739,303.0
DSCF0005,522,13306,443.53333333333336,1236.0,754.0,-400.8528,-165.7368,1230,744,1242,764,93.5
DSCF0005,522,13307,443.56666666666666,1272.5,738.0,144.86751129600003,287.74043136,1267,727,1278,749,137.0
DSCF0005,522,13308,443.6,1273.5,742.0,75.9470045184,187.096172544,1270,739,1277,745,21.5
DSCF0005,522,13308,443.6,1267.0,759.0,134.692992,-14.665247999999998,1263,753,1271,765,50.0
DSCF0005,522,13309,443.6333333333333,1241.0,760.5,-414.1228032,21.1339008,1231,747,1251,774,235.0
DSCF0005,524,13357,445.23333333333335,709.0,762.0,0.0,0.0,649,727,769,797,4022.5
DSCF0005,524,13358,445.26666666666665,746.0,736.0,666.0,-468.0,686,685,806,787,6790.5
DSCF0005,524,13359,445.3,775.5,712.5,797.4000000000001,-610.2,727,661,824,764,5655.0
DSCF0005,524,13360,445.3333333333333,800.5,685.5,768.96,-730.08,754,629,847,742,5229.5
DSCF0005,524,13360,445.3333333333333,753.5,668.0,0.0,0.0,748,664,759,672,46.0
DSCF0005,524,13360,445.3333333333333,761.5,651.0,0.0,0.0,755,648,768,654,50.5
DSCF0005,524,13361,445.3666666666667,834.5,639.0,919.5840000000001,-1129.0320000000002,792,593,877,685,4365.0
DSCF0005,524,13361,445.3666666666667,779.0,654.0,315.0,54.0,774,648,784,660,44.0
DSCF0005,524,13362,445.4,854.5,593.5,727.8336,-1270.6128,850,590,859,597,36.0
DSCF0005,524,13362,445.4,833.0,619.5,715.5,-436.5,827,615,839,624,64.0
DSCF0005,524,13362,445.4,814.0,647.5,756.0,-95.4,811,645,817,650,9.0
DSCF0005,524,13362,445.4,868.0,651.5,0.0,0.0,828,596,908,707,4310.0
DSCF0005,524,13363,445.43333333333334,886.0,574.0,858.1334400000001,-859.24512,882,571,890,577,24.0
DSCF0005,524,13363,445.43333333333334,875.0,583.0,1042.2,-831.6,871,578,879,588,32.0
DSCF0005,524,13363,445.43333333333334,895.0,577.5,1760.4,-1298.16,892,574,898,581,22.0
DSCF0005,524,13363,445.43333333333334,907.5,629.5,711.0,-396.0,870,588,945,671,3713.5
DSCF0005,524,13364,445.46666666666664,970.5,679.0,1864.2533760000001,1546.301952,968,675,973,683,17.0
DSCF0005,524,13364,445.46666666666664,903.0,624.5,920.8800000000001,414.35999999999996,898,620,908,629,24.0
DSCF0005,524,13364,445.46666666666664,951.0,577.0,1712.16,-528.264,945,571,957,583,76.0
DSCF0005,524,13364,445.46666666666664,945.5,629.0,968.4000000000001,-167.4,908,589,983,669,2523.0
DSCF0005,524,13365,445.5,960.0,598.0,556.7013504000001,-839.4792192,956,596,964,600,16.5
DSCF0005,524,13365,445.5,945.0,642.5,1124.352,489.744,941,639,949,646,27.0
DSCF0005,524,13365,445.5,981.5,586.0,1233.864,-49.30560000000003,973,581,990,591,104.5
DSCF0005,524,13365,445.5,983.5,651.0,1071.3600000000001,329.03999999999996,946,604,1021,698,3704.0
DSCF0005,524,13366,445.53333333333336,996.5,645.5,1376.7408,249.8976,990,639,1003,652,91.5
DSCF0005,524,13366,445.53333333333336,1025.0,640.0,1175.544,-66.38400000000001,996,606,1054,674,1985.0
DSCF0005,524,13367,445.56666666666666,1027.5,665.0,1108.69632,450.95904,1020,651,1035,679,230.5
DSCF0005,524,13367,445.56666666666666,1056.0,679.0,1028.2176,675.4464,1022,631,1090,727,2740.0
DSCF0005,524,13368,445.6,1111.5,657.5,1955.478528,45.38361600000002,1108,655,1115,660,17.0
DSCF0005,524,13368,445.6,1122.0,663.0,1242.771936,446.0249856,1119,661,1125,665,10.0
DSCF0005,524,13368,445.6,1105.0,687.5,1293.28704,423.17856,1072,657,1138,718,2401.5
DSCF0005,524,13369,445.6333333333333,1126.5,723.5,904.314816,817.271424,1101,690,1152,757,1741.5
DSCF0005,524,13370,445.6666666666667,1137.5,766.5,559.7259263999999,1100.9085696,1111,736,1164,797,1876.0
DSCF0005,528,13376,445.8666666666667,905.0,768.0,0.0,0.0,851,739,959,797,3091.0
DSCF0005,528,13377,445.9,930.0,749.0,450.0,-342.0,878,710,982,788,4010.5
DSCF0005,528,13378,445.93333333333334,950.5,713.5,549.0,-775.8,908,672,993,755,3046.0
DSCF0005,528,13379,445.96666666666664,960.5,697.5,399.6,-598.3199999999999,921,652,1000,743,3113.0
DSCF0005,528,13380,446.0,971.0,677.0,348.84000000000003,-608.328,937,637,1005,717,3046.5
DSCF0005,528,13381,446.03333333333336,991.0,662.0,499.53600000000006,-513.3312,958,622,1024,702,2265.5
DSCF0005,528,13382,446.06666666666666,1006.0,682.0,469.81440000000003,154.66752,975,638,1037,726,2403.5
DSCF0005,528,13383,446.1,1035.0,654.5,709.9257600000001,-433.132992,999,622,1071,687,2196.0
DSCF0005,528,13384,446.1333333333333,1061.0,664.0,751.970304,-2.253196800000012,1037,635,1085,693,1529.0
DSCF0005,528,13385,446.1666666666667,1078.5,689.0,615.7881216000001,449.09872128,1051,647,1106,731,2424.5
DSCF0005,528,13386,446.2,1112.5,688.0,858.31524864,161.639488512,1084,662,1141,714,1789.5
DSCF0005,528,13387,446.23333333333335,1127.0,717.0,604.3260994560001,586.6557954048,1109,686,1145,748,1291.5
DSCF0005,528,13388,446.26666666666665,1134.0,742.5,367.7304397824,693.66231816192,1110,713,1158,772,1704.0
DSCF0005,528,13389,446.3,1164.0,773.0,687.09217591296,826.464927264768,1146,749,1182,797,998.0
DSCF0005,530,13379,445.96666666666664,915.0,699.5,0.0,0.0,908,696,922,703,57.5
DSCF0005,530,13380,446.0,926.5,693.5,207.0,-108.0,922,688,931,699,40.5
DSCF0005,530,13381,446.03333333333336,973.0,643.0,919.8,-952.2,969,638,977,648,46.0
DSCF0005,530,13382,446.06666666666666,1019.5,616.0,1204.92,-866.8800000000001,1016,612,1023,620,28.5
DSCF0005,530,13394,446.46666666666664,1163.0,554.0,366.49666537630515,-201.81445181539974,1156,548,1170,560,73.0
DSCF0005,530,13395,446.5,1167.0,567.0,218.59866615052206,153.27421927384012,1120,539,1214,595,2020.0
DSCF0005,531,13382,446.06666666666666,981.0,677.5,0.0,0.0,978,675,984,680,10.5
DSCF0005,531,13382,446.06666666666666,970.0,671.0,0.0,0.0,967,668,973,674,16.0
DSCF0005,531,13385,446.1666666666667,1047.5,658.0,399.0,-117.0,1044,656,1051,660,16.0
DSCF0005,531,13385,446.1666666666667,1049.0,693.5,474.0,135.0,1046,688,1052,699,40.5
DSCF0005,531,13387,446.23333333333335,1104.0,720.5,665.64,291.6,1100,714,1108,727,58.5
DSCF0005,531,13391,446.3666666666667,1165.5,757.5,470.85062400000004,251.53056000000004,1109,718,1222,797,4510.0
DSCF0005,531,13392,446.4,1168.5,721.0,242.34024960000002,-556.387776,1113,682,1224,760,4067.0
DSCF0005,531,13393,446.43333333333334,1236.0,669.5,1311.93609984,-1149.5551104,1175,620,1297,719,5318.5
DSCF0005,531,13394,446.46666666666664,1179.0,611.5,331.70256671600004,-113.14586542800001,1169,603,1189,620,151.0
DSCF0005,531,13394,446.46666666666664,1246.5,608.5,713.774439936,-1557.8220441600001,1185,555,1308,662,6418.0
DSCF0005,531,13395,446.5,1196.0,555.0,438.68102668640006,-1062.2583461712,1193,552,1199,558,16.5
DSCF0005,531,13395,446.5,1244.5,554.0,249.50977597440004,-1604.128817664,1193,505,1296,603,3803.5
DSCF0005,531,13396,446.53333333333336,1283.5,480.5,1750.47241067456,-1765.90333846848,1250,438,1317,523,2599.5
DSCF0005,531,13396,446.53333333333336,1231.5,496.0,-134.19608961024,-1685.6515270656,1211,463,1252,529,1711.0
DSCF0005,531,13397,446.56666666666666,1300.5,414.5,1006.188964269824,-1894.361335387392,1297,412,1304,417,16.0
DSCF0005,531,13397,446.56666666666666,1261.5,435.5,486.321564155904,-1763.26061082624,1257,432,1266,439,31.5
DSCF0005,531,13398,446.6,1338.5,307.0,1086.4755857079297,-2692.744534154957,1336,305,1341,309,10.0
DSCF0005,531,13398,446.6,1266.5,373.0,284.5286256623616,-1830.3042443304962,1257,369,1276,377,72.0
DSCF0005,531,13399,446.6333333333333,1362.5,213.5,866.5902342831719,-2760.097813661983,1360,211,1365,216,10.0
DSCF0005,531,13400,446.6666666666667,1334.0,166.0,-166.3639062867312,-1959.0391254647932,1328,162,1340,170,49.0
DSCF0005,531,13400,446.6666666666667,1317.5,218.0,561.4303052384502,-2053.9095279589787,1311,214,1324,222,55.0
DSCF0005,531,13401,446.7,1323.0,98.0,-264.5455625146925,-2007.6156501859173,1314,80,1332,116,295.5
DSCF0005,531,13402,446.73333333333335,1337.0,20.0,146.18177499412297,-2207.0462600743667,1329,11,1345,29,174.0
DSCF0005,547,13400,446.6666666666667,1259.5,143.0,0.0,0.0,1252,138,1267,148,89.0
DSCF0005,547,13401,446.7,1259.0,140.5,-9.0,-45.0,1256,139,1262,142,8.0
DSCF0005,547,13403,446.76666666666665,1221.0,58.5,-345.24,-754.2,1218,56,1224,61,11.5
DSCF0005,547,13405,446.8333333333333,1248.5,7.5,123.21359999999999,-730.5120000000001,1232,0,1265,15,303.5
DSCF0005,547,13408,446.93333333333334,1249.5,2.5,45.921206399999996,-266.68588800000003,1237,0,1262,5,59.0
DSCF0005,547,13410,447.0,1170.5,45.5,-694.468365696,290.99308032,1158,31,1183,60,284.0
DSCF0005,547,13411,447.03333333333336,1120.5,62.0,-1177.7873462784,413.397232128,1089,10,1152,114,2357.5
DSCF0005,547,13412,447.06666666666666,1058.5,121.5,-1587.11493851136,1236.3588928512,1042,105,1075,138,586.0
DSCF0005,547,13413,447.1,1066.0,248.0,-499.845975404544,2771.54355714048,1061,243,1071,253,27.5
DSCF0005,547,13414,447.1333333333333,1074.0,298.0,-55.93839016181761,2008.617422856192,1070,294,1078,302,30.5
DSCF0005,547,13415,447.1666666666667,1085.0,453.0,175.62464393527296,3593.446969142477,1081,450,1089,456,21.5
DSCF0005,547,13419,447.3,1095.0,752.0,96.2121461715256,2393.3491362019463,1092,749,1098,755,18.0
DSCF0005,548,13412,447.06666666666666,1137.0,189.0,0.0,0.0,1133,186,1141,192,25.0
DSCF0005,548,13412,447.06666666666666,1154.0,179.0,0.0,0.0,1151,177,1157,181,9.0
DSCF0005,548,13413,447.1,1149.0,243.5,216.0,981.0,1144,240,1154,247,24.0
DSCF0005,548,13413,447.1,1173.5,252.5,351.0,1323.0,1150,236,1197,269,692.0
DSCF0005,548,13414,447.1333333333333,1133.5,286.5,-192.6,1166.4,1125,281,1142,292,72.5
DSCF0005,548,13414,447.1333333333333,1143.5,320.0,-399.6,1744.2,1118,297,1169,343,836.0
DSCF0005,548,13415,447.1666666666667,1163.0,441.5,453.96,3256.56,1158,437,1168,446,53.5
DSCF0005,548,13415,447.1666666666667,1142.5,421.5,-177.84000000000003,2524.6800000000003,1139,418,1146,425,22.0
DSCF0005,548,13416,447.2,1182.5,529.0,532.5840000000001,2877.624,1180,526,1185,532,8.0
DSCF0005,548,13416,447.2,1138.0,519.0,-152.13600000000002,2764.8720000000003,1106,463,1170,575,3587.0
DSCF0005,548,13417,447.23333333333335,1136.0,609.5,-96.85440000000001,2734.9488,1094,558,1178,661,5162.5
DSCF0005,548,13418,447.26666666666665,1119.5,691.0,-335.74176,2560.97952,1088,642,1151,740,3294.0
DSCF0005,548,13419,447.3,1160.0,761.5,37.55721600000004,2327.350176,1155,759,1165,764,29.0
DSCF0005,548,13419,447.3,1119.0,763.0,-143.296704,2320.3918080000003,1083,729,1155,797,2976.0
DSCF0005,556,13473,449.1,812.0,775.0,0.0,0.0,788,753,836,797,1199.5
DSCF0005,556,13474,449.1333333333333,796.0,772.5,-288.0,-45.0,777,748,815,797,1012.0
DSCF0005,556,13475,449.1666666666667,801.5,749.0,-16.200000000000003,-441.0,771,701,832,797,3049.0
DSCF0005,556,13476,449.2,781.0,745.0,-375.48,-248.4,747,693,815,797,2673.0
DSCF0005,556,13477,449.23333333333335,783.0,732.5,-114.19200000000001,-324.36,756,671,810,794,3351.5
DSCF0005,556,13478,449.26666666666665,758.5,738.5,-486.6768,-21.744,720,680,797,797,4146.5
DSCF0005,556,13479,449.3,736.5,739.0,-590.6707200000001,0.30240000000000045,699,681,774,797,3872.5
DSCF0005,556,13480,449.3333333333333,700.5,740.0,-884.268288,18.12096,655,694,746,786,4567.0
DSCF0005,556,13481,449.3666666666667,663.5,758.5,-1019.7073152,340.248384,615,720,712,797,4873.5
DSCF0005,556,13482,449.4,632.0,771.0,-974.8829260800001,361.0993536,594,745,670,797,3279.5
DSCF0005,557,13487,449.56666666666666,963.5,777.0,0.0,0.0,938,757,989,797,1277.0
DSCF0005,557,13488,449.6,993.0,757.0,531.0,-360.0,970,732,1016,782,1078.5
DSCF0005,557,13489,449.6333333333333,1025.0,726.5,788.4,-693.0,1009,705,1041,748,523.5
DSCF0005,557,13490,449.6666666666667,1044.5,696.0,666.36,-826.2,1029,677,1060,715,510.5
DSCF0005,557,13491,449.7,1061.0,673.5,563.5440000000001,-735.48,1050,654,1072,693,326.5
DSCF0005,557,13492,449.73333333333335,1073.0,642.5,441.41760000000005,-852.192,1066,627,1080,658,268.0
DSCF0005,557,13493,449.76666666666665,1079.5,628.5,293.56704,-592.8768,1073,614,1086,643,245.0
DSCF0005,557,13494,449.8,1081.0,612.5,144.42681600000003,-525.15072,1071,601,1091,624,238.0
DSCF0005,557,13495,449.8333333333333,1058.5,609.0,-347.2292736,-273.060288,1051,597,1066,621,185.5
DSCF0005,557,13496,449.8666666666667,1065.0,607.0,-21.89170944,-145.22411520000003,1053,588,1077,626,437.5
DSCF0005,557,13497,449.9,1025.0,619.0,-728.756683776,157.91035391999998,1021,612,1029,626,66.5
DSCF0005,557,13498,449.93333333333334,1004.5,641.0,-660.5026735104,459.164141568,1000,635,1009,647,57.0
DSCF0005,557,13499,449.96666666666664,1002.5,656.5,-300.20106940416,462.6656566272,967,614,1038,699,2683.5
DSCF0005,557,13500,450.0,985.0,696.0,-435.080427761664,896.06626265088,948,648,1022,744,4373.5
DSCF0005,557,13502,450.06666666666666,857.5,766.5,-1304.128953994199,957.0838545543168,855,765,860,768,6.0
DSCF0005,559,13493,449.76666666666665,1067.5,633.5,0.0,0.0,1065,630,1070,637,16.0
DSCF0005,559,13495,449.8333333333333,1076.0,634.0,76.5,4.5,1072,630,1080,638,30.0
DSCF0005,559,13496,449.8666666666667,1054.0,624.0,-365.4,-178.2,1049,616,1059,632,88.5
DSCF0005,559,13497,449.9,1054.5,615.0,-137.16,-233.28,1034,589,1075,641,1367.5
DSCF0005,559,13498,449.93333333333334,1010.0,667.0,-855.864,842.688,1004,660,1016,674,78.5
DSCF0005,559,13501,450.03333333333336,937.0,717.5,-715.2999360000001,576.0309120000001,890,681,984,754,3244.0
DSCF0005,559,13502,450.06666666666666,909.0,759.5,-790.1199744,986.4123648,866,722,952,797,4281.0
DSCF0005,562,13584,452.8,1147.0,767.5,0.0,0.0,1138,752,1156,783,309.0
DSCF0005,562,13585,452.8333333333333,1153.0,750.5,108.0,-306.0,1147,738,1159,763,192.5
DSCF0005,562,13586,452.8666666666667,1154.0,736.0,61.2,-383.4,1147,719,1161,753,265.5
DSCF0005,562,13587,452.9,1151.0,728.0,-29.519999999999996,-297.36,1144,715,1158,741,200.5
DSCF0005,562,13588,452.93333333333334,1147.0,726.5,-83.80799999999999,-145.94400000000002,1138,714,1156,739,292.5
DSCF0005,562,13589,452.96666666666664,1138.5,726.5,-186.5232,-58.37760000000001,1122,712,1155,741,608.0
DSCF0005,562,13590,453.0,1121.5,730.0,-380.60928,39.648959999999995,1106,705,1137,755,783.5
DSCF0005,562,13591,453.03333333333336,1102.5,744.0,-494.243712,267.859584,1084,718,1121,770,936.5
DSCF0005,562,13592,453.06666666666666,1076.5,769.5,-665.6974848,566.1438336,1051,742,1102,797,1766.5
DSCF0005,562,13593,453.1,1044.5,775.5,-842.27899392,334.45753344,1011,754,1078,797,2012.5
DSCF0005,562,13594,453.1333333333333,1013.0,780.0,-903.9115975679999,214.783013376,979,763,1047,797,1249.0
DSCF0005,566,13654,455.1333333333333,786.0,773.5,0.0,0.0,765,750,807,797,915.5
DSCF0005,566,13655,455.1666666666667,766.0,758.0,-360.0,-279.0,734,719,798,797,3015.5
DSCF0005,566,13656,455.2,737.5,759.0,-657.0,-93.60000000000001,705,721,770,797,2738.5
DSCF0005,566,13657,455.23333333333335,707.5,757.0,-802.8,-73.44,674,717,741,797,2820.5
DSCF0005,566,13658,455.26666666666665,665.5,764.5,-1077.12,105.624,627,732,704,797,2679.5
DSCF0005,566,13659,455.3,627.0,769.5,-1123.848,132.2496,594,742,660,797,2434.5
DSCF0005,566,13660,455.3333333333333,582.0,778.0,-1259.5392,205.89983999999998,550,759,614,797,1570.5
DSCF0005,567,13665,455.5,822.5,769.5,0.0,0.0,792,742,853,797,2193.5
DSCF0005,567,13666,455.53333333333336,802.5,756.5,-360.0,-234.0,774,716,831,797,2444.5
DSCF0005,567,13667,455.56666666666666,790.5,749.5,-360.0,-219.60000000000002,758,702,823,797,3451.5
DSCF0005,567,13668,455.6,768.5,756.0,-540.0,29.159999999999982,730,715,807,797,3829.5
DSCF0005,567,13669,455.6333333333333,744.5,751.5,-648.0,-69.33600000000001,702,706,787,797,3614.5
DSCF0005,567,13670,455.6666666666667,717.5,751.5,-745.2,-27.734400000000008,671,706,764,797,4501.0
DSCF0005,567,13672,455.73333333333335,662.0,775.5,-767.772,206.015616,627,754,697,797,2093.0
DSCF0005,570,13690,456.3333333333333,1192.0,765.5,0.0,0.0,1186,759,1198,772,73.5
DSCF0005,570,13691,456.3666666666667,1167.5,769.0,-441.0,63.0,1156,749,1179,789,541.5
DSCF0005,570,13692,456.4,1143.0,766.5,-617.4,-19.799999999999997,1141,764,1145,769,6.0
DSCF0005,570,13693,456.43333333333334,1132.0,744.0,-444.96000000000004,-412.92,1127,738,1137,750,65.0
DSCF0005,570,13694,456.46666666666664,1135.5,720.0,-114.98400000000004,-597.168,1111,684,1160,756,1545.5
DSCF0005,570,13695,456.5,1117.0,713.5,-378.9936,-355.8672,1094,673,1140,754,1730.5
DSCF0005,570,13696,456.53333333333336,1091.5,720.5,-610.59744,-16.346880000000027,1059,669,1124,772,3496.0
DSCF0005,570,13697,456.56666666666666,1056.5,719.0,-874.238976,-33.53875200000001,1020,660,1093,778,4197.5
DSCF0005,570,13698,456.6,1015.0,727.0,-1096.6955904000001,130.58449919999998,973,657,1057,797,5954.0
DSCF0005,570,13699,456.6333333333333,962.0,745.5,-1392.67823616,385.23379968,912,694,1012,797,5757.5
DSCF0005,570,13700,456.6666666666667,909.0,746.5,-1511.071294464,172.093519872,857,696,961,797,7012.0
DSCF0005,570,13701,456.7,849.5,771.5,-1675.4285177856,518.8374079488,797,746,902,797,4057.0
DSCF0005,570,13702,456.73333333333335,791.0,776.0,-1723.17140711424,288.53496317952,740,755,842,797,2169.5
DSCF0005,578,13992,466.4,616.5,777.5,0.0,0.0,582,758,651,797,1710.0
DSCF0005,578,13993,466.43333333333334,669.0,757.0,945.0,-369.0,631,717,707,797,3475.0
DSCF0005,578,13994,466.46666666666664,724.0,751.5,1368.0,-246.6,683,706,765,797,4583.5
DSCF0005,578,13995,466.5,771.5,734.5,1402.2,-404.64,734,690,809,779,3744.0
DSCF0005,578,13996,466.53333333333336,818.0,742.0,1397.88,-26.855999999999995,786,698,850,786,2665.5
DSCF0005,578,13997,466.56666666666666,859.5,749.0,1306.152,115.2576,829,702,890,796,3970.5
DSCF0005,578,13998,466.6,896.5,748.0,1188.4608,28.10304,871,719,922,777,1589.0
DSCF0005,578,13999,466.6333333333333,930.0,767.5,1078.3843200000001,362.241216,907,738,953,797,1389.5
DSCF0005,578,14000,466.6666666666667,960.0,777.5,971.353728,324.8964864,941,758,979,797,1063.5
DSCF0005,593,14723,490.76666666666665,651.5,762.5,0.0,0.0,620,728,683,797,2690.5
DSCF0005,593,14724,490.8,710.5,754.0,1062.0,-153.0,659,711,762,797,5123.5
DSCF0005,593,14725,490.8333333333333,746.5,727.0,1072.8,-547.2,698,672,795,782,4923.5
DSCF0005,593,14726,490.8666666666667,784.0,710.5,1104.12,-515.88,737,655,831,766,4813.0
DSCF0005,593,14727,490.9,827.5,710.0,1224.648,-215.352,781,651,874,769,5571.5
DSCF0005,593,14728,490.93333333333334,866.5,696.0,1191.8591999999999,-338.1408,831,631,902,761,4360.0
DSCF0005,593,14729,490.96666666666664,904.0,694.5,1151.74368,-162.25632000000002,866,638,942,751,5019.0
DSCF0005,593,14730,491.0,950.5,698.0,1297.697472,-1.9025280000000038,920,657,981,739,2242.5
DSCF0005,593,14731,491.03333333333336,984.5,718.0,1131.0789888,359.2389888,954,676,1015,760,3064.5
DSCF0005,593,14732,491.06666666666666,1018.5,721.0,1064.43159552,197.69559552,996,686,1041,756,1910.5
DSCF0005,593,14733,491.1,1043.0,752.0,866.772638208,637.078238208,1018,717,1068,787,1447.0
DSCF0005,593,14734,491.1333333333333,1066.5,768.5,769.7090552832001,551.8312952832,1047,740,1086,797,1325.5
DSCF0005,596,14892,496.4,614.0,755.0,0.0,0.0,591,730,637,780,1255.0
DSCF0005,596,14893,496.43333333333334,647.5,730.5,603.0,-441.0,617,701,678,760,2041.5
DSCF0005,596,14894,496.46666666666664,690.0,726.5,1006.2,-248.4,646,688,734,765,3409.5
DSCF0005,596,14895,496.5,716.0,690.5,870.48,-747.36,681,642,751,739,2751.5
DSCF0005,596,14896,496.53333333333336,746.0,681.0,888.192,-469.944,713,640,779,722,2405.0
DSCF0005,596,14897,496.56666666666666,788.0,684.0,1111.2768,-133.97760000000002,750,643,826,725,3088.5
DSCF0005,596,14898,496.6,818.5,677.5,993.51072,-170.59104000000002,788,632,849,723,2558.5
DSCF0005,596,14899,496.6333333333333,849.5,673.5,955.404288,-140.23641600000002,815,626,884,721,3397.0
DSCF0005,596,14900,496.6666666666667,889.5,665.5,1102.1617152,-200.09456640000002,859,631,920,700,2264.5
DSCF0005,596,14901,496.7,921.5,695.0,1016.86468608,450.96217344,893,651,950,739,2243.5
DSCF0005,596,14902,496.73333333333335,953.0,686.5,973.7458744319999,27.38486937600001,927,661,979,712,1637.0
DSCF0005,596,14903,496.76666666666665,985.0,705.0,965.4983497728,343.9539477504,965,677,1005,733,1059.5
DSCF0005,601,15192,506.4,800.0,778.5,0.0,0.0,762,760,838,797,1358.0
DSCF0005,601,15193,506.43333333333334,852.0,761.5,936.0,-306.0,798,737,906,786,3102.0
DSCF0005,601,15194,506.46666666666664,862.5,731.0,563.4000000000001,-671.4,819,701,906,761,2627.0
DSCF0005,601,15195,506.5,888.5,704.5,693.36,-745.56,827,668,950,741,3744.0
DSCF0005,601,15196,506.53333333333336,924.5,683.0,925.344,-685.2239999999999,870,648,979,718,4074.0
DSCF0005,601,15197,506.56666666666666,936.0,661.5,577.1376,-661.0896,909,634,963,689,1552.5
DSCF0005,601,15198,506.6,966.0,636.5,770.85504,-714.4358400000001,939,612,993,661,1104.5
DSCF0005,601,15198,506.6,930.5,646.5,0.0,0.0,922,639,939,654,167.5
DSCF0005,601,15199,506.6333333333333,999.5,610.0,911.3420160000001,-762.7743360000001,975,587,1024,633,946.0
DSCF0005,601,15199,506.6333333333333,968.0,613.5,675.0,-594.0,961,606,975,621,89.0
DSCF0005,601,15200,506.6666666666667,1020.0,585.5,733.5368064,-746.1097344,998,566,1042,605,800.0
DSCF0005,601,15200,506.6666666666667,991.5,577.0,693.0,-894.6,987,574,996,580,35.5
DSCF0005,601,15201,506.7,1046.0,566.5,761.41472256,-640.44389376,1027,546,1065,587,737.5
DSCF0005,601,15201,506.7,1032.5,558.0,1015.2,-699.84,1029,555,1036,561,21.5
DSCF0005,601,15202,506.73333333333335,1068.5,546.0,709.565889024,-625.1775575040001,1055,524,1082,568,535.5
DSCF0005,601,15202,506.73333333333335,1088.0,533.5,1405.08,-720.936,1086,531,1090,536,8.5
DSCF0005,601,15203,506.76666666666665,1091.5,519.0,697.8263556096,-736.0710230016,1082,511,1101,527,166.0
DSCF0005,601,15203,506.76666666666665,1112.0,461.0,994.032,-1593.3744000000002,1106,456,1118,466,70.5
DSCF0005,601,15204,506.8,1112.5,489.5,657.13054224384,-825.4284092006401,1100,474,1125,505,379.5
DSCF0005,601,15204,506.8,1165.0,488.0,1351.6128,-151.34976000000006,1162,486,1168,490,9.0
DSCF0005,601,15205,506.8333333333333,1126.0,475.0,505.852216897536,-591.171363680256,1102,454,1150,496,901.5
DSCF0005,601,15205,506.8333333333333,1157.5,471.5,405.64512,-357.53990400000004,1155,470,1160,473,6.0
DSCF0005,601,15206,506.8666666666667,1136.5,444.0,391.34088675901444,-794.4685454721024,1113,429,1160,459,525.5
DSCF0005,601,15207,506.9,1141.0,417.0,237.53635470360578,-803.787418188841,1129,407,1153,427,258.5
DSCF0005,601,15207,506.9,1172.0,426.5,276.53224320000004,-533.71436544,1166,421,1178,432,42.0
DSCF0005,601,15208,506.93333333333334,1136.5,390.0,14.014541881442312,-807.5149672755365,1105,351,1168,429,2148.5
DSCF0005,601,15208,506.93333333333334,1177.0,388.5,200.61289728000003,-897.485746176,1165,375,1189,402,275.0
DSCF0005,601,15209,506.96666666666664,1135.0,359.0,-21.394183247423076,-881.0059869102147,1090,315,1180,403,2503.5
DSCF0005,601,15209,506.96666666666664,1192.5,355.0,359.245158912,-961.9942984704,1190,351,1195,359,14.0
DSCF0005,601,15210,507.0,1153.5,327.5,324.44232670103077,-919.4023947640859,1118,287,1189,368,2014.0
DSCF0005,601,15210,507.0,1207.5,320.5,413.6980635648,-1005.79771938816,1186,293,1229,348,630.0
DSCF0005,601,15211,507.03333333333336,1188.5,299.5,759.7769306804123,-871.7609579056343,1182,288,1195,311,93.5
DSCF0005,601,15211,507.03333333333336,1229.5,288.5,561.47922542592,-978.319087755264,1203,266,1256,311,809.0
DSCF0005,601,15212,507.06666666666666,1217.5,279.5,825.9107722721649,-708.7043831622537,1206,273,1229,286,106.5
DSCF0005,601,15213,507.1,1206.0,177.0,123.36430890886595,-2128.4817532649013,1182,124,1230,230,1643.0
DSCF0005,601,15213,507.1,1260.5,228.5,481.13252115333125,-892.1948715918951,1259,226,1262,231,6.0
DSCF0005,601,15214,507.1333333333333,1218.5,106.5,274.34572356354636,-2120.3927013059606,1208,95,1229,118,316.0
DSCF0005,601,15214,507.1333333333333,1238.0,173.0,-212.5469915386675,-1355.877948636758,1227,155,1249,191,386.0
DSCF0005,601,15216,507.2,1259.0,2.5,463.2644604828767,-1699.3413724701459,1256,0,1262,5,14.0
DSCF0005,601,15216,507.2,1239.5,45.5,-63.0169169539203,-1635.6160615092328,1191,0,1288,91,2980.5
DSCF0005,603,15200,506.6666666666667,968.5,586.0,0.0,0.0,944,563,993,609,1028.5
DSCF0005,603,15201,506.7,1007.0,584.5,693.0,-27.0,995,573,1019,596,331.5
DSCF0005,603,15202,506.73333333333335,1040.5,551.5,880.2,-604.8,1025,532,1056,571,738.0
DSCF0005,603,15203,506.76666666666665,1046.0,513.0,451.08000000000004,-934.92,997,482,1095,544,2045.5
DSCF0005,603,15204,506.8,1081.0,510.0,810.432,-427.968,1058,487,1104,533,812.5
DSCF0005,603,15205,506.8333333333333,1093.0,486.5,540.1728,-594.1872000000001,1077,468,1109,505,482.5
DSCF0005,603,15206,506.8666666666667,1114.5,454.0,603.06912,-822.67488,1100,435,1129,473,591.5
DSCF0005,603,15207,506.9,1149.0,438.5,862.227648,-608.0699520000001,1125,427,1173,450,569.0
DSCF0005,603,15208,506.93333333333334,1160.0,400.0,542.8910592,-936.2279808000001,1156,398,1164,402,16.5
DSCF0005,603,15209,506.96666666666664,1187.5,382.5,712.15642368,-689.49119232,1176,372,1199,393,172.0
DSCF0005,603,15210,507.0,1215.5,330.5,788.862569472,-1211.796476928,1212,327,1219,334,21.5
DSCF0005,603,15211,507.03333333333336,1234.5,291.5,657.5450277888001,-1186.7185907712,1231,288,1238,295,29.5
DSCF0005,603,15212,507.06666666666666,1326.0,232.0,1910.01801111552,-1545.68743630848,1323,230,1329,234,11.5
DSCF0005,603,15214,507.1333333333333,1328.0,122.5,705.6064840015873,-1541.9474770710528,1306,109,1350,136,398.0
DSCF0005,603,15216,507.2,1342.5,22.0,384.51833424057145,-1459.6010917455792,1339,19,1346,25,20.0
DSCF0005,603,15231,507.7,1356.5,2.0,51.98618451019553,-157.56396497159247,1354,0,1359,4,8.5
DSCF0005,603,15232,507.73333333333335,1323.5,54.0,-573.2055261959218,872.974414011363,1321,52,1326,56,8.5
DSCF0005,603,15233,507.76666666666665,1292.0,185.5,-796.2822104783687,2716.1897656045453,1279,177,1305,194,264.5
DSCF0005,603,15234,507.8,1317.5,327.5,140.4871158086525,3642.475906241818,1315,326,1320,329,6.0
DSCF0005,603,15235,507.8333333333333,1285.0,442.5,-528.805153676539,3526.9903624967274,1282,440,1288,445,12.5
DSCF0005,619,15232,507.73333333333335,1335.0,79.0,0.0,0.0,1324,63,1346,95,278.0
DSCF0005,619,15233,507.76666666666665,1260.0,196.0,-1350.0,2106.0,1256,192,1264,200,27.5
DSCF0005,619,15235,507.8333333333333,1202.0,427.5,-1008.0,2841.66,1197,425,1207,430,29.0
DSCF0005,619,15236,507.8666666666667,1168.5,517.5,-1006.2,2756.6639999999998,1124,465,1213,570,4146.5
DSCF0005,619,15237,507.9,1092.5,576.0,-1770.48,2155.6656000000003,1050,549,1135,603,2419.0
DSCF0005,619,15238,507.93333333333334,1057.5,656.0,-1338.192,2302.26624,1054,651,1061,661,25.5
DSCF0005,619,15241,508.03333333333336,910.0,714.5,-1318.574208,1096.93426176,889,699,931,730,572.0
DSCF0005,619,15244,508.1333333333333,899.0,768.5,-493.218043392,679.40670081024,897,766,901,771,6.0
DSCF0005,621,15233,507.76666666666665,1405.0,277.0,0.0,0.0,1401,275,1409,279,13.0
DSCF0005,621,15234,507.8,1325.0,393.0,-1440.0,2088.0,1320,389,1330,397,49.5
DSCF0005,621,15235,507.8333333333333,1290.5,467.0,-1197.0,2167.2,1285,464,1296,470,30.0
DSCF0005,621,15236,507.8666666666667,1098.0,554.5,-3943.8,2441.88,1089,547,1107,562,115.0
DSCF0005,621,15237,507.9,1029.0,597.0,-2819.5200000000004,1741.752,1025,593,1033,601,34.5
DSCF0005,621,15238,507.93333333333334,1011.5,630.0,-1442.8080000000002,1290.7008,949,585,1074,675,4053.5
DSCF0005,621,15239,507.96666666666664,971.0,658.5,-1306.1232,1029.28032,947,634,995,683,1410.5
DSCF0005,621,15240,508.0,953.5,692.0,-837.44928,1014.7121280000001,922,672,985,712,1272.0
DSCF0005,621,15241,508.03333333333336,935.0,735.5,-667.9797120000001,1188.8848512,930,731,940,740,36.5
DSCF0005,621,15242,508.06666666666666,921.0,737.0,-519.1918848,502.55394048,912,726,930,748,254.0
DSCF0005,621,15243,508.1,918.0,755.5,-261.67675392,534.021576192,910,744,926,767,267.0
DSCF0005,621,15244,508.1333333333333,918.0,771.0,-104.67070156800001,492.60863047680004,908,764,928,778,186.5
DSCF0005,638,15366,512.2,1163.5,398.5,0.0,0.0,1156,394,1171,403,61.5
DSCF0005,638,15367,512.2333333333333,1080.5,514.5,-1494.0,2088.0,1074,510,1087,519,60.5
DSCF0005,638,15368,512.2666666666667,1026.0,576.0,-1578.6,1942.2,992,541,1060,611,922.0
DSCF0005,638,15369,512.3,954.5,650.0,-1918.44,2108.88,917,613,992,687,1830.5
DSCF0005,638,15370,512.3333333333334,889.5,716.5,-1937.3760000000002,2040.5520000000001,853,680,926,753,1810.0
DSCF0005,638,15371,512.3666666666667,831.5,771.0,-1818.9504000000002,1797.2208,799,745,864,797,1556.5
