video_id,track_id,frame,time_sec,x,y,vx,vy,bbox_x1,bbox_y1,bbox_x2,bbox_y2,area
video_sincronitzat,480,1974,65.8,384.0,766.5,0.0,0.0,382,765,386,768,4.0
video_sincronitzat,480,1976,65.86666666666666,383.5,766.5,-4.5,0.0,381,765,386,768,6.0
video_sincronitzat,480,1977,65.9,383.5,766.5,-1.8,0.0,381,765,386,768,6.0
video_sincronitzat,480,1978,65.93333333333334,383.5,766.5,-0.7200000000000001,0.0,381,765,386,768,6.0
video_sincronitzat,480,1988,66.26666666666667,368.0,769.0,-28.011577100832,4.5,364,767,372,771,12.0
video_sincronitzat,480,1989,66.3,370.0,768.5,24.7953691596672,-7.2,368,767,372,770,4.0
video_sincronitzat,480,1990,66.33333333333333,346.0,763.5,-422.0818523361331,-92.88,344,761,348,766,8.5
video_sincronitzat,480,1991,66.36666666666666,346.0,763.5,-168.83274093445326,-37.152,344,761,348,766,8.5
video_sincronitzat,480,1992,66.4,349.0,761.0,-13.533096373781305,-59.8608,347,759,351,763,5.5
video_sincronitzat,480,1993,66.43333333333334,349.0,761.0,-5.413238549512522,-23.94432,347,759,351,763,4.0
video_sincronitzat,480,1994,66.46666666666667,390.5,775.0,744.834704580195,242.422272,387,772,394,778,13.5
video_sincronitzat,480,1997,66.56666666666666,422.0,778.0,430.32644428398316,96.54481612800001,420,776,424,780,4.0
video_sincronitzat,480,1998,66.6,422.5,778.0,181.13057771359328,38.617926451200006,420,776,425,780,8.5
video_sincronitzat,480,1999,66.63333333333334,422.0,777.0,63.45223108543732,-2.5528294195199965,419,775,425,779,10.0
video_sincronitzat,480,2000,66.66666666666667,422.0,777.0,25.38089243417493,-1.0211317678079987,419,775,425,779,11.5
video_sincronitzat,480,2001,66.7,422.5,777.0,19.152356973669974,-0.40845270712319953,420,775,425,779,10.0
video_sincronitzat,480,2002,66.73333333333333,423.5,777.0,25.66094278946799,-0.16338108284927982,421,775,426,779,8.5
video_sincronitzat,480,2003,66.76666666666667,423.0,777.0,1.2643771157871964,-0.06535243313971194,421,775,425,779,5.5
video_sincronitzat,480,2004,66.8,423.0,777.0,0.5057508463148785,-0.026140973255884777,421,775,425,779,5.5
video_sincronitzat,480,2005,66.83333333333333,422.0,776.5,-17.79769966147405,-9.010456389302353,420,775,424,778,4.0
video_sincronitzat,480,2008,66.93333333333334,399.0,776.0,-143.7664546903176,-5.9193878701339635,395,774,403,778,11.0
video_sincronitzat,480,2009,66.96666666666667,391.0,768.0,-201.50658187612703,-146.3677551480536,388,765,394,771,16.5
video_sincronitzat,480,2010,67.0,391.0,768.0,-80.60263275045082,-58.54710205922144,388,765,394,771,14.0
video_sincronitzat,480,2011,67.03333333333333,405.0,774.0,219.75894689981968,84.58115917631142,402,772,408,776,7.0
video_sincronitzat,480,2013,67.1,397.5,777.0,11.613220883935085,57.44921730347211,395,775,400,779,8.5
video_sincronitzat,480,2014,67.13333333333334,377.5,758.0,-355.354711646426,-319.02031307861114,376,756,379,760,4.0
video_sincronitzat,480,2016,67.2,382.5,767.0,-82.92769619271336,-33.847312708300024,380,765,385,769,7.0
video_sincronitzat,480,2027,67.56666666666666,376.0,756.5,-22.20240353618844,-21.902549460500964,373,754,379,759,11.5
video_sincronitzat,480,2028,67.6,375.0,756.5,-26.88096141447538,-8.761019784200386,372,754,378,759,11.5
video_sincronitzat,480,2029,67.63333333333334,375.5,756.5,-1.7523845657901518,-3.5044079136801543,373,754,378,759,10.0
video_sincronitzat,480,2030,67.66666666666667,375.0,756.5,-9.700953826316061,-1.4017631654720617,372,754,378,759,11.5
video_sincronitzat,480,2032,67.73333333333333,393.5,682.5,163.0076566225262,-666.50463473957,391,681,396,684,6.0
video_sincronitzat,1082,13432,447.73333333333335,707.5,667.0,0.0,0.0,701,663,714,671,68.0
video_sincronitzat,1082,13433,447.76666666666665,737.5,666.5,540.0,-9.0,731,662,744,671,79.0
video_sincronitzat,1082,13434,447.8,769.5,660.5,792.0,-111.6,762,654,777,667,116.5
video_sincronitzat,1082,13435,447.8333333333333,797.0,650.0,811.8,-233.64,786,643,808,657,186.5
video_sincronitzat,1082,13436,447.8666666666667,830.0,634.5,918.72,-372.456,820,624,840,645,232.5
video_sincronitzat,1082,13437,447.9,859.5,605.5,898.488,-670.9824,841,588,878,623,500.0
video_sincronitzat,1082,13438,447.93333333333334,881.0,588.5,746.3952,-574.39296,865,573,897,604,465.5
video_sincronitzat,1082,13439,447.96666666666664,916.0,549.5,928.55808,-931.757184,903,536,929,563,381.0
video_sincronitzat,1082,13440,448.0,910.0,504.5,263.42323200000004,-1182.7028736,896,497,924,512,285.5
video_sincronitzat,1082,13442,448.06666666666666,971.0,379.0,643.8323635200001,-1555.273034496,968,369,974,389,64.0
video_sincronitzat,1082,13443,448.1,1002.5,334.0,824.532945408,-1432.1092137984,991,325,1014,343,286.0
video_sincronitzat,1234,23107,770.2333333333333,907.5,710.0,0.0,0.0,903,706,912,714,32.5
video_sincronitzat,1234,23108,770.2666666666667,888.5,694.5,-342.0,-279.0,883,689,894,700,66.0
video_sincronitzat,1234,23109,770.3,867.0,677.0,-523.8,-426.6,862,672,872,682,58.0
video_sincronitzat,1234,23110,770.3333333333334,847.5,656.5,-560.52,-539.64,842,651,853,662,66.0
video_sincronitzat,1234,23111,770.3666666666667,829.0,637.0,-557.208,-566.856,823,632,835,642,59.5
video_sincronitzat,1234,23112,770.4,808.0,619.0,-600.8832,-550.7424,801,613,815,625,89.5
video_sincronitzat,1234,23113,770.4333333333333,788.5,600.5,-591.35328,-553.29696,782,594,795,607,105.5
video_sincronitzat,1234,23114,770.4666666666667,768.5,582.0,-596.5413120000001,-554.318784,762,576,775,588,102.0
video_sincronitzat,1234,23115,770.5,748.0,561.5,-607.6165248,-590.7275136000001,745,559,751,564,15.0
video_sincronitzat,1298,32671,1089.0333333333333,715.0,621.0,0.0,0.0,710,617,720,625,49.5
video_sincronitzat,1298,32672,1089.0666666666666,739.0,631.0,432.0,180.0,734,625,744,637,73.0
video_sincronitzat,1298,32673,1089.1,761.0,635.5,568.8,153.0,754,629,768,642,116.5
video_sincronitzat,1298,32674,1089.1333333333334,784.5,644.5,650.52,223.2,777,638,792,651,136.0
video_sincronitzat,1298,32675,1089.1666666666667,810.5,641.5,728.2080000000001,35.28,800,632,821,651,253.5
video_sincronitzat,1298,32676,1089.2,837.0,625.5,768.2832000000001,-273.888,820,611,854,640,499.0
video_sincronitzat,1298,32677,1089.2333333333333,859.0,609.0,703.3132800000001,-406.5552,838,592,880,626,763.0
video_sincronitzat,1298,32678,1089.2666666666667,895.5,570.0,938.325312,-864.62208,877,550,914,590,905.5
video_sincronitzat,1298,32679,1089.3,922.5,530.5,861.3301248,-1056.8488320000001,914,520,931,541,131.0
video_sincronitzat,1298,32680,1089.3333333333333,1002.5,422.5,1784.53204992,-2366.7395328000002,999,420,1006,425,13.0
video_sincronitzat,1298,32683,1089.4333333333334,1101.5,164.5,1172.18838417408,-2314.8236086272,1100,162,1103,167,6.0
video_sincronitzat,1300,32676,1089.2,811.0,609.5,0.0,0.0,808,607,814,612,11.0
video_sincronitzat,1300,32679,1089.3,883.0,494.5,432.0,-690.0,856,472,910,517,1242.0
video_sincronitzat,1300,32680,1089.3333333333333,917.5,471.5,793.8,-690.0,878,443,957,500,2225.5
video_sincronitzat,1300,32681,1089.3666666666666,950.0,356.0,902.52,-2355.0,947,353,953,359,15.5
video_sincronitzat,1300,32682,1089.4,1035.5,285.0,1900.008,-2220.0,1026,267,1045,303,443.5
video_sincronitzat,1300,32683,1089.4333333333334,1077.5,171.0,1516.0032,-2940.0,1067,146,1088,196,584.0
video_sincronitzat,1300,32684,1089.4666666666667,1129.5,53.0,1542.40128,-3300.0,1098,6,1161,100,3133.5
video_sincronitzat,1309,33530,1117.6666666666667,1051.0,88.0,0.0,0.0,1045,72,1057,104,199.0
video_sincronitzat,1309,33531,1117.7,1050.0,195.0,-18.0,1926.0,1031,139,1069,251,2695.5
video_sincronitzat,1309,33532,1117.7333333333333,1044.5,242.5,-106.2,1625.4,1031,224,1058,261,576.5
video_sincronitzat,1309,33533,1117.7666666666667,1011.0,379.5,-645.48,3116.16,975,344,1047,415,1144.5
video_sincronitzat,1309,33534,1117.8,961.0,427.0,-1158.192,2101.464,925,387,997,467,3026.5
video_sincronitzat,1309,33535,1117.8333333333333,930.5,531.0,-1012.2768000000001,2712.5856,926,527,935,535,34.0
video_sincronitzat,1309,33536,1117.8666666666666,919.0,569.0,-611.9107200000001,1769.03424,911,559,927,579,169.5
video_sincronitzat,1309,33537,1117.9,887.5,601.5,-811.7642880000001,1292.613696,879,592,896,611,205.0
video_sincronitzat,1309,33538,1117.9333333333334,852.0,617.0,-963.7057152,796.0454784,846,612,858,622,83.5
video_sincronitzat,1309,33539,1117.9666666666667,823.0,629.5,-907.48228608,543.41819136,816,623,830,636,103.0
video_sincronitzat,1309,33540,1118.0,798.0,632.5,-812.992914432,271.367276544,794,629,802,636,28.5
video_sincronitzat,1309,33541,1118.0333333333333,778.0,632.5,-685.1971657728,108.5469106176,774,630,782,635,20.5
video_sincronitzat,1336,38021,1267.3666666666666,1360.0,313.0,0.0,0.0,1349,301,1371,325,263.5
video_sincronitzat,1336,38022,1267.4,1245.0,320.0,-2070.0,126.0,1228,300,1262,340,779.5
video_sincronitzat,1336,38023,1267.4333333333334,1164.5,409.0,-2277.0,1652.4,1159,403,1170,415,86.0
video_sincronitzat,1336,38024,1267.4666666666667,1158.0,414.5,-1027.8000000000002,759.96,1151,406,1165,423,116.0
video_sincronitzat,1336,38025,1267.5,1109.0,437.5,-1293.1200000000001,717.984,1077,414,1141,461,1491.5
video_sincronitzat,1336,38029,1267.6333333333334,1013.0,580.0,-809.0737920000001,850.6141344,1007,576,1019,584,52.5
video_sincronitzat,1336,38030,1267.6666666666667,1031.5,601.0,9.37048319999991,718.2456537600001,1019,586,1044,616,297.5
video_sincronitzat,1336,38031,1267.7,1019.0,643.0,-221.25180672000005,1043.298261504,990,621,1048,665,873.5
video_sincronitzat,1336,38033,1267.7666666666667,971.0,666.0,-511.6506504192,582.58737414144,967,662,975,670,39.0
video_sincronitzat,1336,38034,1267.8,946.0,672.0,-654.66026016768,341.03494965657603,942,670,950,674,15.0
video_sincronitzat,1336,38035,1267.8333333333333,919.5,680.5,-738.864104067072,289.4139798626304,912,673,927,688,150.5
video_sincronitzat,1336,38036,1267.8666666666666,901.0,683.0,-628.5456416268289,160.76559194505217,894,678,908,688,100.0
video_sincronitzat,1336,38037,1267.9,880.0,679.5,-629.4182566507316,1.3062367780208746,872,672,888,687,147.0
video_sincronitzat,1336,38038,1267.9333333333334,865.0,677.5,-521.7673026602927,-35.47750528879165,857,672,873,683,123.5
video_sincronitzat,1336,38039,1267.9666666666667,852.5,672.0,-433.70692106411707,-113.19100211551665,848,668,857,676,49.0
video_sincronitzat,1336,38040,1268.0,841.0,668.5,-380.48276842564684,-108.27640084620666,837,662,845,675,55.0
video_sincronitzat,1336,38041,1268.0333333333333,835.0,665.0,-260.19310737025876,-106.31056033848267,830,661,840,669,44.0
video_sincronitzat,1336,38042,1268.0666666666666,828.5,661.0,-221.0772429481035,-114.52422413539307,825,657,832,665,33.5
video_sincronitzat,1354,42216,1407.2,748.0,658.5,0.0,0.0,745,654,751,663,26.0
video_sincronitzat,1354,42218,1407.2666666666667,747.0,681.5,-9.0,207.0,742,676,752,687,45.0
video_sincronitzat,1354,42219,1407.3,754.5,685.5,131.4,154.8,748,677,761,694,134.5
video_sincronitzat,1354,42220,1407.3333333333333,771.0,691.0,349.56,160.92000000000002,761,683,781,699,196.0
video_sincronitzat,1354,42221,1407.3666666666666,789.5,685.5,472.824,-34.63199999999999,774,670,805,701,505.5
video_sincronitzat,1354,42222,1407.4,825.0,659.5,828.1296,-481.8528,803,637,847,682,940.5
video_sincronitzat,1354,42224,1407.4666666666667,898.0,594.0,955.126656,-762.9670080000001,860,550,936,638,2892.5
video_sincronitzat,1354,42225,1407.5,939.0,550.0,1120.0506624,-1097.1868032,932,542,946,558,139.5
video_sincronitzat,1354,42226,1407.5333333333333,1020.0,460.0,1906.02026496,-2058.87472128,1008,427,1032,493,754.0
video_sincronitzat,1354,42227,1407.5666666666666,1064.0,299.0,1554.408105984,-3721.549888512,1057,284,1071,314,209.0
video_sincronitzat,1354,42228,1407.6,1156.5,162.5,2286.7632423936,-3945.6199554048,1146,134,1167,191,429.5
video_sincronitzat,1360,43007,1433.5666666666666,729.0,648.0,0.0,0.0,724,644,734,652,43.5
video_sincronitzat,1360,43008,1433.6,755.0,653.0,468.0,90.0,747,648,763,658,91.5
video_sincronitzat,1360,43009,1433.6333333333334,782.0,655.0,673.2,72.0,773,649,791,661,130.5
video_sincronitzat,1360,43010,1433.6666666666667,811.0,657.5,791.28,73.8,800,649,822,666,253.0
video_sincronitzat,1360,43011,1433.7,844.0,648.0,910.512,-141.48,831,639,857,657,318.0
video_sincronitzat,1360,43012,1433.7333333333333,880.5,632.5,1021.2048,-335.592,862,621,899,644,556.0
video_sincronitzat,1360,43013,1433.7666666666667,918.5,614.0,1092.48192,-467.2368,908,601,929,627,307.0
video_sincronitzat,1360,43014,1433.8,938.0,597.5,787.9927680000001,-483.89472,932,589,944,606,127.5
video_sincronitzat,1372,43863,1462.1,1140.0,297.5,0.0,0.0,1126,277,1154,318,679.0
video_sincronitzat,1372,43864,1462.1333333333334,1065.5,368.0,-1341.0,1269.0,1041,340,1090,396,1372.0
video_sincronitzat,1372,43866,1462.2,964.0,491.0,-1396.26,1563.8400000000001,919,465,1009,517,1759.0
video_sincronitzat,1372,43867,1462.2333333333333,940.0,545.0,-990.504,1597.536,934,534,946,556,175.5
video_sincronitzat,1372,43868,1462.2666666666667,911.5,595.0,-909.2016000000001,1539.0144,903,585,920,605,208.0
video_sincronitzat,1372,43869,1462.3,887.5,617.0,-795.68064,1011.60576,878,607,897,627,221.0
video_sincronitzat,1372,43870,1462.3333333333333,863.5,638.0,-750.272256,782.642304,854,629,873,647,196.5
video_sincronitzat,1372,43871,1462.3666666666666,840.5,648.5,-714.1089024,502.0569216,835,645,846,652,38.0
video_sincronitzat,1372,43872,1462.4,815.0,650.5,-744.6435609600001,236.82276864000002,811,647,819,654,27.5
video_sincronitzat,1383,45116,1503.8666666666666,817.5,668.0,0.0,0.0,814,665,821,671,25.5
video_sincronitzat,1383,45117,1503.9,827.0,667.5,171.0,-9.0,820,660,834,675,117.0
video_sincronitzat,1383,45118,1503.9333333333334,840.0,662.5,302.4,-93.6,832,655,848,670,184.5
video_sincronitzat,1383,45119,1503.9666666666667,855.5,654.0,399.96,-190.44,842,641,869,667,466.0
video_sincronitzat,1383,45120,1504.0,865.5,655.5,339.98400000000004,-49.176,863,652,868,659,13.0
video_sincronitzat,1383,45121,1504.0333333333333,924.0,616.5,1188.9936,-721.6704,917,607,931,626,168.0
video_sincronitzat,1383,45122,1504.0666666666666,977.0,536.5,1429.59744,-1728.66816,962,515,992,558,735.5
video_sincronitzat,1383,45123,1504.1,1003.5,457.5,1048.838976,-2113.467264,962,436,1045,479,2093.0
video_sincronitzat,1395,47671,1589.0333333333333,828.5,623.0,0.0,0.0,824,618,833,628,57.0
video_sincronitzat,1395,47672,1589.0666666666666,857.5,612.5,522.0,-189.0,851,607,864,618,91.5
video_sincronitzat,1395,47673,1589.1,890.0,595.5,793.8,-381.6,875,583,905,608,405.5
video_sincronitzat,1395,47674,1589.1333333333334,921.0,558.5,875.52,-818.64,912,550,930,567,164.0
video_sincronitzat,1395,47675,1589.1666666666667,964.0,501.5,1124.208,-1353.4560000000001,930,482,998,521,932.0
video_sincronitzat,1395,47676,1589.2,1023.5,447.0,1520.6832,-1522.3824,991,422,1056,472,1746.0
video_sincronitzat,1395,47677,1589.2333333333333,1075.5,342.5,1544.2732799999999,-2489.95296,1073,340,1078,345,12.5
video_sincronitzat,1395,47678,1589.2666666666667,1078.5,219.5,671.709312,-3209.981184,1075,213,1082,226,48.0
video_sincronitzat,1395,47679,1589.3,1189.0,122.0,2257.6837248,-3038.9924736000003,1179,107,1199,137,210.5
video_sincronitzat,1395,47680,1589.3333333333333,1245.0,11.0,1911.0734899200002,-3213.5969894400005,1233,0,1257,22,253.0
video_sincronitzat,1407,48776,1625.8666666666666,745.0,659.0,0.0,0.0,740,655,750,663,44.5
video_sincronitzat,1407,48777,1625.9,786.0,650.0,738.0,-162.0,777,643,795,657,162.0
video_sincronitzat,1407,48778,1625.9333333333334,830.5,641.0,1096.2,-226.8,822,633,839,649,135.0
video_sincronitzat,1407,48779,1625.9666666666667,872.0,610.0,1185.48,-648.72,860,596,884,624,269.0
video_sincronitzat,1407,48780,1626.0,908.5,596.0,1131.192,-511.488,897,579,920,613,295.5
video_sincronitzat,1407,48781,1626.0333333333333,938.0,549.0,983.4768,-1050.5952,932,544,944,554,50.5
video_sincronitzat,1407,48782,1626.0666666666666,969.0,484.0,951.3907200000001,-1590.23808,949,441,989,527,1503.0
video_sincronitzat,1407,48783,1626.1,1049.5,438.0,1829.556288,-1464.0952320000001,1015,427,1084,449,784.5
video_sincronitzat,1407,48785,1626.1666666666667,1135.5,241.0,1432.64026368,-2300.07428352,1130,234,1141,248,91.5
video_sincronitzat,1407,48786,1626.2,1149.0,125.5,816.056105472,-2999.029713408,1147,123,1151,128,10.0
video_sincronitzat,1425,48901,1630.0333333333333,1257.5,370.0,0.0,0.0,1256,367,1259,373,6.0
video_sincronitzat,1425,48902,1630.0666666666666,1141.5,420.0,-2088.0,900.0,1130,409,1153,431,261.5
video_sincronitzat,1425,48903,1630.1,1090.5,451.0,-1753.2,918.0,1025,426,1156,476,2677.0
video_sincronitzat,1425,48904,1630.1333333333334,1053.0,482.5,-1376.2800000000002,934.2,996,445,1110,520,3251.5
video_sincronitzat,1425,48905,1630.1666666666667,1049.5,513.0,-613.5120000000001,922.6800000000001,1027,465,1072,561,2267.5
video_sincronitzat,1425,48906,1630.2,1009.0,580.0,-974.4048,1575.0720000000001,979,524,1039,636,2149.0
video_sincronitzat,1425,48907,1630.2333333333333,985.5,597.0,-812.76192,936.0288,980,585,991,609,158.5
video_sincronitzat,1425,48908,1630.2666666666667,940.0,617.0,-1144.1047680000001,734.4115200000001,933,610,947,624,134.0
video_sincronitzat,1425,48909,1630.3,893.0,661.0,-1303.6419072,1085.764608,882,652,904,670,228.0
video_sincronitzat,1425,48910,1630.3333333333333,861.0,671.5,-1097.45676288,623.3058432,848,665,874,678,181.0
video_sincronitzat,1425,48911,1630.3666666666666,832.0,666.5,-960.9827051520001,159.32233728000003,826,662,838,671,56.5
video_sincronitzat,1425,48912,1630.4,795.0,659.0,-1050.3930820608,-71.27106508799999,789,654,801,664,66.5
video_sincronitzat,1425,48913,1630.4333333333334,770.5,661.0,-861.1572328243201,7.491573964800004,767,657,774,665,33.0
video_sincronitzat,1429,49716,1657.2,1099.5,164.5,0.0,0.0,1096,157,1103,172,54.5
video_sincronitzat,1429,49717,1657.2333333333333,1065.5,285.0,-612.0,2169.0,1064,283,1067,287,4.0
video_sincronitzat,1429,49718,1657.2666666666667,1030.5,400.5,-874.8,2946.6,997,363,1064,438,1385.0
video_sincronitzat,1429,49719,1657.3,965.0,454.0,-1528.92,2141.6400000000003,932,421,998,487,2428.0
video_sincronitzat,1429,49720,1657.3333333333333,931.0,534.5,-1223.5680000000002,2305.656,924,530,938,539,71.0
video_sincronitzat,1429,49721,1657.3666666666666,885.5,571.0,-1308.4272,1579.2624,877,552,894,590,307.0
video_sincronitzat,1429,49722,1657.4,850.0,610.0,-1162.37088,1333.70496,847,607,853,613,16.5
video_sincronitzat,1429,49723,1657.4333333333334,792.5,618.5,-1499.9483519999999,686.481984,788,614,797,623,45.0
video_sincronitzat,1452,52052,1735.0666666666666,832.5,766.0,0.0,0.0,831,764,834,768,4.0
video_sincronitzat,1452,52053,1735.1,830.0,751.5,-45.0,-261.0,827,748,833,755,25.0
video_sincronitzat,1452,52054,1735.1333333333334,828.0,738.5,-54.0,-338.4,824,734,832,743,44.0
video_sincronitzat,1452,52055,1735.1666666666667,825.5,727.5,-66.6,-333.36,823,723,828,732,28.5
video_sincronitzat,1452,52056,1735.2,823.0,719.0,-71.64,-286.34400000000005,820,715,826,723,29.0
video_sincronitzat,1452,52057,1735.2333333333333,818.5,714.5,-109.656,-195.53760000000003,816,712,821,717,14.0
video_sincronitzat,1452,52058,1735.2666666666667,812.0,712.0,-160.8624,-123.21504000000002,809,709,815,715,18.5
video_sincronitzat,1452,52060,1735.3333333333333,800.0,706.0,-165.910464,-98.35741440000001,798,704,802,708,5.5
video_sincronitzat,1452,52061,1735.3666666666666,794.0,701.0,-174.36418559999998,-129.34296576,791,698,797,704,17.5
video_sincronitzat,1452,52066,1735.5333333333333,752.0,669.5,-196.960136868864,-147.3447679340544,748,666,756,673,26.5
video_sincronitzat,1452,52068,1735.6,747.0,641.0,-115.90564927279104,-309.5441164562596,745,639,749,643,5.5
video_sincronitzat,1452,52069,1735.6333333333334,744.0,626.5,-100.36225970911642,-384.8176465825038,742,625,746,628,4.0
video_sincronitzat,1452,52070,1735.6666666666667,740.5,614.0,-103.14490388364658,-378.92705863300154,738,612,743,616,8.5
video_sincronitzat,1452,52075,1735.8333333333333,710.0,578.0,-136.8693485752242,-229.04561726764496,707,576,713,580,10.5
video_sincronitzat,1452,52076,1735.8666666666666,700.5,578.0,-225.74773943008967,-91.618246907058,697,575,704,581,26.5
video_sincronitzat,1475,59250,1975.0,817.0,635.5,0.0,0.0,815,634,819,637,4.0
video_sincronitzat,1475,59251,1975.0333333333333,819.5,637.0,45.0,27.0,814,632,825,642,61.0
video_sincronitzat,1475,59252,1975.0666666666666,822.5,635.0,72.0,-25.2,814,625,831,645,210.0
video_sincronitzat,1475,59253,1975.1,830.0,619.0,163.8,-298.08,819,606,841,632,373.0
video_sincronitzat,1475,59254,1975.1333333333334,847.5,591.5,380.52,-614.232,834,578,861,605,443.0
video_sincronitzat,1475,59255,1975.1666666666667,852.0,554.0,233.208,-920.6928,808,531,896,577,2040.5
video_sincronitzat,1475,59256,1975.2,864.0,466.0,309.2832,-1952.27712,844,442,884,490,931.5
video_sincronitzat,1475,59257,1975.2333333333333,908.5,392.0,924.71328,-2112.910848,907,390,910,394,4.0
video_sincronitzat,1475,59258,1975.2666666666667,920.5,285.0,585.8853120000001,-2771.1643392,918,283,923,287,8.5
video_sincronitzat,1475,59259,1975.3,973.5,77.0,1188.3541248000001,-4852.46573568,970,74,977,80,17.0
video_sincronitzat,1483,60523,2017.4333333333334,1038.0,253.0,0.0,0.0,1027,246,1049,260,150.5
video_sincronitzat,1483,60524,2017.4666666666667,1024.5,377.0,-243.0,2232.0,1019,369,1030,385,62.0
video_sincronitzat,1483,60525,2017.5,965.0,485.5,-1168.2,2845.8,937,462,993,509,914.0
video_sincronitzat,1483,60526,2017.5333333333333,915.5,558.0,-1358.28,2443.32,913,555,918,561,13.0
video_sincronitzat,1483,60527,2017.5666666666666,883.0,598.5,-1128.312,1706.328,875,591,891,606,144.0
video_sincronitzat,1483,60528,2017.6,842.0,628.0,-1189.3247999999999,1213.5312,838,625,846,631,25.0
video_sincronitzat,1483,60529,2017.6333333333334,808.5,648.0,-1078.72992,845.41248,804,644,813,652,42.0
video_sincronitzat,1504,62955,2098.5,719.0,645.0,0.0,0.0,716,643,722,647,11.5
video_sincronitzat,1504,62956,2098.5333333333333,729.0,654.0,180.0,162.0,723,647,735,661,106.0
video_sincronitzat,1504,62957,2098.5666666666666,750.0,654.0,450.0,64.8,741,646,759,662,188.5
video_sincronitzat,1504,62958,2098.6,776.0,648.5,648.0,-73.08,766,639,786,658,276.5
video_sincronitzat,1504,62959,2098.633333333333,809.0,637.0,853.2,-236.232,793,623,825,651,463.0
video_sincronitzat,1504,62960,2098.6666666666665,838.0,599.5,863.28,-769.4928,805,575,871,624,1262.5
video_sincronitzat,1504,62961,2098.7,875.0,581.0,1011.312,-640.79712,847,552,903,610,1270.0
video_sincronitzat,1504,62962,2098.733333333333,921.5,530.5,1241.5248000000001,-1165.318848,909,512,934,549,443.5
video_sincronitzat,1504,62963,2098.766666666667,964.0,441.0,1261.60992,-2077.1275392,955,432,973,450,140.5
video_sincronitzat,1504,62964,2098.8,1014.5,361.5,1413.643968,-2261.85101568,1000,338,1029,385,651.5
video_sincronitzat,1504,62965,2098.8333333333335,1076.5,237.5,1681.4575872,-3136.7404062719997,1055,194,1098,281,2262.0
video_sincronitzat,1504,62966,2098.866666666667,1144.0,82.5,1887.58303488,-4044.6961625087997,1088,25,1200,140,5902.0
video_sincronitzat,1515,63545,2118.1666666666665,806.0,682.5,0.0,0.0,800,677,812,688,85.0
video_sincronitzat,1515,63546,2118.2,822.5,679.0,297.0,-63.0,815,673,830,685,126.5
video_sincronitzat,1515,63547,2118.233333333333,842.5,674.5,478.8,-106.2,830,665,855,684,266.5
video_sincronitzat,1515,63548,2118.266666666667,864.5,659.0,587.52,-321.48,848,646,881,672,477.5
video_sincronitzat,1515,63549,2118.3,879.0,639.5,496.00800000000004,-479.592,855,622,903,657,976.5
video_sincronitzat,1515,63550,2118.3333333333335,897.0,627.0,522.4032,-416.83680000000004,892,622,902,632,56.0
video_sincronitzat,1515,63551,2118.366666666667,878.0,570.0,-133.03872,-1192.73472,876,567,880,573,11.5
video_sincronitzat,1515,63552,2118.4,959.0,481.0,1404.784512,-2079.093888,954,472,964,490,94.5
video_sincronitzat,1515,63553,2118.4333333333334,989.5,380.5,1110.9138048,-2640.6375552,982,364,997,397,271.0
video_sincronitzat,1515,63554,2118.4666666666667,1008.5,271.5,786.36552192,-3018.2550220800003,982,236,1035,307,1924.0
video_sincronitzat,1515,63555,2118.5,1063.5,129.0,1304.546208768,-3772.302008832,995,74,1132,184,7417.5
video_sincronitzat,1515,63556,2118.5333333333333,1062.0,11.0,494.8184835072001,-3632.9208035328,1039,0,1085,22,673.0
video_sincronitzat,1522,63553,2118.4333333333334,706.5,614.5,0.0,0.0,700,606,713,623,144.0
video_sincronitzat,1522,63554,2118.4666666666667,707.5,611.5,18.0,-54.0,700,600,715,623,212.5
video_sincronitzat,1522,63555,2118.5,706.0,610.0,-19.8,-48.6,696,598,716,622,325.5
video_sincronitzat,1522,63556,2118.5333333333333,703.0,613.0,-61.92,34.56,693,604,713,622,252.0
video_sincronitzat,1522,63557,2118.5666666666666,695.5,624.0,-159.768,211.824,687,614,704,634,203.5
video_sincronitzat,1522,63558,2118.6,685.5,630.0,-243.9072,192.7296,675,622,696,638,202.0
video_sincronitzat,1525,63848,2128.266666666667,800.5,689.5,0.0,0.0,794,684,807,695,82.5
video_sincronitzat,1525,63849,2128.3,825.5,684.0,450.0,-99.0,816,676,835,692,184.5
video_sincronitzat,1525,63850,2128.3333333333335,850.0,679.0,621.0,-129.6,838,670,862,688,238.0
video_sincronitzat,1525,63851,2128.366666666667,878.0,661.0,752.4,-375.84000000000003,865,645,891,677,517.5
video_sincronitzat,1525,63852,2128.4,883.0,627.5,390.96,-753.336,853,606,913,649,947.0
video_sincronitzat,1525,63853,2128.4333333333334,896.5,595.5,399.384,-877.3344,858,570,935,621,1480.0
video_sincronitzat,1525,63854,2128.4666666666667,948.0,531.0,1086.7536,-1511.93376,946,528,950,534,11.5
video_sincronitzat,1525,63855,2128.5,961.0,404.0,668.70144,-2890.773504,917,330,1005,478,2976.0
video_sincronitzat,1525,63856,2128.5333333333333,972.5,318.0,474.48057600000004,-2704.3094016,971,316,974,320,4.0
video_sincronitzat,1525,63857,2128.5666666666666,1071.0,158.5,1962.7922304,-3952.7237606400004,1027,93,1115,224,5286.0
video_sincronitzat,1525,63858,2128.6,1165.0,38.5,2477.11689216,-3741.0895042560005,1124,0,1206,77,2622.0
video_sincronitzat,1536,63932,2131.0666666666666,694.0,666.5,0.0,0.0,691,664,697,669,15.5
video_sincronitzat,1536,63934,2131.133333333333,743.5,675.0,445.5,76.5,741,673,746,677,8.5
video_sincronitzat,1536,63936,2131.2,801.0,676.5,677.88,41.040000000000006,795,673,807,680,59.0
video_sincronitzat,1536,63937,2131.233333333333,830.0,677.5,793.152,34.416000000000004,821,669,839,686,170.5
video_sincronitzat,1536,63938,2131.266666666667,859.5,676.0,848.2608,-13.233599999999997,850,670,869,682,128.5
video_sincronitzat,1536,63939,2131.3,889.0,673.5,870.30432,-50.29344,881,666,897,681,157.5
video_sincronitzat,1536,63940,2131.3333333333335,916.5,658.5,843.1217280000001,-290.117376,910,651,923,666,119.5
video_sincronitzat,1536,63942,2131.4,955.0,616.0,650.0238220800001,-486.94225536,948,603,962,629,237.0
video_sincronitzat,1536,63943,2131.4333333333334,951.0,593.0,188.00952883200006,-608.776902144,948,588,954,598,36.5
video_sincronitzat,1536,63944,2131.4666666666667,968.0,542.5,381.20381153280005,-1152.5107608576,964,533,972,552,83.5
video_sincronitzat,1536,63945,2131.5,988.5,446.5,521.48152461312,-2189.00430434304,917,387,1060,506,4843.5
video_sincronitzat,1536,63946,2131.5333333333333,998.5,371.5,388.59260984524803,-2225.601721737216,989,364,1008,379,175.0
video_sincronitzat,1536,63947,2131.5666666666666,1009.0,255.0,344.43704393809924,-2987.2406886948866,981,216,1037,294,2142.0
video_sincronitzat,1536,63948,2131.6,1077.0,108.0,1361.7748175752397,-3840.896275477955,1010,60,1144,156,5823.0
video_sincronitzat,1536,63949,2131.633333333333,1052.0,3.5,94.70992703009586,-3417.358510191182,1045,0,1059,7,45.5
video_sincronitzat,1549,63961,2132.0333333333333,663.0,667.0,0.0,0.0,656,662,670,672,91.5
video_sincronitzat,1549,63962,2132.0666666666666,680.0,665.5,306.0,-27.0,672,660,688,671,117.0
video_sincronitzat,1549,63963,2132.1,695.5,666.0,401.4,-1.8000000000000007,689,661,702,671,67.0
video_sincronitzat,1549,63964,2132.133333333333,716.0,674.0,529.56,143.28,701,662,731,686,394.0
video_sincronitzat,1549,63965,2132.1666666666665,721.5,667.5,310.82399999999996,-59.687999999999995,707,654,736,681,447.5
video_sincronitzat,1549,63966,2132.2,736.0,666.0,385.32959999999997,-50.8752,722,646,750,686,539.5
video_sincronitzat,1549,63967,2132.233333333333,753.5,664.5,469.13184,-47.350080000000005,741,654,766,675,293.0
video_sincronitzat,1549,63968,2132.266666666667,775.0,674.0,574.652736,152.059968,769,663,781,685,140.5
video_sincronitzat,1549,63969,2132.3,786.5,675.0,436.8610944,78.8239872,778,668,795,682,127.5
video_sincronitzat,1550,64011,2133.7,753.0,684.5,0.0,0.0,748,681,758,688,42.5
video_sincronitzat,1550,64012,2133.733333333333,775.0,687.0,396.0,45.0,768,680,782,694,125.5
video_sincronitzat,1550,64013,2133.766666666667,798.5,692.5,581.4,117.0,788,684,809,701,217.5
video_sincronitzat,1550,64014,2133.8,825.0,687.5,709.56,-43.199999999999996,814,677,836,698,306.5
video_sincronitzat,1550,64015,2133.8333333333335,840.0,682.0,553.8240000000001,-116.28,816,666,864,698,701.0
video_sincronitzat,1550,64016,2133.866666666667,881.5,664.5,968.5296000000001,-361.512,858,641,905,688,1006.0
video_sincronitzat,1550,64017,2133.9,864.5,626.5,81.41184000000004,-828.6048000000001,818,598,911,655,1830.5
video_sincronitzat,1550,64018,2133.9333333333334,907.5,596.5,806.564736,-871.44192,860,550,955,643,2889.0
video_sincronitzat,1550,64019,2133.9666666666667,1008.0,520.5,2131.6258944,-1716.576768,991,508,1025,533,367.0
video_sincronitzat,1550,64020,2134.0,1093.0,455.0,2382.65035776,-1865.6307072,1047,430,1139,480,2232.0
video_sincronitzat,1595,64592,2153.0666666666666,802.5,647.5,0.0,0.0,796,642,809,653,79.0
video_sincronitzat,1595,64593,2153.1,810.0,640.5,135.0,-126.0,805,634,815,647,79.5
video_sincronitzat,1595,64594,2153.133333333333,815.5,638.0,153.0,-95.4,808,631,823,645,145.0
video_sincronitzat,1595,64595,2153.1666666666665,824.5,629.0,223.2,-200.16,814,618,835,640,326.5
video_sincronitzat,1595,64596,2153.2,843.5,608.0,431.28,-458.064,828,593,859,623,494.5
video_sincronitzat,1595,64596,2153.2,819.0,583.5,0.0,0.0,808,573,830,594,173.5
video_sincronitzat,1595,64597,2153.233333333333,861.0,583.5,487.512,-624.2256,810,561,912,606,1683.0
video_sincronitzat,1595,64598,2153.266666666667,875.0,540.0,447.00480000000005,-1032.69024,847,520,903,560,1212.0
video_sincronitzat,1595,64598,2153.266666666667,857.5,504.0,346.5,-715.5,854,501,861,507,20.0
video_sincronitzat,1595,64599,2153.3,907.0,471.0,754.80192,-1655.076096,902,465,912,477,74.5
video_sincronitzat,1595,64599,2153.3,878.5,443.0,516.6,-1384.2,849,422,908,464,1140.0
video_sincronitzat,1595,64600,2153.3333333333335,928.0,383.0,679.920768,-2246.0304384,905,356,951,410,867.5
video_sincronitzat,1595,64600,2153.3333333333335,951.0,365.0,1511.64,-1957.68,949,361,953,369,14.5
video_sincronitzat,1595,64601,2153.366666666667,950.5,265.0,676.9683072,-3022.41217536,946,258,955,272,65.5
video_sincronitzat,1595,64601,2153.366666666667,996.5,279.0,1423.656,-2331.072,981,251,1012,307,1040.0
video_sincronitzat,1595,64602,2153.4,967.0,103.5,567.78732288,-4115.964870144,951,85,983,122,805.0
video_sincronitzat,1595,64602,2153.4,1033.5,146.5,1235.4624,-3317.4288,996,103,1071,190,2648.0
video_sincronitzat,1595,64603,2153.4333333333334,1089.5,32.0,1502.18496,-3387.97152,1069,0,1110,64,1516.0
video_sincronitzat,1604,64626,2154.2,730.5,643.5,0.0,0.0,726,640,735,647,32.0
video_sincronitzat,1604,64627,2154.233333333333,741.0,643.5,189.0,0.0,733,636,749,651,143.5
video_sincronitzat,1604,64628,2154.266666666667,751.5,636.5,264.6,-126.0,744,629,759,644,150.5
video_sincronitzat,1604,64629,2154.3,764.0,632.0,330.84000000000003,-131.4,756,623,772,641,199.0
video_sincronitzat,1604,64630,2154.3333333333335,774.5,620.5,321.336,-259.56,762,608,787,633,450.5
video_sincronitzat,1604,64631,2154.366666666667,791.5,597.5,434.5344,-517.8240000000001,775,577,808,618,641.5
video_sincronitzat,1604,64632,2154.4,813.0,574.0,560.81376,-630.1296,774,554,852,594,1340.0
video_sincronitzat,1604,64633,2154.4333333333334,850.5,540.0,899.325504,-864.05184,828,532,873,548,367.5
video_sincronitzat,1604,64634,2154.4666666666667,896.5,456.0,1187.7302016,-1857.620736,884,448,909,464,184.0
video_sincronitzat,1604,64635,2154.5,906.0,380.0,646.0920806400001,-2111.0482944,904,378,908,382,5.5
video_sincronitzat,1604,64636,2154.5333333333333,930.5,305.0,699.4368322560001,-2194.41931776,917,297,944,313,232.0
video_sincronitzat,1604,64637,2154.5666666666666,987.0,241.5,1296.7747329024,-2020.7677271040002,980,229,994,254,212.0
video_sincronitzat,1604,64638,2154.6,1146.0,141.5,3380.70989316096,-2608.3070908416003,1139,137,1153,146,70.0
video_sincronitzat,1613,65147,2171.5666666666666,1053.5,323.0,0.0,0.0,1045,314,1062,332,145.0
video_sincronitzat,1613,65148,2171.6,998.5,413.5,-990.0,1629.0,991,404,1006,423,149.0
video_sincronitzat,1613,65149,2171.633333333333,978.0,497.5,-765.0,2163.6,953,457,1003,538,1268.5
video_sincronitzat,1613,65150,2171.6666666666665,929.0,532.0,-1188.0,1486.44,922,525,936,539,115.5
video_sincronitzat,1613,65152,2171.733333333333,875.5,602.0,-909.1800000000001,1165.1184,867,595,884,609,124.5
video_sincronitzat,1613,65153,2171.766666666667,852.0,619.5,-786.672,781.04736,847,615,857,624,60.5
video_sincronitzat,1613,65154,2171.8,826.5,629.0,-773.6688,483.418944,824,625,829,633,15.5
video_sincronitzat,1615,65310,2177.0,630.5,636.5,0.0,0.0,624,631,637,642,100.0
video_sincronitzat,1615,65311,2177.0333333333333,642.5,634.5,216.0,-36.0,633,628,652,641,167.0
video_sincronitzat,1615,65312,2177.0666666666666,656.0,635.5,329.4,3.5999999999999996,645,621,667,650,440.5
video_sincronitzat,1615,65313,2177.1,669.5,627.0,374.76,-151.56,658,613,681,641,374.0
video_sincronitzat,1615,65314,2177.133333333333,686.5,627.0,455.904,-60.624,672,615,701,639,439.0
video_sincronitzat,1615,65315,2177.1666666666665,705.5,623.5,524.3616,-87.2496,694,611,717,636,340.5
video_sincronitzat,1615,65316,2177.2,722.5,621.5,515.74464,-70.89984000000001,710,606,735,637,433.0
video_sincronitzat,1615,65317,2177.233333333333,740.5,624.5,530.297856,25.640063999999995,732,617,749,632,151.0
video_sincronitzat,1615,65318,2177.266666666667,753.5,626.0,446.1191424,37.2560256,747,622,760,630,45.5
video_sincronitzat,1615,65320,2177.3333333333335,782.0,627.0,417.10289126400005,22.412169216000002,779,624,785,630,17.5
video_sincronitzat,1616,65386,2179.5333333333333,682.0,630.5,0.0,0.0,673,623,691,638,168.5
video_sincronitzat,1616,65387,2179.5666666666666,691.5,628.0,171.0,-45.0,682,622,701,634,138.0
video_sincronitzat,1616,65388,2179.6,703.5,629.5,284.4,9.0,699,627,708,632,25.0
video_sincronitzat,1616,65389,2179.633333333333,723.5,630.0,473.76,12.6,722,628,725,632,4.0
video_sincronitzat,1616,65390,2179.6666666666665,735.5,635.5,405.504,104.04,733,634,738,637,6.0
video_sincronitzat,1616,65392,2179.733333333333,766.0,644.0,420.48144,113.9544,763,642,769,646,9.0
video_sincronitzat,1616,65393,2179.766666666667,784.0,652.0,492.19257600000003,189.58176,781,650,787,654,11.5
video_sincronitzat,1616,65394,2179.8,797.0,654.0,430.8770304,111.832704,795,652,799,656,7.0
video_sincronitzat,1616,65395,2179.8333333333335,813.5,662.0,469.35081216000003,188.7330816,810,658,817,666,33.5
video_sincronitzat,1616,65396,2179.866666666667,827.5,665.5,439.74032486400006,138.49323264,822,661,833,670,61.0
video_sincronitzat,1616,65397,2179.9,839.0,670.5,382.8961299456,145.397293056,833,663,845,678,100.0
video_sincronitzat,1616,65398,2179.9333333333334,852.0,677.5,387.15845197824,184.1589172224,845,671,859,684,110.5
video_sincronitzat,1616,65399,2179.9666666666667,863.0,676.5,352.863380791296,55.663566888960005,854,670,872,683,142.0
video_sincronitzat,1616,65400,2180.0,871.0,679.0,285.14535231651837,67.265426755584,861,672,881,686,182.0
video_sincronitzat,1616,65405,2180.1666666666665,903.5,595.5,191.8335462619471,-282.9468614022645,893,585,914,606,194.0
video_sincronitzat,1616,65406,2180.2,907.5,597.0,148.73341850477885,-86.17874456090581,906,594,909,600,8.0
video_sincronitzat,1616,65407,2180.233333333333,916.5,503.0,221.49336740191154,-1726.4714978243624,909,496,924,510,68.0
video_sincronitzat,1616,65408,2180.266666666667,954.5,464.5,772.5973469607646,-1383.588599129745,898,416,1011,513,2614.5
video_sincronitzat,1616,65410,2180.3333333333335,965.5,332.0,377.1350449058753,-1690.5918956867083,956,315,975,349,253.0
video_sincronitzat,1616,65411,2180.366666666667,987.0,226.5,537.8540179623501,-2575.2367582746833,968,200,1006,253,697.0
video_sincronitzat,1616,65412,2180.4,1011.5,233.5,656.1416071849401,-904.0947033098735,992,216,1031,251,522.0
video_sincronitzat,1630,66449,2214.9666666666667,826.0,633.5,0.0,0.0,822,630,830,637,32.5
video_sincronitzat,1630,66450,2215.0,830.5,633.0,81.0,-9.0,824,626,837,640,126.0
video_sincronitzat,1630,66451,2215.0333333333333,841.5,619.0,230.4,-255.6,832,610,851,628,233.0
video_sincronitzat,1630,66452,2215.0666666666666,858.5,596.5,398.16,-507.24,850,586,867,607,238.0
video_sincronitzat,1630,66453,2215.1,864.0,563.5,258.264,-796.896,835,540,893,587,798.0
video_sincronitzat,1630,66454,2215.133333333333,876.0,543.0,319.3056,-687.7583999999999,873,541,879,545,9.5
video_sincronitzat,1630,66455,2215.1666666666665,900.5,450.5,568.72224,-1940.10336,889,441,912,460,220.0
video_sincronitzat,1630,66457,2215.233333333333,962.5,314.5,762.7400064000001,-1922.4372096000002,948,301,977,328,482.0
video_sincronitzat,1640,66472,2215.733333333333,764.0,632.5,0.0,0.0,762,630,766,635,6.0
video_sincronitzat,1640,66474,2215.8,784.5,648.5,184.5,144.0,778,644,791,653,74.5
video_sincronitzat,1640,66475,2215.8333333333335,798.0,646.5,316.8,21.6,791,640,805,653,119.0
video_sincronitzat,1640,66476,2215.866666666667,813.5,644.5,405.72,-27.36,806,637,821,652,147.5
video_sincronitzat,1640,66477,2215.9,833.5,637.0,522.288,-145.944,821,627,846,647,271.5
video_sincronitzat,1640,66478,2215.9333333333334,857.0,620.5,631.9152,-355.37760000000003,842,609,872,632,443.0
video_sincronitzat,1640,66479,2215.9666666666667,885.0,587.0,756.76608,-745.15104,858,558,912,616,1030.5
video_sincronitzat,1640,66480,2216.0,900.0,573.0,572.706432,-550.060416,861,546,939,600,1127.0
video_sincronitzat,1640,66481,2216.0333333333333,939.5,548.5,940.0825728,-661.0241664,934,543,945,554,61.0
video_sincronitzat,1640,66482,2216.0666666666666,1005.5,473.5,1564.03302912,-1614.40966656,994,453,1017,494,492.0
video_sincronitzat,1640,66483,2216.1,1059.5,386.0,1597.613211648,-2220.763866624,1032,348,1087,424,1829.5
video_sincronitzat,1640,66484,2216.133333333333,1133.0,351.5,1962.0452846592002,-1509.3055466496,1126,347,1140,356,68.0
video_sincronitzat,1646,66535,2217.8333333333335,832.5,698.5,0.0,0.0,828,695,837,702,31.5
video_sincronitzat,1646,66536,2217.866666666667,863.5,697.5,558.0,-18.0,854,692,873,703,118.0
video_sincronitzat,1646,66537,2217.9,898.5,691.0,853.2,-124.2,887,685,910,697,153.5
video_sincronitzat,1646,66539,2217.9666666666667,995.0,627.5,1175.652,-616.212,983,622,1007,633,111.5
video_sincronitzat,1646,66540,2218.0,1047.0,594.5,1406.2608,-840.4848,1019,579,1075,610,483.0
video_sincronitzat,1646,66541,2218.0333333333333,1110.5,548.0,1705.50432,-1173.19392,1108,546,1113,550,8.5
video_sincronitzat,1646,66542,2218.0666666666666,1145.0,472.0,1303.201728,-1837.277568,1140,458,1150,486,165.0
video_sincronitzat,1655,67610,2253.6666666666665,795.5,649.5,0.0,0.0,792,647,799,652,12.0
video_sincronitzat,1655,67611,2253.7,822.5,651.0,486.0,27.0,816,645,829,657,102.5
video_sincronitzat,1655,67612,2253.733333333333,855.0,638.5,779.4,-214.2,844,630,866,647,228.0
video_sincronitzat,1655,67613,2253.766666666667,886.5,620.5,878.76,-409.68,875,610,898,631,287.5
video_sincronitzat,1655,67614,2253.8,930.5,583.5,1143.504,-829.8720000000001,928,579,933,588,20.5
video_sincronitzat,1655,67615,2253.8333333333335,976.5,535.0,1285.4016,-1204.9488000000001,965,524,988,546,272.0
video_sincronitzat,1655,67616,2253.866666666667,1043.5,495.5,1720.16064,-1192.97952,999,474,1088,517,1347.0
video_sincronitzat,1655,67617,2253.9,1105.0,416.5,1795.0642560000001,-1899.191808,1075,388,1135,445,1525.0
video_sincronitzat,1655,67618,2253.9333333333334,1177.0,293.0,2014.0257024000002,-2982.6767232,1159,274,1195,312,665.0
video_sincronitzat,1655,67619,2253.9666666666667,1260.0,192.5,2299.61028096,-3002.07068928,1237,160,1283,225,1184.0
video_sincronitzat,1655,67620,2254.0,1339.5,69.0,2350.8441123840003,-3423.828275712,1338,67,1341,71,4.0
video_sincronitzat,1658,67617,2253.9,763.0,645.0,0.0,0.0,761,643,765,647,5.5
video_sincronitzat,1658,67618,2253.9333333333334,776.0,651.5,234.0,117.0,773,649,779,654,12.5
video_sincronitzat,1658,67619,2253.9666666666667,791.0,652.5,363.6,64.80000000000001,783,646,799,659,129.0
video_sincronitzat,1658,67620,2254.0,816.0,648.0,595.44,-55.08,809,641,823,655,144.5
video_sincronitzat,1658,67621,2254.0333333333333,846.0,640.0,778.176,-166.032,830,629,862,651,397.0
video_sincronitzat,1658,67622,2254.0666666666666,886.5,616.5,1040.2704,-489.4128,871,602,902,631,558.0
video_sincronitzat,1658,67623,2254.1,931.0,583.5,1217.10816,-789.76512,928,579,934,588,23.0
video_sincronitzat,1658,67624,2254.133333333333,973.0,552.5,1242.843264,-873.906048,968,546,978,559,62.5
video_sincronitzat,1658,67625,2254.1666666666665,1047.5,474.5,1838.1373056,-1753.5624192,1030,451,1065,498,612.0
video_sincronitzat,1658,67626,2254.2,1150.5,395.0,2589.2549222400003,-2132.42496768,1143,390,1158,400,62.0
video_sincronitzat,1663,67666,2255.5333333333333,793.0,611.5,0.0,0.0,790,608,796,615,20.5
video_sincronitzat,1663,67667,2255.5666666666666,806.5,608.0,243.0,-63.0,801,601,812,615,107.0
video_sincronitzat,1663,67668,2255.6,822.0,604.0,376.2,-97.2,817,597,827,611,82.0
video_sincronitzat,1663,67669,2255.633333333333,840.5,591.5,483.48,-263.88,833,585,848,598,119.5
video_sincronitzat,1663,67670,2255.6666666666665,873.0,569.0,778.392,-510.552,852,552,894,586,539.0
video_sincronitzat,1663,67671,2255.7,872.5,557.0,302.3568,-420.22080000000005,840,539,905,575,1057.0
video_sincronitzat,1663,67672,2255.733333333333,877.5,543.5,210.94272,-411.08832000000007,860,533,895,554,322.5
video_sincronitzat,1663,67673,2255.766666666667,888.5,419.5,282.377088,-2396.435328,884,416,893,423,34.0
video_sincronitzat,1663,67674,2255.8,923.0,356.0,733.9508352,-2101.5741312,918,351,928,361,73.5
video_sincronitzat,1663,67675,2255.8333333333335,967.5,281.0,1094.58033408,-2190.62965248,966,279,969,283,4.0
video_sincronitzat,1663,67676,2255.866666666667,1139.5,201.0,3533.832133632,-2316.251860992,1134,195,1145,207,79.5
video_sincronitzat,1686,67764,2258.8,1177.5,213.0,0.0,0.0,1171,205,1184,221,139.0
video_sincronitzat,1686,67765,2258.8333333333335,1142.0,332.0,-639.0,2142.0,1135,316,1149,348,330.0
video_sincronitzat,1686,67766,2258.866666666667,1083.0,359.5,-1317.6,1351.8000000000002,1043,307,1123,412,2536.5
video_sincronitzat,1686,67767,2258.9,1032.0,417.0,-1445.04,1575.7200000000003,977,373,1087,461,3827.5
video_sincronitzat,1686,67768,2258.9333333333334,1008.0,515.5,-1010.016,2403.288,960,481,1056,550,2522.0
video_sincronitzat,1686,67769,2258.9666666666667,963.5,562.0,-1205.0064,1798.3152,962,560,965,564,4.0
video_sincronitzat,1686,67770,2259.0,935.0,593.5,-995.00256,1286.32608,932,591,938,596,12.5
video_sincronitzat,1686,67772,2259.0666666666666,869.0,640.5,-952.2009216,886.0773888000001,860,630,878,651,226.5
video_sincronitzat,1686,67773,2259.1,838.5,663.0,-929.88036864,759.43095552,832,657,845,669,82.5
video_sincronitzat,1686,67774,2259.133333333333,813.0,671.5,-830.952147456,456.772382208,811,670,815,673,4.0
video_sincronitzat,1686,67776,2259.2,753.0,686.0,-839.1427730841601,294.93805759488,750,684,756,688,9.0
video_sincronitzat,1690,67829,2260.9666666666667,1133.0,314.0,0.0,0.0,1122,309,1144,319,126.5
video_sincronitzat,1690,67830,2261.0,1108.0,379.5,-450.0,1179.0,1090,332,1126,427,1424.5
video_sincronitzat,1690,67831,2261.0333333333333,1042.5,506.5,-1359.0,2757.6,1009,465,1076,548,2204.5
video_sincronitzat,1690,67832,2261.0666666666666,974.0,525.0,-1776.6,1436.04,946,495,1002,555,1327.0
video_sincronitzat,1690,67834,2261.133333333333,862.5,637.0,-1643.076,1524.9744,841,623,884,651,682.0
video_sincronitzat,1690,67835,2261.1666666666665,808.5,661.5,-1629.2304,1050.98976,792,652,825,671,373.5
video_sincronitzat,1690,67836,2261.2,766.0,677.5,-1416.69216,708.395904,755,670,777,685,229.0
video_sincronitzat,1690,67837,2261.233333333333,742.0,682.0,-998.676864,364.3583616,736,676,748,688,82.5
video_sincronitzat,1690,67838,2261.266666666667,728.0,680.0,-651.4707456000001,109.74334464,722,674,734,686,84.0
video_sincronitzat,1701,68694,2289.8,970.5,375.5,0.0,0.0,965,372,976,379,35.0
video_sincronitzat,1701,68707,2290.233333333333,1036.5,407.5,91.38461538461537,44.3076923076923,995,390,1078,425,1115.0
video_sincronitzat,1701,68708,2290.266666666667,989.5,470.0,-809.4461538461538,1142.7230769230769,957,436,1022,504,1548.5
video_sincronitzat,1701,68709,2290.3,938.0,551.5,-1250.7784615384617,1924.0892307692307,930,542,946,561,111.5
video_sincronitzat,1701,68710,2290.3333333333335,908.5,591.0,-1031.3113846153847,1480.6356923076924,897,576,920,606,379.5
video_sincronitzat,1701,68711,2290.366666666667,876.0,626.5,-997.5245538461538,1231.254276923077,865,619,887,634,204.5
video_sincronitzat,1701,68712,2290.4,839.0,645.0,-1065.0098215384614,825.5017107692308,831,639,847,651,105.5
video_sincronitzat,1701,68713,2290.4333333333334,808.5,656.0,-975.0039286153847,528.2006843076924,801,652,816,660,77.5
video_sincronitzat,1708,69041,2301.366666666667,825.5,656.0,0.0,0.0,820,651,831,661,69.5
video_sincronitzat,1708,69042,2301.4,856.0,645.5,549.0,-189.0,846,637,866,654,183.0
video_sincronitzat,1708,69043,2301.4333333333334,885.0,624.0,741.6,-462.6,872,614,898,634,328.0
video_sincronitzat,1708,69044,2301.4666666666667,909.5,602.0,737.6400000000001,-581.04,905,597,914,607,49.0
video_sincronitzat,1708,69045,2301.5,989.5,566.5,1735.056,-871.4159999999999,980,556,999,577,206.0
video_sincronitzat,1708,69046,2301.5333333333333,1005.0,474.5,973.0224000000001,-2004.5664,962,438,1048,511,2086.0
video_sincronitzat,1708,69047,2301.5666666666666,1066.5,425.5,1496.20896,-1683.82656,996,405,1137,446,1746.0
video_sincronitzat,1708,69048,2301.6,1147.5,304.0,2056.483584,-2860.530624,1138,295,1157,313,193.0
video_sincronitzat,1708,69049,2301.633333333333,1220.0,193.0,2127.5934336,-3142.2122496,1200,164,1240,222,796.0
video_sincronitzat,1708,69050,2301.6666666666665,1303.5,68.5,2354.03737344,-3497.88489984,1297,62,1310,75,95.0
video_sincronitzat,1709,69044,2301.4666666666667,887.5,597.5,0.0,0.0,880,595,895,600,47.0
video_sincronitzat,1709,69053,2301.766666666667,788.0,650.0,-199.0,105.0,784,645,792,655,44.5
video_sincronitzat,1709,69054,2301.8,792.0,659.0,-7.6000000000000085,204.0,785,651,799,667,159.0
video_sincronitzat,1709,69055,2301.8333333333335,800.0,655.0,140.96,9.600000000000009,786,646,814,664,274.0
video_sincronitzat,1709,69056,2301.866666666667,821.0,648.5,434.384,-113.16,809,639,833,658,319.5
video_sincronitzat,1709,69057,2301.9,823.5,648.0,218.7536,-54.264,820,646,827,650,12.5
video_sincronitzat,1719,69245,2308.1666666666665,1125.0,149.5,0.0,0.0,1120,132,1130,167,213.0
video_sincronitzat,1719,69246,2308.2,1103.5,214.0,-387.0,1161.0,1091,203,1116,225,254.0
video_sincronitzat,1719,69247,2308.233333333333,1068.5,367.0,-784.8,3218.4,1066,364,1071,370,12.5
video_sincronitzat,1719,69248,2308.266666666667,990.5,380.5,-1717.92,1530.3600000000001,958,352,1023,409,859.0
video_sincronitzat,1719,69251,2308.366666666667,976.5,528.0,-640.6060800000001,1380.83664,962,503,991,553,562.5
video_sincronitzat,1719,69252,2308.4,949.0,584.0,-751.242432,1560.334656,947,582,951,586,5.5
video_sincronitzat,1719,69253,2308.4333333333334,897.0,613.5,-1236.4969728,1155.1338624,895,612,899,615,4.0
video_sincronitzat,1719,69254,2308.4666666666667,866.5,629.5,-1043.59878912,750.05354496,858,622,875,637,155.0
video_sincronitzat,1719,69255,2308.5,825.5,644.5,-1155.439515648,570.021417984,819,641,832,648,41.0
video_sincronitzat,1719,69256,2308.5333333333333,788.5,646.0,-1128.1758062592,255.00856719360002,778,641,799,651,128.0
video_sincronitzat,1719,69257,2308.5666666666666,746.0,649.5,-1216.27032250368,165.00342687744,740,645,752,654,55.0
video_sincronitzat,1723,69493,2316.4333333333334,765.0,635.5,0.0,0.0,762,631,768,640,27.5
video_sincronitzat,1723,69495,2316.5,825.5,654.5,544.5,171.0,821,651,830,658,31.0
video_sincronitzat,1723,69496,2316.5333333333333,860.0,656.5,838.8,104.4,855,652,865,661,49.0
video_sincronitzat,1723,69497,2316.5666666666666,904.0,657.5,1127.52,59.760000000000005,901,655,907,660,13.5
video_sincronitzat,1723,69499,2316.633333333333,990.5,623.0,1184.4072,-288.9864,982,612,999,634,180.5
video_sincronitzat,1723,69500,2316.6666666666665,1048.5,599.0,1517.76288,-547.59456,1016,561,1081,637,1327.0
video_sincronitzat,1723,69501,2316.7,1041.0,532.5,472.105152,-1416.037824,999,501,1083,564,1711.0
video_sincronitzat,1723,69503,2316.766666666667,1128.0,373.5,952.95785472,-1940.77361664,1119,349,1137,398,413.5
video_sincronitzat,1723,69504,2316.8,1201.5,261.0,1704.1831418880001,-2801.309446656,1185,232,1218,290,1130.5
video_sincronitzat,1723,69505,2316.8333333333335,1251.5,112.5,1581.6732567552,-3793.5237786624,1228,63,1275,162,2570.5
video_sincronitzat,1726,69612,2320.4,806.0,621.0,0.0,0.0,804,619,808,623,5.5
video_sincronitzat,1726,69613,2320.4333333333334,826.0,616.0,360.0,-90.0,819,609,833,623,129.5
video_sincronitzat,1726,69614,2320.4666666666667,843.0,596.0,450.0,-396.0,835,590,851,602,113.5
video_sincronitzat,1726,69615,2320.5,864.5,570.5,567.0,-617.4,854,559,875,582,305.0
video_sincronitzat,1726,69616,2320.5333333333333,879.0,545.0,487.8,-705.96,861,530,897,560,563.0
video_sincronitzat,1726,69617,2320.5666666666666,895.5,508.0,492.12,-948.384,893,504,898,512,20.5
video_sincronitzat,1726,69618,2320.6,945.5,461.5,1096.848,-1216.3536,942,458,949,465,23.0
video_sincronitzat,1726,69619,2320.633333333333,1031.0,391.5,1977.7392,-1746.54144,1008,378,1054,405,648.5
video_sincronitzat,1726,69620,2320.6666666666665,1024.0,285.5,665.09568,-2606.616576,1009,265,1039,306,695.0
video_sincronitzat,1726,69621,2320.7,1061.0,152.5,932.038272,-3436.6466304,1016,108,1106,197,2624.5
video_sincronitzat,1726,69622,2320.733333333333,1131.0,25.0,1632.8153088,-3669.65865216,1109,0,1153,50,1259.0
video_sincronitzat,1731,69627,2320.9,806.0,663.0,0.0,0.0,800,658,812,668,68.5
video_sincronitzat,1731,69628,2320.9333333333334,831.5,663.5,459.0,9.0,820,655,843,672,217.0
video_sincronitzat,1731,69629,2320.9666666666667,853.0,656.5,570.6,-122.4,843,648,863,665,230.5
video_sincronitzat,1731,69630,2321.0,882.0,635.0,750.24,-435.96000000000004,864,620,900,650,629.5
video_sincronitzat,1731,69631,2321.0333333333333,894.0,589.5,516.096,-993.384,868,567,920,612,1177.0
video_sincronitzat,1731,69632,2321.0666666666666,904.5,545.0,395.4384,-1198.3536,878,531,931,559,416.5
video_sincronitzat,1737,69864,2328.8,774.5,680.0,0.0,0.0,770,676,779,684,46.0
video_sincronitzat,1737,69865,2328.8333333333335,795.5,683.0,378.0,54.0,789,679,802,687,65.5
video_sincronitzat,1737,69866,2328.866666666667,827.0,687.0,718.2,93.6,817,680,837,694,165.5
video_sincronitzat,1737,69867,2328.9,860.5,673.0,890.28,-214.56,846,662,875,684,359.5
video_sincronitzat,1737,69868,2328.9333333333334,887.0,655.5,833.1120000000001,-400.824,868,640,906,671,615.5
video_sincronitzat,1737,69869,2328.9666666666667,930.5,627.0,1116.2448,-673.3296,929,625,932,629,4.0
video_sincronitzat,1737,69870,2329.0,934.0,558.0,509.49792,-1511.33184,931,555,937,561,19.0
video_sincronitzat,1737,69872,2329.0666666666666,999.5,408.5,772.9192512,-1889.5794624,996,405,1003,412,25.0
video_sincronitzat,1737,69873,2329.1,953.0,280.0,-527.83229952,-3068.83178496,924,264,982,296,830.0
video_sincronitzat,1750,69898,2329.9333333333334,760.0,652.0,0.0,0.0,756,649,764,655,24.5
video_sincronitzat,1750,69899,2329.9666666666667,770.5,657.0,189.0,90.0,767,653,774,661,30.0
video_sincronitzat,1750,69900,2330.0,782.5,660.5,291.6,99.0,775,655,790,666,102.5
video_sincronitzat,1750,69901,2330.0333333333333,797.0,658.0,377.64,-5.399999999999999,789,651,805,665,158.0
video_sincronitzat,1750,69902,2330.0666666666666,810.5,658.0,394.05600000000004,-2.1599999999999997,802,649,819,667,205.0
video_sincronitzat,1750,69903,2330.1,828.0,651.0,472.6224,-126.864,809,638,847,664,516.0
video_sincronitzat,1750,69904,2330.133333333333,845.5,618.0,504.04896,-644.7456,808,588,883,648,1429.5
video_sincronitzat,1750,69905,2330.1666666666665,859.5,610.5,453.61958400000003,-392.89824,809,588,910,633,1912.0
video_sincronitzat,1750,69906,2330.2,882.5,561.5,595.4478336,-1039.159296,846,533,919,590,2565.0
video_sincronitzat,1750,69907,2330.233333333333,909.0,519.0,715.17913344,-1180.6637184,898,499,920,539,463.5
video_sincronitzat,1767,70162,2338.733333333333,1011.5,346.0,0.0,0.0,993,326,1030,366,520.5
video_sincronitzat,1767,70163,2338.766666666667,976.5,427.0,-630.0,1458.0,961,394,992,460,850.0
video_sincronitzat,1767,70164,2338.8,952.0,507.0,-693.0,2023.2,950,504,954,510,10.5
video_sincronitzat,1767,70165,2338.8333333333335,889.0,545.5,-1411.2,1502.2800000000002,886,543,892,548,11.5
video_sincronitzat,1767,70166,2338.866666666667,827.5,612.0,-1671.48,1797.9120000000003,816,605,839,619,204.5
video_sincronitzat,1767,70167,2338.9,780.5,630.0,-1514.592,1043.1648,771,623,790,637,170.0
video_sincronitzat,1767,70168,2338.9333333333334,742.0,642.0,-1298.8368,633.26592,736,637,748,647,71.5
video_sincronitzat,1767,70169,2338.9666666666667,701.0,650.5,-1257.53472,406.306368,697,647,705,654,33.5
video_sincronitzat,1792,70786,2359.5333333333333,791.5,637.0,0.0,0.0,789,635,794,639,8.5
video_sincronitzat,1792,70787,2359.5666666666666,804.5,641.0,234.0,72.0,802,638,807,644,13.5
video_sincronitzat,1792,70788,2359.6,826.5,638.0,489.6,-25.2,818,630,835,646,179.5
video_sincronitzat,1792,70789,2359.633333333333,853.0,621.0,672.84,-316.08,842,612,864,630,247.5
video_sincronitzat,1792,70790,2359.6666666666665,884.5,602.0,836.136,-468.432,871,589,898,615,471.0
video_sincronitzat,1792,70791,2359.7,914.0,573.0,865.4544000000001,-709.3728,900,553,928,593,434.5
video_sincronitzat,1792,70792,2359.733333333333,928.0,532.0,598.18176,-1021.74912,925,528,931,536,18.5
video_sincronitzat,1792,70794,2359.8,1061.5,390.0,1416.8454336,-1645.8296832,1042,371,1081,409,818.0
video_sincronitzat,1792,70796,2359.866666666667,1150.0,173.0,1306.564356096,-2545.498685952,1148,170,1152,176,9.0
video_sincronitzat,1796,70872,2362.4,795.5,700.0,0.0,0.0,790,697,801,703,42.0
video_sincronitzat,1796,70873,2362.4333333333334,833.5,696.0,684.0,-72.0,823,689,844,703,190.0
video_sincronitzat,1796,70874,2362.4666666666667,865.5,682.5,849.6,-271.8,853,672,878,693,268.5
video_sincronitzat,1796,70875,2362.5,893.5,659.0,843.84,-531.72,880,644,907,674,424.0
video_sincronitzat,1796,70876,2362.5333333333333,922.5,626.0,859.5360000000001,-806.688,915,615,930,637,198.0
video_sincronitzat,1796,70877,2362.5666666666666,946.0,570.0,766.8144,-1330.6752000000001,939,555,953,585,236.5
video_sincronitzat,1796,70878,2362.6,959.5,510.0,549.72576,-1612.2700800000002,949,495,970,525,287.5
video_sincronitzat,1796,70879,2362.633333333333,952.0,440.5,84.89030400000001,-1895.9080320000003,907,415,997,466,1772.5
video_sincronitzat,1796,70880,2362.6666666666665,987.0,372.5,663.9561216,-1982.3632128000002,970,351,1004,394,412.5
video_sincronitzat,1796,70881,2362.7,1065.0,247.0,1669.58244864,-3051.9452851200003,1053,221,1077,273,826.0
video_sincronitzat,1796,70882,2362.733333333333,1099.0,119.0,1279.832979456,-3524.778114048,1060,78,1138,160,3520.5
video_sincronitzat,1796,70883,2362.766666666667,1170.5,23.5,1798.9331917824,-3128.9112456192,1135,0,1206,47,1770.0
video_sincronitzat,1801,70898,2363.266666666667,811.0,659.5,0.0,0.0,806,655,816,664,54.5
video_sincronitzat,1801,70899,2363.3,835.5,663.0,441.0,63.0,824,656,847,670,209.0
video_sincronitzat,1801,70900,2363.3333333333335,861.5,663.5,644.4,34.2,850,657,873,670,154.5
video_sincronitzat,1801,70901,2363.366666666667,890.5,663.5,779.76,13.680000000000001,886,660,895,667,30.0
video_sincronitzat,1801,70902,2363.4,902.0,655.5,518.904,-138.528,898,649,906,662,55.0
video_sincronitzat,1801,70903,2363.4333333333334,914.5,640.5,432.5616,-325.4112,913,638,916,643,6.0
video_sincronitzat,1801,70904,2363.4666666666667,904.0,634.5,-15.975359999999995,-238.16448,898,625,910,644,114.5
video_sincronitzat,1801,70905,2363.5,892.0,621.5,-222.390144,-329.26579200000003,878,607,906,636,453.5
video_sincronitzat,1801,70906,2363.5333333333333,887.5,603.5,-169.9560576,-455.7063168,873,584,902,623,699.0
video_sincronitzat,1801,70907,2363.5666666666666,872.0,580.0,-346.98242304,-605.2825267200001,860,567,884,593,435.0
video_sincronitzat,1801,70908,2363.6,859.5,564.5,-363.792969216,-521.113010688,824,550,895,579,1070.5
video_sincronitzat,1801,70909,2363.633333333333,818.0,556.0,-892.5171876864,-361.4452042752,781,534,855,578,1449.0
video_sincronitzat,1801,70910,2363.6666666666665,821.5,481.5,-294.00687507456,-1485.57808171008,768,450,875,513,2999.0
video_sincronitzat,1801,70911,2363.7,798.0,472.0,-540.602750029824,-765.231232684032,725,435,871,509,3927.5
video_sincronitzat,1801,70912,2363.733333333333,755.0,414.5,-990.2411000119296,-1341.0924930736128,706,366,804,463,4555.5
video_sincronitzat,1801,70913,2363.766666666667,739.5,335.0,-675.0964400047719,-1967.4369972294453,738,332,741,338,8.0
video_sincronitzat,1801,70914,2363.8,738.5,266.5,-288.0385760019088,-2019.9747988917782,642,214,835,319,5454.0
video_sincronitzat,1801,70915,2363.8333333333335,744.0,199.0,-16.215430400763523,-2022.9899195567114,736,189,752,209,213.5
video_sincronitzat,1809,70983,2366.1,806.0,660.5,0.0,0.0,804,659,808,662,4.0
video_sincronitzat,1809,70984,2366.133333333333,826.0,661.5,360.0,18.0,820,657,832,666,65.0
video_sincronitzat,1809,70985,2366.1666666666665,842.0,664.5,432.0,61.2,836,658,848,671,109.0
video_sincronitzat,1809,70986,2366.2,864.5,663.0,577.8,-2.519999999999996,856,656,873,670,155.0
video_sincronitzat,1809,70987,2366.233333333333,892.0,649.0,726.12,-253.008,882,641,902,657,208.5
video_sincronitzat,1809,70988,2366.266666666667,919.5,639.5,785.4480000000001,-272.20320000000004,912,633,927,646,130.5
video_sincronitzat,1809,70989,2366.3,939.5,619.5,674.1792,-468.88128,932,612,947,627,137.5
video_sincronitzat,1809,70990,2366.3333333333335,992.0,570.5,1214.67168,-1069.552512,966,548,1018,593,1050.5
video_sincronitzat,1809,70991,2366.366666666667,1011.5,506.5,836.8686720000001,-1579.8210048,961,465,1062,548,2636.0
video_sincronitzat,1809,70992,2366.4,1064.0,479.0,1279.7474688,-1126.92840192,993,450,1135,508,2929.5
video_sincronitzat,1809,70993,2366.4333333333334,1115.5,423.5,1438.89898752,-1449.771360768,1080,390,1151,457,2315.0
video_sincronitzat,1809,70994,2366.4666666666667,1137.5,337.5,971.559595008,-2127.9085443072,1129,320,1146,355,331.0
video_sincronitzat,1809,70995,2366.5,1213.0,267.0,1747.6238380032,-2120.16341772288,1199,253,1227,281,446.5
video_sincronitzat,1809,70996,2366.5333333333333,1275.5,179.5,1824.04953520128,-2423.065367089152,1257,158,1294,201,784.5
video_sincronitzat,1819,71209,2373.633333333333,805.5,667.0,0.0,0.0,802,663,809,671,27.0
video_sincronitzat,1819,71210,2373.6666666666665,810.5,670.5,90.0,63.0,806,665,815,676,67.0
video_sincronitzat,1819,71211,2373.7,817.0,665.5,153.0,-64.8,810,659,824,672,135.5
video_sincronitzat,1819,71212,2373.733333333333,826.0,659.5,223.2,-133.92000000000002,813,650,839,669,324.5
video_sincronitzat,1819,71213,2373.766666666667,843.0,638.0,395.28,-440.568,828,623,858,653,545.5
video_sincronitzat,1819,71214,2373.8,870.0,600.0,644.112,-860.2272,847,583,893,617,963.5
video_sincronitzat,1819,71215,2373.8333333333335,885.0,555.0,527.6448,-1154.09088,867,533,903,577,990.0
video_sincronitzat,1819,71216,2373.866666666667,915.5,525.5,760.05792,-992.636352,910,520,921,531,58.5
video_sincronitzat,1819,71217,2373.9,969.5,467.5,1276.023168,-1441.0545408,933,438,1006,497,1949.5
video_sincronitzat,1819,71218,2373.9333333333334,1040.0,377.5,1779.4092672,-2196.4218163200003,1038,375,1042,380,8.5
video_sincronitzat,1819,71219,2373.9666666666667,1086.5,295.0,1548.76370688,-2363.5687265280003,1065,271,1108,319,1032.0
video_sincronitzat,1819,71220,2374.0,1161.5,183.5,1969.505482752,-2952.4274906112,1131,141,1192,226,1944.0
video_sincronitzat,1819,71221,2374.0333333333333,1249.5,49.0,2371.8021931008,-3601.9709962444804,1212,0,1287,98,4192.5
video_sincronitzat,1832,71456,2381.866666666667,766.0,702.5,0.0,0.0,750,682,782,723,530.5
video_sincronitzat,1832,71457,2381.9,701.0,606.5,-1170.0,-1728.0,672,572,730,641,2507.5
video_sincronitzat,1832,71458,2381.9333333333334,623.5,510.5,-1863.0,-2419.2,621,506,626,515,21.5
video_sincronitzat,1832,71459,2381.9666666666667,550.5,347.0,-2059.2,-3910.68,527,324,574,370,604.5
video_sincronitzat,1832,71460,2382.0,474.0,201.5,-2200.68,-4183.272,442,154,506,249,3332.0
video_sincronitzat,1832,71461,2382.0333333333333,391.5,44.5,-2365.272,-4499.3088,354,0,429,89,4363.0
video_sincronitzat,1836,71611,2387.0333333333333,820.0,656.5,0.0,0.0,818,654,822,659,8.5
video_sincronitzat,1836,71612,2387.0666666666666,840.5,656.0,369.0,-9.0,833,652,848,660,72.0
video_sincronitzat,1836,71613,2387.1,862.0,644.5,534.6,-210.6,852,637,872,652,196.5
video_sincronitzat,1836,71614,2387.133333333333,883.5,633.5,600.84,-282.24,866,619,901,648,630.0
video_sincronitzat,1836,71615,2387.1666666666665,918.5,613.5,870.336,-472.896,916,608,921,619,26.5
video_sincronitzat,1836,71616,2387.2,935.0,534.0,645.1344,-1620.1584,922,525,948,543,245.5
video_sincronitzat,1841,71740,2391.3333333333335,714.0,692.5,0.0,0.0,712,691,716,694,4.0
video_sincronitzat,1841,71742,2391.4,779.5,698.5,589.5,54.0,772,692,787,705,116.0
video_sincronitzat,1841,71743,2391.4333333333334,814.0,689.0,856.8,-149.4,802,680,826,698,266.5
video_sincronitzat,1841,71744,2391.4666666666667,850.0,675.0,990.72,-311.76,838,660,862,690,362.5
video_sincronitzat,1841,71745,2391.5,880.5,644.5,945.288,-673.704,862,625,899,664,750.5
video_sincronitzat,1841,71746,2391.5333333333333,888.5,612.5,522.1152,-845.4816000000001,859,588,918,637,1031.0
video_sincronitzat,1841,71747,2391.5666666666666,928.5,557.5,928.84608,-1328.19264,924,544,933,571,104.0
video_sincronitzat,1841,71748,2391.6,948.0,476.5,722.5384320000001,-1989.277056,941,468,955,485,136.0
video_sincronitzat,1841,71749,2391.633333333333,999.5,404.5,1216.0153728,-2091.7108224,996,402,1003,407,16.5
video_sincronitzat,1841,71750,2391.6666666666665,1059.5,324.5,1566.40614912,-2276.68432896,1044,304,1075,345,501.0
video_sincronitzat,1841,71752,2391.733333333333,1165.5,50.5,1517.9062136832,-3285.6063584256,1163,47,1168,54,20.5
video_sincronitzat,1853,72392,2413.0666666666666,798.5,669.0,0.0,0.0,793,664,804,674,46.0
video_sincronitzat,1853,72393,2413.1,825.5,664.5,486.0,-81.0,818,658,833,671,113.5
video_sincronitzat,1853,72394,2413.133333333333,855.0,665.0,725.4,-23.4,846,658,864,672,159.0
video_sincronitzat,1853,72395,2413.1666666666665,882.5,656.0,785.1600000000001,-171.36,873,647,892,665,204.5
video_sincronitzat,1853,72396,2413.2,904.0,642.5,701.0640000000001,-311.544,896,635,912,650,153.5
video_sincronitzat,1853,72397,2413.233333333333,926.0,629.5,676.4256,-358.6176,918,623,934,636,104.0
video_sincronitzat,1853,72398,2413.266666666667,939.5,616.0,513.57024,-386.44704,933,610,946,622,97.5
video_sincronitzat,1853,72399,2413.3,971.5,553.5,781.428096,-1279.578816,967,547,976,560,61.5
video_sincronitzat,1853,72400,2413.3333333333335,1023.0,487.5,1239.5712384,-1699.8315264,941,422,1105,553,4182.0
video_sincronitzat,1853,72401,2413.366666666667,1036.0,447.0,729.82849536,-1408.93261056,1033,443,1039,451,26.5
video_sincronitzat,1853,72402,2413.4,1119.5,339.0,1794.931398144,-2507.573044224,1102,310,1137,368,1132.5
video_sincronitzat,1853,72403,2413.4333333333334,1210.5,237.5,2355.9725592576,-2830.0292176896,1150,183,1271,292,6570.0
video_sincronitzat,1853,72404,2413.4666666666667,1325.0,124.0,3003.38902370304,-3175.01168707584,1322,122,1328,126,13.0
video_sincronitzat,1863,72410,2413.6666666666665,829.0,660.5,0.0,0.0,826,657,832,664,20.0
video_sincronitzat,1863,72411,2413.7,843.5,665.0,261.0,81.0,837,658,850,672,113.0
video_sincronitzat,1863,72412,2413.733333333333,858.0,661.0,365.4,-39.6,850,654,866,668,140.5
video_sincronitzat,1863,72413,2413.766666666667,874.0,652.0,434.15999999999997,-177.84,865,643,883,661,190.5
video_sincronitzat,1863,72414,2413.8,884.5,646.5,362.664,-170.13600000000002,871,633,898,660,335.5
video_sincronitzat,1863,72415,2413.8333333333335,892.0,630.5,280.0656,-356.0544,883,611,901,650,405.5
video_sincronitzat,1863,72416,2413.866666666667,885.0,603.0,-13.973759999999984,-637.42176,852,572,918,634,1399.0
video_sincronitzat,1863,72417,2413.9,891.0,571.0,102.41049600000001,-830.968704,864,540,918,602,2153.5
video_sincronitzat,1863,72418,2413.9333333333334,869.0,538.0,-355.0358016,-926.3874816,852,521,886,555,647.0
video_sincronitzat,1872,72480,2416.0,817.5,643.0,0.0,0.0,811,636,824,650,94.0
video_sincronitzat,1872,72481,2416.0333333333333,829.0,622.5,207.0,-369.0,823,615,835,630,119.0
video_sincronitzat,1872,72482,2416.0666666666666,840.5,605.0,289.8,-462.6,834,598,847,612,125.0
video_sincronitzat,1872,72483,2416.1,855.0,589.0,376.92,-473.04,845,580,865,598,240.5
video_sincronitzat,1872,72484,2416.133333333333,865.0,564.5,330.76800000000003,-630.216,836,538,894,591,1136.0
video_sincronitzat,1872,72485,2416.1666666666665,891.5,550.0,609.3072,-513.0864,869,530,914,570,1108.0
video_sincronitzat,1872,72486,2416.2,929.0,509.0,918.72288,-943.23456,927,506,931,512,11.5
video_sincronitzat,1872,72487,2416.233333333333,981.0,453.0,1303.489152,-1385.293824,919,438,1043,468,1858.0
video_sincronitzat,1872,72488,2416.266666666667,991.5,386.0,710.3956608000001,-1760.1175296000001,989,380,994,392,34.0
video_sincronitzat,1872,72489,2416.3,1052.5,285.0,1382.15826432,-2522.04701184,1041,270,1064,300,339.5
video_sincronitzat,1872,72490,2416.3333333333335,1091.5,190.0,1254.863305728,-2718.818804736,1087,183,1096,197,66.0
video_sincronitzat,1872,72491,2416.366666666667,1137.5,84.5,1329.9453222912,-2986.5275218944,1123,65,1152,104,551.0
video_sincronitzat,1873,72484,2416.133333333333,754.0,635.0,0.0,0.0,750,631,758,639,34.5
video_sincronitzat,1873,72485,2416.1666666666665,761.0,640.0,126.0,90.0,759,636,763,644,16.0
video_sincronitzat,1873,72486,2416.2,773.0,643.0,266.4,90.0,767,636,779,650,106.5
video_sincronitzat,1873,72487,2416.233333333333,792.5,638.0,457.56,-54.0,785,631,800,645,126.0
video_sincronitzat,1873,72488,2416.266666666667,813.5,633.0,561.024,-111.6,805,625,822,641,156.5
video_sincronitzat,1873,72489,2416.3,839.0,625.0,683.4096,-188.64,823,614,855,636,373.0
video_sincronitzat,1873,72490,2416.3333333333335,869.5,602.5,822.36384,-480.456,852,589,887,616,455.5
video_sincronitzat,1873,72491,2416.366666666667,878.0,571.0,481.945536,-759.1824,850,549,906,593,998.5
video_sincronitzat,1873,72492,2416.4,888.0,562.0,372.7782144,-465.67296000000005,886,560,890,564,5.5
video_sincronitzat,1907,74311,2477.0333333333333,783.5,620.0,0.0,0.0,781,617,786,623,15.5
video_sincronitzat,1907,74312,2477.0666666666666,795.0,635.5,207.0,279.0,792,632,798,639,21.5
video_sincronitzat,1907,74313,2477.1,813.0,636.5,406.8,129.60000000000002,806,632,820,641,75.5
video_sincronitzat,1907,74314,2477.133333333333,836.5,631.0,585.72,-47.15999999999999,825,623,848,639,252.5
video_sincronitzat,1907,74315,2477.1666666666665,870.5,622.5,846.288,-171.864,848,607,893,638,756.5
video_sincronitzat,1907,74316,2477.2,901.0,586.0,887.5152,-725.7456,883,567,919,605,800.5
video_sincronitzat,1907,74317,2477.233333333333,952.5,541.0,1282.00608,-1100.29824,950,537,955,545,20.5
video_sincronitzat,1907,74318,2477.266666666667,1023.0,470.0,1781.802432,-1718.119296,966,442,1080,498,1587.0
video_sincronitzat,1907,74319,2477.3,1064.5,339.5,1459.7209728,-3036.2477184,1061,337,1068,342,15.5
video_sincronitzat,1907,74320,2477.3333333333335,1116.0,240.5,1510.88838912,-2996.49908736,1094,208,1138,273,1105.5
video_sincronitzat,1907,74321,2477.366666666667,1186.5,73.5,1873.355355648,-4204.599634944,1137,17,1236,130,4893.5
video_sincronitzat,1912,74334,2477.8,703.0,651.0,0.0,0.0,698,648,708,654,33.0
video_sincronitzat,1912,74335,2477.8333333333335,735.5,654.0,585.0,54.0,728,648,743,660,109.0
video_sincronitzat,1912,74336,2477.866666666667,765.5,653.0,774.0,3.6000000000000014,755,645,776,661,260.0
video_sincronitzat,1912,74337,2477.9,799.5,651.5,921.6,-25.56,784,639,815,664,482.0
video_sincronitzat,1912,74337,2477.9,772.5,659.5,0.0,0.0,769,657,776,662,18.0
video_sincronitzat,1912,74338,2477.9333333333334,842.5,631.5,1142.64,-370.224,821,613,864,650,715.5
video_sincronitzat,1912,74338,2477.9333333333334,874.0,618.0,1827.0,-747.0,869,614,879,622,38.0
video_sincronitzat,1912,74339,2477.9666666666667,855.0,580.0,682.056,-1075.0896,814,538,896,622,2113.0
video_sincronitzat,1912,74340,2478.0,887.5,565.0,857.8224,-700.03584,848,530,927,600,1816.5
video_sincronitzat,1912,74340,2478.0,953.5,521.0,1373.22,-1141.92,949,517,958,525,28.0
video_sincronitzat,1912,74341,2478.0333333333333,978.0,461.5,990.288,-1527.768,963,442,993,481,717.0
video_sincronitzat,1912,74342,2478.0666666666666,996.0,388.0,720.1152,-1934.1072,985,367,1007,409,504.0
video_sincronitzat,1912,74343,2478.1,1042.0,267.5,1116.04608,-2942.64288,1011,216,1073,319,3364.5
video_sincronitzat,1912,74344,2478.133333333333,1119.5,91.0,1841.418432,-4354.057152,1040,16,1199,166,9880.0
video_sincronitzat,1916,74413,2480.4333333333334,772.5,649.5,0.0,0.0,768,645,777,654,44.5
video_sincronitzat,1916,74414,2480.4666666666667,799.0,652.0,477.0,45.0,790,645,808,659,168.0
video_sincronitzat,1916,74415,2480.5,832.5,641.5,793.8,-171.0,820,632,845,651,321.0
video_sincronitzat,1916,74416,2480.5333333333333,874.0,626.5,1064.52,-338.4,850,612,898,641,843.5
video_sincronitzat,1916,74417,2480.5666666666666,917.5,588.5,1208.808,-819.36,898,571,937,606,666.0
video_sincronitzat,1916,74418,2480.6,958.5,501.0,1221.5232,-1902.7440000000001,948,484,969,518,321.5
video_sincronitzat,1916,74419,2480.633333333333,1006.5,436.5,1352.6092800000001,-1922.0976,1004,434,1009,439,9.0
video_sincronitzat,1937,74886,2496.2,777.5,71.0,0.0,0.0,746,43,809,99,1717.0
video_sincronitzat,1937,74887,2496.233333333333,836.0,166.0,1053.0,1710.0,833,163,839,169,16.5
video_sincronitzat,1937,74888,2496.266666666667,881.5,297.5,1240.2,3051.0,879,294,884,301,16.5
video_sincronitzat,1937,74890,2496.3333333333335,920.0,435.0,792.972,2335.86,915,422,925,448,146.5
video_sincronitzat,1937,74891,2496.366666666667,921.5,501.0,344.1888,2122.344,913,489,930,513,161.5
video_sincronitzat,1937,74892,2496.4,916.5,526.5,47.675520000000006,1307.9376000000002,913,524,920,529,14.0
video_sincronitzat,1937,74893,2496.4333333333334,920.5,576.5,91.07020800000001,1423.17504,914,565,927,588,91.5
video_sincronitzat,1937,74894,2496.4666666666667,899.0,610.5,-350.5719168,1181.270016,891,598,907,623,199.5
video_sincronitzat,1937,74895,2496.5,875.5,635.5,-563.2287667200001,922.5080064,864,623,887,648,285.0
video_sincronitzat,1937,74896,2496.5333333333333,847.0,653.5,-738.291506688,693.0032025600001,833,644,861,663,373.5
video_sincronitzat,1937,74897,2496.5666666666666,814.0,656.0,-889.3166026752001,322.201281024,806,650,822,662,105.5
video_sincronitzat,1937,74898,2496.6,789.5,651.5,-796.7266410700801,47.880512409600016,784,647,795,656,65.5
video_sincronitzat,1937,74900,2496.6666666666665,734.0,629.5,-786.3215907852289,-180.763015532544,730,626,738,633,29.0
video_sincronitzat,1948,74907,2496.9,1035.5,390.5,0.0,0.0,1032,388,1039,393,8.0
video_sincronitzat,1948,74908,2496.9333333333334,1049.0,481.0,243.0,1629.0,1020,430,1078,532,1662.5
video_sincronitzat,1948,74909,2496.9666666666667,995.5,495.5,-865.8,912.6,973,471,1018,520,899.0
video_sincronitzat,1948,74910,2497.0,969.0,524.0,-823.3199999999999,878.04,959,493,979,555,695.5
video_sincronitzat,1948,74912,2497.0666666666666,882.5,616.5,-1074.8952,1148.5944,872,608,893,625,219.5
video_sincronitzat,1948,74913,2497.1,844.0,633.5,-1122.9580799999999,765.43776,833,628,855,639,153.0
video_sincronitzat,1948,74915,2497.1666666666665,760.0,644.5,-1160.2649088,374.5575936,756,640,764,649,32.5
video_sincronitzat,1948,74916,2497.2,724.0,649.5,-1112.10596352,239.82303744,720,647,728,652,19.5
video_sincronitzat,1948,74923,2497.4333333333334,470.5,770.0,-888.2646250007558,360.8378607932033,468,767,473,773,15.0
video_sincronitzat,1964,75610,2520.3333333333335,811.5,637.5,0.0,0.0,805,631,818,644,98.5
video_sincronitzat,1964,75611,2520.366666666667,841.0,624.0,531.0,-243.0,831,614,851,634,256.5
video_sincronitzat,1964,75612,2520.4,873.5,609.0,797.4,-367.2,858,597,889,621,421.5
video_sincronitzat,1964,75613,2520.4333333333334,909.0,587.5,957.96,-533.88,897,576,921,599,295.0
video_sincronitzat,1964,75614,2520.4666666666667,945.5,540.0,1040.184,-1068.5520000000001,944,538,947,542,4.0
video_sincronitzat,1964,75615,2520.5,1000.0,510.0,1397.0736,-967.4208000000001,998,508,1002,512,5.5
video_sincronitzat,1964,75616,2520.5333333333333,1084.0,441.5,2070.82944,-1619.96832,1066,420,1102,463,526.0
video_sincronitzat,1964,75617,2520.5666666666666,1139.5,333.5,1827.331776,-2591.987328,1132,324,1147,343,146.5
video_sincronitzat,1971,76004,2533.4666666666667,788.5,642.0,0.0,0.0,783,636,794,648,79.0
video_sincronitzat,1971,76005,2533.5,797.5,646.5,162.0,81.0,790,638,805,655,182.5
video_sincronitzat,1971,76006,2533.5333333333333,812.5,637.5,334.8,-129.6,801,627,824,648,296.5
video_sincronitzat,1971,76007,2533.5666666666666,840.0,618.5,628.9200000000001,-393.84000000000003,827,607,853,630,375.0
video_sincronitzat,1971,76008,2533.6,860.0,594.0,611.568,-598.5360000000001,812,576,908,612,1417.0
video_sincronitzat,1971,76009,2533.633333333333,894.0,550.0,856.6272,-1031.4144000000001,869,526,919,574,1529.5
video_sincronitzat,1971,76010,2533.6666666666665,945.5,467.5,1269.6508800000001,-1897.56576,943,465,948,470,9.0
video_sincronitzat,1971,76011,2533.7,1004.5,407.0,1569.8603520000001,-1848.026304,1000,400,1009,414,75.5
video_sincronitzat,1971,76012,2533.733333333333,1089.5,281.0,2157.9441408000002,-3007.2105216,1058,236,1121,326,2642.0
video_sincronitzat,1971,76013,2533.766666666667,1205.0,117.5,2942.17765632,-4145.88420864,1164,58,1246,177,4445.0
video_sincronitzat,1980,76522,2550.733333333333,822.0,649.5,0.0,0.0,819,646,825,653,24.0
video_sincronitzat,1980,76523,2550.766666666667,848.5,653.5,477.0,72.0,837,645,860,662,254.5
video_sincronitzat,1980,76524,2550.8,877.0,655.0,703.8,55.8,865,642,889,668,410.0
video_sincronitzat,1980,76525,2550.8333333333335,903.0,643.0,749.52,-193.68,899,636,907,650,52.0
video_sincronitzat,1980,76526,2550.866666666667,956.5,609.5,1262.808,-680.472,948,598,965,621,287.0
video_sincronitzat,1980,76527,2550.9,1014.0,572.5,1540.1232,-938.1888,1012,570,1016,575,6.0
video_sincronitzat,1980,76528,2550.9333333333334,1052.0,500.5,1300.0492800000002,-1671.2755200000001,1041,481,1063,520,459.0
video_sincronitzat,1980,76529,2550.9666666666667,1095.5,374.5,1303.0197120000003,-2936.510208,1091,371,1100,378,30.0
video_sincronitzat,1990,76664,2555.4666666666667,1222.0,370.5,0.0,0.0,1216,363,1228,378,93.0
video_sincronitzat,1990,76665,2555.5,1132.0,445.0,-1620.0,1341.0,1099,413,1165,477,1691.0
video_sincronitzat,1990,76666,2555.5333333333333,1072.0,536.5,-1728.0,2183.4,1043,506,1101,567,841.5
video_sincronitzat,1990,76667,2555.5666666666666,1023.0,563.5,-1573.2,1359.3600000000001,991,550,1055,577,564.5
video_sincronitzat,1990,76668,2555.6,989.5,605.0,-1232.2800000000002,1290.7440000000001,981,592,998,618,174.5
video_sincronitzat,1990,76669,2555.633333333333,946.5,615.5,-1266.912,705.2976000000001,944,612,949,619,15.0
video_sincronitzat,1990,76670,2555.6666666666665,893.5,639.5,-1460.7648,714.11904,884,632,903,647,186.0
video_sincronitzat,1990,76671,2555.7,859.5,641.5,-1196.30592,321.647616,855,638,864,645,36.0
video_sincronitzat,1990,76672,2555.733333333333,826.5,646.0,-1072.522368,209.65904640000002,821,640,832,652,68.5
video_sincronitzat,1990,76674,2555.8,770.5,655.5,-890.10805248,160.977256704,767,648,774,663,55.5
video_sincronitzat,2014,76768,2558.9333333333334,825.0,658.0,0.0,0.0,819,653,831,663,64.5
video_sincronitzat,2014,76769,2558.9666666666667,841.5,655.0,297.0,-54.0,830,646,853,664,232.0
video_sincronitzat,2014,76770,2559.0,861.0,653.0,469.8,-57.6,848,641,874,665,442.5
video_sincronitzat,2014,76771,2559.0333333333333,880.5,634.5,538.9200000000001,-356.04,858,616,903,653,1019.5
video_sincronitzat,2014,76772,2559.0666666666666,915.5,598.0,845.568,-799.416,905,583,926,613,387.5
video_sincronitzat,2014,76773,2559.1,937.0,552.5,725.2272,-1138.7664,932,545,942,560,81.5
video_sincronitzat,2014,76774,2559.133333333333,987.0,467.5,1190.09088,-1985.50656,964,443,1010,492,1182.5
video_sincronitzat,2014,76775,2559.1666666666665,1027.0,370.5,1196.036352,-2540.202624,1023,367,1031,374,19.0
video_sincronitzat,2016,76789,2559.633333333333,776.5,645.5,0.0,0.0,771,640,782,651,76.0
video_sincronitzat,2016,76790,2559.6666666666665,789.0,651.0,225.0,99.0,783,646,795,656,80.5
video_sincronitzat,2016,76791,2559.7,805.0,652.5,378.0,66.6,795,645,815,660,174.5
video_sincronitzat,2016,76792,2559.733333333333,816.0,644.5,349.20000000000005,-117.36,799,632,833,657,371.5
video_sincronitzat,2016,76793,2559.766666666667,840.0,630.0,571.6800000000001,-307.944,829,617,851,643,390.0
video_sincronitzat,2016,76794,2559.8,867.5,605.0,723.672,-573.1776,836,585,899,625,913.5
video_sincronitzat,2016,76795,2559.8333333333335,877.5,558.5,469.46880000000004,-1066.27104,835,531,920,586,2818.5
video_sincronitzat,2016,76796,2559.866666666667,918.5,524.0,925.7875200000001,-1047.5084160000001,904,502,933,546,662.5
video_sincronitzat,2022,76811,2560.366666666667,748.5,600.0,0.0,0.0,743,592,754,608,120.5
video_sincronitzat,2022,76812,2560.4,746.0,604.0,-45.0,72.0,743,600,749,608,26.5
video_sincronitzat,2022,76813,2560.4333333333334,739.5,608.5,-135.0,109.8,731,600,748,617,185.0
video_sincronitzat,2022,76814,2560.4666666666667,735.5,608.5,-126.0,43.92,729,603,742,614,89.0
video_sincronitzat,2022,76815,2560.5,722.0,611.0,-293.4,62.568,713,599,731,623,235.5
video_sincronitzat,2022,76816,2560.5333333333333,715.0,617.5,-243.36,142.0272,710,613,720,622,60.5
video_sincronitzat,2022,76817,2560.5666666666666,698.5,627.0,-394.344,227.81088,692,621,705,633,93.5
video_sincronitzat,2022,76819,2560.633333333333,676.5,649.0,-339.96384,280.0119168,673,645,680,653,32.5
video_sincronitzat,2024,76905,2563.5,1101.5,338.5,0.0,0.0,1091,304,1112,373,410.5
video_sincronitzat,2024,76906,2563.5333333333333,1057.5,372.0,-792.0,603.0,1021,344,1094,400,1306.5
video_sincronitzat,2024,76907,2563.5666666666666,1036.0,436.5,-703.8,1402.2,1018,400,1054,473,1251.5
video_sincronitzat,2024,76908,2563.6,998.5,502.0,-956.52,1739.88,980,458,1017,546,1149.0
video_sincronitzat,2024,76909,2563.633333333333,971.5,554.0,-868.608,1631.9520000000002,968,550,975,558,25.0
video_sincronitzat,2024,76910,2563.6666666666665,906.0,601.5,-1526.4432,1507.7808,899,595,913,608,114.5
video_sincronitzat,2024,76911,2563.7,866.0,621.5,-1330.57728,963.1123200000001,855,615,877,628,142.5
video_sincronitzat,2024,76912,2563.733333333333,807.5,632.5,-1585.230912,583.2449280000001,804,630,811,635,15.0
video_sincronitzat,2026,77161,2572.0333333333333,776.5,693.0,0.0,0.0,771,689,782,697,47.0
video_sincronitzat,2026,77162,2572.0666666666666,803.5,694.5,486.0,27.0,796,689,811,700,94.0
video_sincronitzat,2026,77163,2572.1,830.5,694.5,680.4,10.8,823,688,838,701,127.0
video_sincronitzat,2026,77164,2572.133333333333,862.0,686.0,839.1600000000001,-148.68,845,673,879,699,469.5
video_sincronitzat,2026,77165,2572.1666666666665,869.5,672.0,470.66400000000004,-311.472,847,656,892,688,734.0
video_sincronitzat,2026,77166,2572.2,904.5,644.0,818.2656000000001,-628.5888,890,623,919,665,797.0
video_sincronitzat,2026,77167,2572.233333333333,898.5,607.0,219.30624000000006,-917.43552,865,581,932,633,1518.0
video_sincronitzat,2026,77168,2572.266666666667,941.5,561.0,861.7224960000001,-1194.974208,924,541,959,581,601.0
video_sincronitzat,2026,77169,2572.3,937.0,464.5,263.68899840000006,-2214.9896832,933,460,941,469,39.5
video_sincronitzat,2026,77170,2572.3333333333335,915.0,340.5,-290.52440063999995,-3117.99587328,913,338,917,343,7.0
video_sincronitzat,2026,77171,2572.366666666667,908.5,229.0,-233.20976025599998,-3254.198349312,899,211,918,247,314.5
video_sincronitzat,2026,77172,2572.4,954.5,79.5,734.7160958976,-3992.6793397248002,929,23,980,136,3023.0
video_sincronitzat,2035,77184,2572.8,827.0,663.5,0.0,0.0,821,658,833,669,67.5
video_sincronitzat,2035,77185,2572.8333333333335,860.5,663.0,603.0,-9.0,853,657,868,669,127.0
video_sincronitzat,2035,77186,2572.866666666667,898.0,650.5,916.2,-228.6,892,644,904,657,84.0
video_sincronitzat,2035,77187,2572.9,946.0,617.5,1230.48,-685.44,943,612,949,623,23.0
video_sincronitzat,2035,77188,2572.9333333333334,986.5,604.5,1221.192,-508.17600000000004,982,597,991,612,78.5
video_sincronitzat,2035,77189,2572.9666666666667,1027.0,593.5,1217.4768,-401.2704,1021,581,1033,606,155.5
video_sincronitzat,2039,77232,2574.4,756.0,621.5,0.0,0.0,753,619,759,624,15.0
video_sincronitzat,2039,77233,2574.4333333333334,755.5,627.5,-9.0,108.0,752,623,759,632,38.0
video_sincronitzat,2039,77234,2574.4666666666667,759.5,631.0,68.4,106.2,752,623,767,639,145.5
video_sincronitzat,2039,77235,2574.5,766.0,634.0,144.36,96.48,754,623,778,645,324.0
video_sincronitzat,2039,77236,2574.5333333333333,774.5,622.5,210.744,-168.408,762,611,787,634,407.5
video_sincronitzat,2039,77237,2574.5666666666666,787.0,612.0,309.2976,-256.3632,772,598,802,626,554.5
video_sincronitzat,2039,77238,2574.6,804.5,587.0,438.71904,-552.54528,782,565,827,609,1106.5
video_sincronitzat,2039,77239,2574.633333333333,821.0,555.0,472.487616,-797.018112,806,539,836,571,677.0
video_sincronitzat,2039,77241,2574.7,843.0,638.5,368.09554176000006,464.57347968,840,635,846,642,25.0
video_sincronitzat,2039,77242,2574.733333333333,849.0,631.5,255.23821670400002,59.829391872,841,624,857,639,156.5
video_sincronitzat,2039,77243,2574.766666666667,860.0,621.0,300.0952866816,-165.0682432512,850,612,870,630,211.0
video_sincronitzat,2039,77244,2574.8,872.0,605.5,336.03811467264,-345.02729730048,854,591,890,620,588.0
video_sincronitzat,2039,77245,2574.8333333333335,877.5,568.0,233.415245869056,-813.010918920192,852,549,903,587,922.0
video_sincronitzat,2039,77246,2574.866666666667,910.0,540.5,678.3660983476224,-820.2043675680768,899,525,921,556,436.0
video_sincronitzat,2039,77247,2574.9,977.0,506.0,1477.346439339049,-949.0817470272307,951,480,1003,532,976.0
video_sincronitzat,2039,77249,2574.9666666666667,1101.5,329.0,1652.3447181620577,-1934.669428929803,1070,321,1133,337,506.0
video_sincronitzat,2039,77250,2575.0,1098.5,199.5,606.9378872648231,-3104.8677715719214,1071,161,1126,238,1806.5
video_sincronitzat,2039,77251,2575.0333333333333,1191.5,57.5,1916.7751549059292,-3797.9471086287685,1140,9,1243,106,4894.5
video_sincronitzat,2051,77478,2582.6,814.5,634.5,0.0,0.0,807,630,822,639,74.5
video_sincronitzat,2051,77479,2582.633333333333,840.0,623.0,459.0,-207.0,831,613,849,633,243.0
video_sincronitzat,2051,77480,2582.6666666666665,870.5,602.0,732.6,-460.8,861,590,880,614,298.0
video_sincronitzat,2051,77481,2582.7,902.0,567.5,860.04,-805.32,889,552,915,583,353.0
video_sincronitzat,2051,77482,2582.733333333333,929.5,497.5,839.0160000000001,-1582.1280000000002,922,493,937,502,72.5
video_sincronitzat,2051,77483,2582.766666666667,969.5,454.0,1055.6064000000001,-1415.8512,930,435,1009,473,1376.5
video_sincronitzat,2051,77484,2582.8,1035.0,374.0,1601.2425600000001,-2006.34048,1024,354,1046,394,426.0
video_sincronitzat,2051,77485,2582.8333333333335,1104.5,268.0,1891.4970240000002,-2710.536192,1098,263,1111,273,61.5
video_sincronitzat,2051,77486,2582.866666666667,1129.5,90.5,1206.5988096,-4279.2144768,1124,84,1135,97,77.5
video_sincronitzat,2051,77487,2582.9,1252.5,26.5,2696.63952384,-2863.68579072,1236,0,1269,53,964.0
video_sincronitzat,2054,77749,2591.633333333333,736.5,653.5,0.0,0.0,735,651,738,656,6.0
video_sincronitzat,2054,77750,2591.6666666666665,751.5,658.0,270.0,81.0,745,651,758,665,113.0
video_sincronitzat,2054,77751,2591.7,766.0,650.5,369.0,-102.6,756,641,776,660,256.5
video_sincronitzat,2054,77752,2591.733333333333,780.5,638.5,408.6,-257.04,772,629,789,648,226.0
video_sincronitzat,2054,77753,2591.766666666667,795.5,616.0,433.44000000000005,-507.81600000000003,777,600,814,632,561.0
video_sincronitzat,2054,77754,2591.8,822.0,574.5,650.376,-950.1264,783,550,861,599,2126.0
video_sincronitzat,2054,77755,2591.8333333333335,848.5,553.0,737.1504,-767.05056,816,533,881,573,1084.5
video_sincronitzat,2054,77756,2591.866666666667,871.5,491.0,708.86016,-1422.820224,859,471,884,511,583.5
video_sincronitzat,2054,77757,2591.9,892.0,413.5,652.5440639999999,-1964.1280896,890,411,894,416,8.5
video_sincronitzat,2054,77758,2591.9333333333334,954.5,316.5,1386.0176256,-2531.65123584,951,311,958,322,31.0
video_sincronitzat,2054,77759,2591.9666666666667,999.5,197.5,1364.40705024,-3154.660494336,976,153,1023,242,1473.0
video_sincronitzat,2054,77760,2592.0,1102.0,60.5,2390.762820096,-3727.8641977344,1037,9,1167,112,6608.5
video_sincronitzat,2061,78685,2622.8333333333335,793.5,658.0,0.0,0.0,789,654,798,662,40.5
video_sincronitzat,2061,78686,2622.866666666667,812.0,665.0,333.0,126.0,801,657,823,673,232.0
video_sincronitzat,2061,78687,2622.9,844.0,661.5,709.2,-12.599999999999994,832,653,856,670,280.5
video_sincronitzat,2061,78688,2622.9333333333334,877.0,658.5,877.6800000000001,-59.04,862,648,892,669,424.0
video_sincronitzat,2061,78689,2622.9666666666667,923.0,647.5,1179.0720000000001,-221.61599999999999,913,639,933,656,203.5
video_sincronitzat,2061,78690,2623.0,962.5,632.5,1182.6288,-358.64639999999997,954,626,971,639,133.0
video_sincronitzat,2061,78691,2623.0333333333333,1012.5,618.0,1373.05152,-404.45856000000003,1006,611,1019,625,110.0
video_sincronitzat,2061,78693,2623.1,1126.0,490.0,1515.7985472,-1297.6050816,1097,470,1155,510,959.0
video_sincronitzat,2061,78694,2623.133333333333,1321.5,428.5,4125.31941888,-1626.04203264,1302,424,1341,433,214.0
video_sincronitzat,2061,78695,2623.1666666666665,1383.5,340.0,2766.127767552,-2243.416813056,1366,327,1401,353,268.5
video_sincronitzat,2064,78861,2628.7,748.0,647.5,0.0,0.0,742,641,754,654,105.5
video_sincronitzat,2064,78862,2628.733333333333,765.0,649.5,306.0,36.0,755,643,775,656,165.5
video_sincronitzat,2064,78863,2628.766666666667,785.5,652.5,491.4,68.4,773,644,798,661,243.0
video_sincronitzat,2064,78864,2628.8,806.5,644.0,574.56,-125.64,791,633,822,655,379.5
video_sincronitzat,2064,78865,2628.8333333333335,834.5,628.5,733.824,-329.256,821,614,848,643,544.0
video_sincronitzat,2064,78866,2628.866666666667,869.0,603.0,914.5296000000001,-590.7024,837,577,901,629,1446.0
video_sincronitzat,2064,78867,2628.9,863.5,558.5,266.8118400000001,-1037.28096,832,535,895,582,1543.5
video_sincronitzat,2064,78868,2628.9333333333334,863.5,538.0,106.72473600000004,-783.912384,843,525,884,551,386.0
video_sincronitzat,2064,78869,2628.9666666666667,901.0,411.5,717.6898944,-2590.5649536,875,383,927,440,1243.0
video_sincronitzat,2064,78870,2629.0,890.0,320.0,89.07595776,-2683.2259814400004,848,277,932,363,2459.5
video_sincronitzat,2064,78871,2629.0333333333333,922.5,212.0,620.630383104,-3017.290392576,896,176,949,248,2176.0
video_sincronitzat,2064,78872,2629.0666666666666,966.0,49.0,1031.2521532416,-4140.9161570304,947,0,985,98,2120.5
video_sincronitzat,2071,78983,2632.766666666667,821.0,686.0,0.0,0.0,816,682,826,690,49.5
video_sincronitzat,2071,78984,2632.8,852.0,695.0,558.0,162.0,846,689,858,701,97.5
video_sincronitzat,2071,78985,2632.8333333333335,880.5,700.0,736.2,154.8,868,687,893,713,343.5
video_sincronitzat,2071,78986,2632.866666666667,896.0,693.0,573.48,-64.07999999999998,878,678,914,708,561.5
video_sincronitzat,2071,78987,2632.9,917.0,678.5,607.392,-286.632,897,653,937,704,1198.5
video_sincronitzat,2071,78988,2632.9333333333334,913.0,645.0,170.95680000000004,-717.6528000000001,886,622,940,668,1060.5
video_sincronitzat,2071,78989,2632.9666666666667,946.0,589.5,662.3827200000001,-1286.06112,929,558,963,621,1132.0
video_sincronitzat,2071,78990,2633.0,943.0,516.0,210.95308800000004,-1837.4244480000002,937,503,949,529,110.5
video_sincronitzat,2071,78991,2633.0333333333333,934.0,441.0,-77.61876479999998,-2084.9697792,931,438,937,444,17.5
video_sincronitzat,2071,78992,2633.0666666666666,921.0,306.5,-265.04750592,-3254.9879116800003,916,298,926,315,77.5
video_sincronitzat,2071,78993,2633.1,951.0,177.0,433.980997632,-3632.995164672,948,173,954,181,18.5
video_sincronitzat,2090,79027,2634.233333333333,742.0,665.5,0.0,0.0,738,662,746,669,30.0
video_sincronitzat,2090,79029,2634.3,806.0,673.5,576.0,72.0,799,669,813,678,68.5
video_sincronitzat,2090,79030,2634.3333333333335,840.5,676.5,851.4,82.8,828,670,853,683,206.0
video_sincronitzat,2090,79031,2634.366666666667,881.0,674.5,1069.56,-2.8800000000000026,870,665,892,684,276.5
video_sincronitzat,2090,79032,2634.4,917.5,662.0,1084.824,-226.152,907,653,928,671,202.0
video_sincronitzat,2090,79033,2634.4333333333334,957.0,641.0,1144.9296,-468.4608,949,626,965,656,264.0
video_sincronitzat,2090,79034,2634.4666666666667,986.0,596.0,979.9718399999999,-997.38432,984,593,988,599,10.5
video_sincronitzat,2090,79035,2634.5,1010.5,576.0,832.988736,-758.953728,1007,571,1014,581,41.0
video_sincronitzat,2090,79037,2634.5666666666666,1066.5,398.5,803.87594496,-1870.72334208,1064,394,1069,403,15.5
video_sincronitzat,2090,79038,2634.6,1180.5,282.0,2373.550377984,-2845.289336832,1179,280,1182,284,4.0
video_sincronitzat,2097,79236,2641.2,1241.5,30.0,0.0,0.0,1219,0,1264,60,1490.0
video_sincronitzat,2097,79237,2641.233333333333,1187.0,111.5,-981.0,1467.0,1165,79,1209,144,1615.5
video_sincronitzat,2097,79238,2641.266666666667,1161.5,208.5,-851.4000000000001,2332.8,1151,183,1172,234,284.0
video_sincronitzat,2097,79239,2641.3,1129.5,259.0,-916.5600000000001,1842.1200000000001,1128,257,1131,261,4.0
video_sincronitzat,2097,79240,2641.3333333333335,1008.0,347.5,-2553.624,2329.848,996,327,1020,368,365.5
video_sincronitzat,2097,79241,2641.366666666667,1005.0,366.5,-1075.4496,1273.9392,963,341,1047,392,1325.0
video_sincronitzat,2097,79242,2641.4,992.5,410.5,-655.17984,1301.57568,963,361,1022,460,1029.0
video_sincronitzat,2097,79243,2641.4333333333334,984.5,493.0,-406.071936,2005.6302719999999,957,449,1012,537,1936.0
video_sincronitzat,2097,79244,2641.4666666666667,950.0,488.0,-783.4287744000001,712.2521088,939,464,961,512,525.5
video_sincronitzat,2097,79245,2641.5,931.0,535.5,-655.37150976,1139.90084352,926,531,936,540,42.0
video_sincronitzat,2097,79246,2641.5333333333333,871.5,567.0,-1333.148603904,1022.960337408,861,557,882,577,232.5
video_sincronitzat,2097,79247,2641.5666666666666,837.0,592.5,-1154.2594415616,868.1841349632,826,584,848,601,188.5
video_sincronitzat,2097,79248,2641.6,812.0,608.0,-911.70377662464,626.27365398528,809,604,815,612,26.5
video_sincronitzat,2097,79249,2641.633333333333,801.0,615.0,-562.681510649856,376.50946159411205,795,609,807,621,74.0
video_sincronitzat,2104,79802,2660.0666666666666,785.0,642.5,0.0,0.0,783,641,787,644,4.0
video_sincronitzat,2104,79803,2660.1,783.0,648.0,-36.0,99.0,777,642,789,654,98.5
video_sincronitzat,2104,79804,2660.133333333333,782.0,655.0,-32.4,165.6,776,648,788,662,112.5
video_sincronitzat,2104,79805,2660.1666666666665,783.0,656.0,5.039999999999999,84.24,775,648,791,664,173.5
video_sincronitzat,2104,79806,2660.2,786.0,656.0,56.016,33.696,775,647,797,665,260.5
video_sincronitzat,2104,79807,2660.233333333333,787.0,648.0,40.406400000000005,-130.5216,763,635,811,661,751.0
video_sincronitzat,2104,79808,2660.266666666667,804.0,638.0,322.16256,-232.20864,791,622,817,654,632.0
video_sincronitzat,2104,79809,2660.3,817.0,610.0,362.865024,-596.883456,759,586,875,634,2696.0
video_sincronitzat,2104,79810,2660.3333333333335,835.5,562.0,478.1460096,-1102.7533824,792,531,879,593,2583.0
video_sincronitzat,2104,79811,2660.366666666667,858.5,529.0,605.25840384,-1035.10135296,839,508,878,550,783.5
video_sincronitzat,2104,79812,2660.4,865.0,366.0,359.103361536,-3348.040541184,852,341,878,391,869.5
video_sincronitzat,2104,79813,2660.4333333333334,865.0,264.0,143.64134461440003,-3175.2162164736,826,227,904,301,2506.5
video_sincronitzat,2104,79814,2660.4666666666667,902.0,148.5,723.4565378457601,-3349.08648658944,900,146,904,151,7.0
video_sincronitzat,2116,80203,2673.4333333333334,782.5,657.5,0.0,0.0,780,655,785,660,11.0
video_sincronitzat,2116,80204,2673.4666666666667,792.5,664.5,180.0,126.0,785,657,800,672,141.5
video_sincronitzat,2116,80205,2673.5,803.5,658.5,270.0,-57.599999999999994,793,649,814,668,244.5
video_sincronitzat,2116,80206,2673.5333333333333,816.0,649.5,333.0,-185.04,807,639,825,660,267.0
video_sincronitzat,2116,80207,2673.5666666666666,833.0,629.5,439.20000000000005,-434.016,813,613,853,646,718.5
video_sincronitzat,2116,80208,2673.6,851.0,587.0,499.68000000000006,-938.6064,812,562,890,612,2085.0
video_sincronitzat,2116,80209,2673.633333333333,896.0,544.5,1009.8720000000001,-1140.44256,874,521,918,568,1344.0
video_sincronitzat,2116,80210,2673.6666666666665,936.0,483.0,1123.9488000000001,-1563.177024,928,476,944,490,137.5
video_sincronitzat,2116,80211,2673.7,999.5,395.5,1592.57952,-2200.2708096,996,391,1003,400,31.5
video_sincronitzat,2116,80212,2673.733333333333,1135.5,271.5,3085.031808,-3112.10832384,1133,269,1138,274,12.5
video_sincronitzat,2122,80219,2673.9666666666667,782.0,644.0,0.0,0.0,776,637,788,651,102.0
video_sincronitzat,2122,80220,2674.0,798.0,637.0,288.0,-126.0,790,630,806,644,137.0
video_sincronitzat,2122,80221,2674.0333333333333,820.0,628.0,511.2,-212.4,813,621,827,635,121.0
video_sincronitzat,2122,80222,2674.0666666666666,843.5,619.0,627.48,-246.96,832,609,855,629,271.5
video_sincronitzat,2122,80223,2674.1,876.0,602.0,835.992,-404.784,848,583,904,621,1080.0
video_sincronitzat,2122,80224,2674.133333333333,877.0,573.5,352.3968,-674.9136,842,550,912,597,1569.5
video_sincronitzat,2122,80225,2674.1666666666665,896.5,536.0,491.95871999999997,-944.96544,861,503,932,569,1809.0
video_sincronitzat,2122,80226,2674.2,904.5,417.5,340.78348800000003,-2510.986176,875,378,934,457,1586.5
video_sincronitzat,2122,80227,2674.233333333333,927.0,325.0,541.3133952000001,-2669.3944704,897,297,957,353,1076.5
video_sincronitzat,2122,80228,2674.266666666667,981.5,153.0,1197.52535808,-4163.75778816,967,129,996,177,702.5
video_sincronitzat,2130,80233,2674.4333333333334,822.0,641.5,0.0,0.0,816,636,828,647,75.5
video_sincronitzat,2130,80234,2674.4666666666667,846.0,637.0,432.0,-81.0,838,630,854,644,149.0
video_sincronitzat,2130,80235,2674.5,874.5,627.5,685.8,-203.4,862,618,887,637,306.5
video_sincronitzat,2130,80236,2674.5333333333333,901.5,605.5,760.3199999999999,-477.36,890,596,913,615,224.5
video_sincronitzat,2130,80237,2674.5666666666666,949.5,585.0,1168.128,-559.944,945,578,954,592,75.0
video_sincronitzat,2130,80238,2674.6,1014.0,561.5,1628.2512,-646.9775999999999,979,534,1049,589,1085.5
video_sincronitzat,2130,80239,2674.633333333333,1051.0,490.5,1317.3004799999999,-1536.79104,1014,466,1088,515,1813.5
video_sincronitzat,2130,80240,2674.6666666666665,1099.0,447.0,1390.920192,-1397.7164160000002,1045,429,1153,465,1674.0
video_sincronitzat,2130,80241,2674.7,1210.5,370.0,2563.3680768,-1945.0865664000003,1199,354,1222,386,391.0
video_sincronitzat,2130,80242,2674.733333333333,1297.0,282.0,2582.34723072,-2362.03462656,1275,260,1319,304,669.0
video_sincronitzat,2130,80243,2674.766666666667,1395.5,175.5,2805.938892288,-2861.813850624,1382,160,1409,191,361.0
video_sincronitzat,2140,80352,2678.4,833.0,628.0,0.0,0.0,829,624,837,632,35.5
video_sincronitzat,2140,80353,2678.4333333333334,842.5,619.5,171.0,-153.0,837,614,848,625,85.5
video_sincronitzat,2140,80354,2678.4666666666667,855.0,615.5,293.4,-133.2,845,606,865,625,279.5
video_sincronitzat,2140,80355,2678.5,879.0,589.0,549.36,-530.28,864,574,894,604,585.5
video_sincronitzat,2140,80356,2678.5333333333333,896.5,556.0,534.744,-806.112,879,536,914,576,801.0
video_sincronitzat,2140,80357,2678.5666666666666,957.0,522.0,1302.8976,-934.4448,952,514,962,530,92.5
video_sincronitzat,2140,80358,2678.6,958.0,438.5,539.15904,-1876.77792,924,405,992,472,2040.5
video_sincronitzat,2140,80359,2678.633333333333,965.5,369.5,350.66361600000005,-1992.711168,949,354,982,385,453.0
video_sincronitzat,2140,80360,2678.6666666666665,1111.5,332.5,2768.2654464,-1463.0844672,1109,330,1114,335,11.5
video_sincronitzat,2141,80353,2678.4333333333334,799.5,661.5,0.0,0.0,792,655,807,668,119.5
video_sincronitzat,2141,80354,2678.4666666666667,828.0,659.0,513.0,-45.0,817,651,839,667,197.5
video_sincronitzat,2141,80355,2678.5,860.0,657.0,781.2,-54.0,847,642,873,672,384.5
video_sincronitzat,2141,80356,2678.5333333333333,885.0,637.5,762.48,-372.6,866,625,904,650,516.0
video_sincronitzat,2141,80357,2678.5666666666666,921.5,624.5,961.992,-383.04,913,614,930,635,213.5
video_sincronitzat,2141,80358,2678.6,990.0,570.0,1617.7968,-1134.216,980,554,1000,586,305.5
video_sincronitzat,2141,80359,2678.633333333333,983.0,497.5,521.11872,-1758.6864,949,452,1017,543,1842.0
video_sincronitzat,2141,80360,2678.6666666666665,1041.5,466.0,1261.447488,-1270.47456,1038,460,1045,472,26.5
video_sincronitzat,2141,80361,2678.7,1066.5,395.5,954.5789952,-1777.189824,1062,377,1071,414,207.5
video_sincronitzat,2141,80362,2678.733333333333,1138.5,291.0,1677.83159808,-2591.8759296,1118,262,1159,320,1265.5
video_sincronitzat,2141,80363,2678.766666666667,1200.5,180.5,1787.1326392320002,-3025.7503718400003,1173,137,1228,224,2438.5
video_sincronitzat,2141,80364,2678.8,1272.0,44.0,2001.8530556928001,-3667.300148736,1233,0,1311,88,4303.5
video_sincronitzat,2167,80592,2686.4,806.5,690.5,0.0,0.0,801,687,812,694,44.0
video_sincronitzat,2167,80593,2686.4333333333334,834.5,691.0,504.0,9.0,827,684,842,698,121.5
video_sincronitzat,2167,80594,2686.4666666666667,860.5,689.5,669.6,-23.4,848,680,873,699,307.5
video_sincronitzat,2167,80595,2686.5,890.0,681.5,798.84,-153.36,881,670,899,693,208.0
video_sincronitzat,2167,80596,2686.5333333333333,915.5,663.5,778.5360000000001,-385.344,904,648,927,679,425.5
video_sincronitzat,2167,80597,2686.5666666666666,933.0,652.5,626.4144000000001,-352.1376,927,641,939,664,148.5
video_sincronitzat,2167,80598,2686.6,996.5,572.5,1393.56576,-1580.85504,981,546,1012,599,658.5
video_sincronitzat,2167,80599,2686.633333333333,1014.0,450.0,872.426304,-2837.342016,1012,446,1016,454,17.5
video_sincronitzat,2167,80600,2686.6666666666665,1069.5,417.5,1347.9705216,-1719.9368064,1028,396,1111,439,1848.5
video_sincronitzat,2208,80958,2698.6,748.5,673.0,0.0,0.0,746,671,751,675,7.5
video_sincronitzat,2208,80959,2698.633333333333,765.0,675.0,297.0,36.0,761,671,769,679,38.0
video_sincronitzat,2208,80960,2698.6666666666665,786.5,674.5,505.8,5.4,783,671,790,678,31.0
video_sincronitzat,2208,80961,2698.7,807.0,675.5,571.32,20.16,798,669,816,682,149.5
video_sincronitzat,2208,80962,2698.733333333333,834.0,675.5,714.528,8.064,822,666,846,685,256.0
video_sincronitzat,2208,80963,2698.766666666667,869.0,664.0,915.8112000000001,-203.7744,848,651,890,677,622.0
video_sincronitzat,2208,80964,2698.8,880.0,654.0,564.32448,-261.50976,854,638,906,670,924.0
video_sincronitzat,2208,80965,2698.8333333333335,900.5,651.5,594.729792,-149.603904,895,645,906,658,91.5
video_sincronitzat,2208,80967,2698.9,994.5,564.0,1060.10272512,-841.35740544,983,543,1006,585,372.5
video_sincronitzat,2208,80969,2698.9666666666667,1068.5,368.5,1047.6369810432,-2062.3886659584,1057,345,1080,392,677.0
video_sincronitzat,2208,80970,2699.0,1126.0,265.5,1454.05479241728,-2678.95546638336,1077,215,1175,316,4740.0
video_sincronitzat,2222,81214,2707.133333333333,764.5,629.0,0.0,0.0,760,625,769,633,46.0
video_sincronitzat,2222,81215,2707.1666666666665,775.5,622.5,198.0,-117.0,768,615,783,630,131.0
video_sincronitzat,2222,81216,2707.2,786.0,613.0,268.2,-217.8,778,604,794,622,195.5
video_sincronitzat,2222,81217,2707.233333333333,804.5,604.0,440.28,-249.12,793,589,816,619,489.0
video_sincronitzat,2222,81218,2707.266666666667,828.0,580.5,599.112,-522.648,812,562,844,599,556.5
video_sincronitzat,2222,81219,2707.3,860.5,577.0,824.6448,-272.05920000000003,813,550,908,604,1934.0
video_sincronitzat,2222,81220,2707.3333333333335,906.0,535.5,1148.85792,-855.82368,886,519,926,552,749.5
video_sincronitzat,2222,81221,2707.366666666667,924.0,467.0,783.5431679999999,-1575.329472,889,455,959,479,902.5
video_sincronitzat,2222,81222,2707.4,1011.5,388.0,1888.4172672,-2052.1317888,1006,382,1017,394,54.0
video_sincronitzat,2222,81223,2707.4333333333334,1122.0,294.0,2744.36690688,-2512.85271552,1094,261,1150,327,1480.0
video_sincronitzat,2222,81224,2707.4666666666667,1216.0,170.5,2789.746762752,-3228.141086208,1184,130,1248,211,2207.5
video_sincronitzat,2230,81506,2716.866666666667,764.0,634.5,0.0,0.0,760,631,768,638,27.5
video_sincronitzat,2230,81507,2716.9,772.5,641.0,153.0,117.0,768,636,777,646,51.0
video_sincronitzat,2230,81508,2716.9333333333334,783.0,643.5,250.2,91.80000000000001,776,639,790,648,85.0
video_sincronitzat,2230,81509,2716.9666666666667,794.5,643.5,307.08,36.720000000000006,788,637,801,650,110.5
video_sincronitzat,2230,81510,2717.0,805.5,642.0,320.832,-12.311999999999998,793,636,818,648,197.0
video_sincronitzat,2230,81511,2717.0333333333333,828.0,634.5,533.3328,-139.9248,818,626,838,643,228.5
video_sincronitzat,2230,81512,2717.0666666666666,844.5,630.0,510.33312,-136.96992,833,621,856,639,290.0
video_sincronitzat,2230,81513,2717.1,869.0,618.5,645.133248,-261.787968,847,604,891,633,610.0
video_sincronitzat,2230,81514,2717.133333333333,884.0,594.5,528.0532992000001,-536.7151872,854,576,914,613,1107.5
video_sincronitzat,2230,81515,2717.1666666666665,902.0,580.0,535.2213196800001,-475.68607488,877,564,927,596,742.5
video_sincronitzat,2230,81516,2717.2,933.5,559.0,781.088527872,-568.274429952,931,555,936,563,22.0
video_sincronitzat,2230,81517,2717.233333333333,938.5,493.5,402.43541114880003,-1406.3097719808,925,484,952,503,238.0
video_sincronitzat,2230,81518,2717.266666666667,973.0,470.0,781.97416445952,-985.52390879232,942,448,1004,492,1195.0
video_sincronitzat,2230,81519,2717.3,1011.5,442.0,1005.789665783808,-898.209563516928,1007,434,1016,450,92.5
video_sincronitzat,2248,81742,2724.733333333333,797.0,665.5,0.0,0.0,794,661,800,670,27.0
video_sincronitzat,2248,81743,2724.766666666667,814.5,673.0,315.0,135.0,809,668,820,678,67.0
video_sincronitzat,2248,81744,2724.8,837.5,669.5,540.0,-9.0,828,662,847,677,169.0
video_sincronitzat,2248,81745,2724.8333333333335,847.5,663.5,396.0,-111.6,829,654,866,673,387.5
video_sincronitzat,2248,81746,2724.866666666667,871.5,654.0,590.4,-215.64,846,639,897,669,694.5
video_sincronitzat,2248,81747,2724.9,897.5,630.0,704.16,-518.256,878,605,917,655,826.0
video_sincronitzat,2248,81748,2724.9333333333334,901.0,575.0,344.664,-1197.3024,858,555,944,595,1478.5
video_sincronitzat,2248,81749,2724.9666666666667,892.5,554.0,-15.1344,-856.92096,854,535,931,573,1773.0
video_sincronitzat,2248,81750,2725.0,877.0,471.5,-285.05376,-1827.768384,874,469,880,474,15.0
video_sincronitzat,2277,81937,2731.233333333333,708.0,683.0,0.0,0.0,702,678,714,688,84.5
video_sincronitzat,2277,81938,2731.266666666667,725.0,680.0,306.0,-54.0,714,673,736,687,171.5
video_sincronitzat,2277,81939,2731.3,755.5,673.5,671.4,-138.6,745,666,766,681,239.5
video_sincronitzat,2277,81940,2731.3333333333335,784.5,669.0,790.56,-136.44,768,659,801,679,422.5
video_sincronitzat,2277,81941,2731.366666666667,818.5,658.0,928.2239999999999,-252.576,801,642,836,674,596.5
video_sincronitzat,2277,81943,2731.4333333333334,882.5,623.0,910.1606400000001,-405.92736,852,596,913,650,1208.5
video_sincronitzat,2277,81944,2731.4666666666667,922.5,580.0,1084.0642560000001,-936.370944,900,555,945,605,1192.5
video_sincronitzat,2277,81945,2731.5,956.5,547.0,1045.6257024000001,-968.5483776000001,951,539,962,555,99.0
video_sincronitzat,2277,81946,2731.5333333333333,1021.5,436.0,1588.25028096,-2385.41935104,1015,428,1028,444,123.0
video_sincronitzat,2277,81947,2731.5666666666666,1078.0,330.0,1652.300112384,-2862.167740416,1054,293,1102,367,1888.5
video_sincronitzat,2277,81948,2731.6,1158.0,222.0,2100.9200449536,-3088.8670961664,1117,164,1199,280,4691.5
video_sincronitzat,2277,81949,2731.633333333333,1206.0,131.5,1704.36801798144,-2864.54683846656,1204,129,1208,134,7.0
video_sincronitzat,2288,82134,2737.8,824.5,616.0,0.0,0.0,822,614,827,618,10.0
video_sincronitzat,2288,82135,2737.8333333333335,836.5,613.0,216.0,-54.0,829,608,844,618,89.0
video_sincronitzat,2288,82136,2737.866666666667,851.5,597.0,356.4,-309.6,849,593,854,601,20.0
video_sincronitzat,2288,82137,2737.9,862.5,585.5,340.56,-330.84000000000003,856,579,869,592,116.5
video_sincronitzat,2288,82138,2737.9333333333334,877.5,562.0,406.22400000000005,-555.336,865,549,890,575,390.0
video_sincronitzat,2288,82139,2737.9666666666667,885.5,542.0,306.4896,-582.1344,875,529,896,555,360.0
video_sincronitzat,2288,82140,2738.0,936.5,491.0,1040.59584,-1150.85376,915,480,958,502,401.5
video_sincronitzat,2288,82141,2738.0333333333333,914.0,442.0,11.238336000000004,-1342.341504,872,418,956,466,2247.5
video_sincronitzat,2288,82142,2738.0666666666666,910.5,369.0,-58.504665599999996,-1850.9366016,850,328,971,410,2903.0
video_sincronitzat,2288,82143,2738.1,903.5,303.0,-149.40186624,-1928.37464064,873,262,934,344,1363.5
video_sincronitzat,2288,82144,2738.133333333333,892.0,211.5,-266.760746496,-2418.349856256,888,205,896,218,54.5
video_sincronitzat,2307,82291,2743.0333333333333,733.5,678.0,0.0,0.0,730,675,737,681,12.0
video_sincronitzat,2307,82292,2743.0666666666666,757.0,676.5,423.0,-27.0,753,672,761,681,45.5
video_sincronitzat,2307,82293,2743.1,777.5,673.5,538.2,-64.8,771,666,784,681,118.5
video_sincronitzat,2307,82294,2743.133333333333,788.0,667.5,404.28000000000003,-133.92000000000002,779,656,797,679,259.0
video_sincronitzat,2307,82295,2743.1666666666665,795.5,658.5,296.712,-215.568,783,646,808,671,371.0
video_sincronitzat,2307,82296,2743.2,801.0,649.5,217.6848,-248.2272,770,627,832,672,1097.0
video_sincronitzat,2307,82297,2743.233333333333,822.0,598.5,465.07392,-1017.29088,758,557,886,640,4841.5
video_sincronitzat,2307,82298,2743.266666666667,852.0,573.5,726.029568,-856.916352,787,537,917,610,5145.5
video_sincronitzat,2307,82299,2743.3,887.0,538.5,920.4118272000001,-972.7665408,879,530,895,547,132.5
video_sincronitzat,2308,82295,2743.1666666666665,766.5,647.5,0.0,0.0,761,644,772,651,35.0
video_sincronitzat,2308,82297,2743.233333333333,866.0,634.5,895.5,-117.0,861,629,871,640,43.5
video_sincronitzat,2308,82299,2743.3,870.0,498.0,358.38000000000005,-1270.62,867,495,873,501,20.0
video_sincronitzat,2308,82300,2743.3333333333335,972.5,377.5,1988.352,-2677.248,970,371,975,384,34.0
video_sincronitzat,2308,82301,2743.366666666667,1054.0,214.5,2262.3408,-4004.8992,1052,212,1056,217,8.5
video_sincronitzat,2308,82302,2743.4,1088.0,29.0,1516.93632,-4940.95968,1045,0,1131,58,3077.5
video_sincronitzat,2325,82313,2743.766666666667,772.5,643.0,0.0,0.0,767,638,778,648,63.0
video_sincronitzat,2325,82314,2743.8,781.5,644.5,162.0,27.0,774,638,789,651,114.5
video_sincronitzat,2325,82315,2743.8333333333335,790.0,637.0,217.8,-124.2,780,630,800,644,174.5
video_sincronitzat,2325,82316,2743.866666666667,804.5,631.0,348.12,-157.68,796,623,813,639,191.5
video_sincronitzat,2325,82317,2743.9,820.0,625.0,418.24800000000005,-171.072,807,614,833,636,349.0
video_sincronitzat,2325,82318,2743.9333333333334,832.0,610.0,383.29920000000004,-338.4288,807,594,857,626,667.5
video_sincronitzat,2325,82319,2743.9666666666667,853.0,574.5,531.3196800000001,-774.37152,807,543,899,606,2005.5
video_sincronitzat,2325,82320,2744.0,876.0,567.0,626.527872,-444.74860800000005,831,539,921,595,2156.5
video_sincronitzat,2325,82321,2744.0333333333333,888.5,547.5,475.6111488,-528.8994432000001,880,537,897,558,123.5
video_sincronitzat,2325,82322,2744.0666666666666,960.0,442.0,1477.24445952,-2110.55977728,947,419,973,465,677.0
video_sincronitzat,2325,82323,2744.1,990.0,383.5,1130.897783808,-1897.223910912,987,380,993,387,23.5
video_sincronitzat,2343,82458,2748.6,819.0,643.5,0.0,0.0,814,640,824,647,41.5
video_sincronitzat,2343,82459,2748.633333333333,833.5,643.0,261.0,-9.0,827,636,840,650,111.0
video_sincronitzat,2343,82460,2748.6666666666665,849.0,642.0,383.4,-21.6,839,634,859,650,201.5
video_sincronitzat,2343,82461,2748.7,866.0,637.5,459.36,-89.64,846,627,886,648,519.5
video_sincronitzat,2343,82462,2748.733333333333,881.0,624.5,453.744,-269.856,857,605,905,644,1060.0
video_sincronitzat,2343,82463,2748.766666666667,898.0,589.5,487.49760000000003,-737.9424,862,564,934,615,1641.0
video_sincronitzat,2343,82464,2748.8,912.0,551.5,446.99904000000004,-979.17696,903,544,921,559,160.0
video_sincronitzat,2343,82465,2748.8333333333335,981.5,468.0,1429.799616,-1894.670784,980,466,983,470,4.0
video_sincronitzat,2343,82466,2748.866666666667,1049.5,380.0,1795.9198464,-2341.8683136,1044,373,1055,387,78.0
video_sincronitzat,2343,82467,2748.9,1127.5,271.0,2122.36793856,-2898.74732544,1094,228,1161,314,3385.5
video_sincronitzat,2343,82468,2748.9333333333334,1215.5,147.5,2432.947175424,-3382.498930176,1172,97,1259,198,4848.0
video_sincronitzat,2343,82469,2748.9666666666667,1315.0,27.5,2764.1788701696,-3512.9995720704,1285,0,1345,55,2091.0
video_sincronitzat,2349,82502,2750.0666666666666,770.5,627.0,0.0,0.0,769,625,772,629,4.0
video_sincronitzat,2349,82503,2750.1,776.0,631.0,99.0,72.0,770,625,782,637,96.0
video_sincronitzat,2349,82504,2750.133333333333,777.5,628.5,66.6,-16.2,770,622,785,635,124.0
video_sincronitzat,2349,82505,2750.1666666666665,782.0,625.0,107.64,-69.48,775,617,789,633,176.5
video_sincronitzat,2349,82506,2750.2,789.5,616.0,178.056,-189.792,768,602,811,630,583.0
video_sincronitzat,2349,82507,2750.233333333333,778.5,593.0,-126.77759999999999,-489.9168,759,569,798,617,691.0
video_sincronitzat,2349,82508,2750.266666666667,771.0,586.0,-185.71104,-321.96672,732,558,810,614,1633.5
video_sincronitzat,2349,82509,2750.3,764.5,535.5,-191.28441600000002,-1037.786688,762,532,767,539,15.5
video_sincronitzat,2349,82510,2750.3333333333335,693.5,487.0,-1354.5137664,-1288.1146752,692,485,695,489,4.0
video_sincronitzat,2349,82512,2750.4,694.5,367.5,-478.624955904,-1539.221283072,688,361,701,374,98.5
video_sincronitzat,2349,82513,2750.4333333333334,679.5,210.0,-461.4499823616,-3450.6885132288,677,202,682,218,41.0
video_sincronitzat,2349,82514,2750.4666666666667,671.0,98.0,-337.57999294464,-3396.2754052915197,668,95,674,101,10.5
video_sincronitzat,2365,82971,2765.7,1315.5,89.0,0.0,0.0,1313,84,1318,94,18.5
video_sincronitzat,2365,82972,2765.733333333333,1271.0,70.0,-801.0,-342.0,1267,62,1275,78,53.5
video_sincronitzat,2365,82973,2765.766666666667,1212.5,197.5,-1373.4,2158.2,1206,193,1219,202,38.0
video_sincronitzat,2365,82975,2765.8333333333335,1129.0,342.0,-1245.924,2077.452,1109,314,1149,370,1323.0
video_sincronitzat,2365,82976,2765.866666666667,1066.5,373.5,-1623.3696,1397.9808000000003,1034,350,1099,397,1289.5
video_sincronitzat,2365,82977,2765.9,1041.0,421.5,-1108.34784,1423.19232,1011,388,1071,455,1778.5
video_sincronitzat,2365,82978,2765.9333333333334,1010.0,496.5,-1001.339136,1919.2769280000002,978,466,1042,527,1740.5
video_sincronitzat,2365,82979,2765.9666666666667,981.5,563.5,-913.5356544000001,1973.7107712000002,965,549,998,578,441.5
video_sincronitzat,2365,82980,2766.0,949.0,568.5,-950.41426176,879.4843084800001,947,566,951,571,8.5
video_sincronitzat,2365,82982,2766.0666666666666,893.5,609.0,-841.6491342336001,681.1143510528,891,606,896,612,11.5
video_sincronitzat,2365,82985,2766.1666666666665,794.5,630.5,-866.6943194916864,349.68104974110724,792,628,797,633,10.0
video_sincronitzat,2384,83172,2772.4,1237.5,261.0,0.0,0.0,1233,250,1242,272,95.5
video_sincronitzat,2384,83173,2772.4333333333334,1146.0,336.5,-1647.0,1359.0,1139,328,1153,345,136.5
video_sincronitzat,2384,83174,2772.4666666666667,1104.5,387.0,-1405.8000000000002,1452.6,1053,340,1156,434,2640.5
video_sincronitzat,2384,83175,2772.5,1060.5,489.0,-1354.3200000000002,2417.04,1014,451,1107,527,2307.5
video_sincronitzat,2384,83176,2772.5333333333333,1009.5,526.0,-1459.728,1632.816,968,511,1051,541,1028.5
video_sincronitzat,2384,83177,2772.5666666666666,997.5,553.5,-799.8912,1148.1264,978,538,1017,569,530.0
video_sincronitzat,2384,83178,2772.6,977.0,581.0,-688.95648,954.2505600000001,965,572,989,590,205.0
video_sincronitzat,2384,83181,2772.7,885.0,622.5,-775.2218995200001,558.17718144,878,616,892,629,108.0
video_sincronitzat,2384,83182,2772.733333333333,852.5,630.5,-895.0887598080001,367.270872576,847,623,858,638,69.5
video_sincronitzat,2384,83183,2772.766666666667,821.0,642.0,-925.0355039232,353.9083490304,818,639,824,645,15.0
video_sincronitzat,2384,83185,2772.8333333333335,749.5,643.0,-976.5127814123521,136.40700565094403,745,640,754,646,27.5
video_sincronitzat,2388,83330,2777.6666666666665,794.5,688.5,0.0,0.0,787,683,802,694,96.0
video_sincronitzat,2388,83331,2777.7,818.0,688.5,423.0,0.0,808,680,828,697,206.5
video_sincronitzat,2388,83332,2777.733333333333,839.0,685.5,547.2,-54.0,826,670,852,701,401.5
video_sincronitzat,2388,83333,2777.766666666667,850.0,668.5,416.88,-327.6,819,640,881,697,1267.5
video_sincronitzat,2388,83334,2777.8,862.0,642.5,382.752,-599.04,822,608,902,677,1969.0
video_sincronitzat,2388,83335,2777.8333333333335,883.5,623.0,540.1008,-590.616,849,574,918,672,3167.5
video_sincronitzat,2388,83336,2777.866666666667,858.0,555.5,-242.95967999999996,-1451.2464,809,520,907,591,3213.5
video_sincronitzat,2388,83337,2777.9,865.0,484.5,28.816128000000006,-1858.49856,855,471,875,498,309.0
video_sincronitzat,2388,83338,2777.9333333333334,834.0,411.0,-546.4735488,-2066.399424,809,379,859,443,1650.0
video_sincronitzat,2404,83339,2777.9666666666667,1066.5,17.0,0.0,0.0,1045,2,1088,32,428.5
video_sincronitzat,2404,83340,2778.0,1055.5,18.0,-198.0,18.0,1051,14,1060,22,33.5
video_sincronitzat,2404,83344,2778.133333333333,1070.0,72.0,7.5131999999999906,248.2488,1068,70,1072,74,4.0
video_sincronitzat,2404,83345,2778.1666666666665,1101.0,144.0,561.00528,1395.29952,1095,136,1107,152,71.0
video_sincronitzat,2404,83347,2778.233333333333,998.0,220.5,-725.0380992,1190.8078272,983,207,1013,234,288.0
video_sincronitzat,2404,83348,2778.266666666667,965.5,259.5,-875.01523968,1178.32313088,960,252,971,267,90.5
video_sincronitzat,2404,83349,2778.3,942.0,322.0,-773.0060958720001,1596.329252352,912,297,972,347,1397.5
video_sincronitzat,2404,83350,2778.3333333333335,919.0,357.5,-723.2024383488001,1277.5317009408,865,308,973,407,3376.0
video_sincronitzat,2404,83351,2778.366666666667,875.0,408.0,-1081.28097533952,1420.01268037632,842,396,908,420,902.0
video_sincronitzat,2404,83353,2778.4333333333334,855.0,490.5,-569.2611511222271,1253.7045649354752,815,464,895,517,1326.0
video_sincronitzat,2404,83354,2778.4666666666667,865.0,532.0,-47.70446044889087,1248.48182597419,856,522,874,542,219.5
video_sincronitzat,2404,83355,2778.5,854.5,562.0,-208.08178417955634,1039.392730389676,794,530,915,594,3876.0
video_sincronitzat,2404,83356,2778.5333333333333,842.5,575.0,-299.2327136718225,649.7570921558704,813,550,872,600,1014.0
video_sincronitzat,2404,83357,2778.5666666666666,834.0,576.0,-272.693085468729,277.9028368623482,791,545,877,607,2114.0
video_sincronitzat,2404,83358,2778.6,847.5,606.0,133.92276581250837,651.1611347449393,832,594,863,618,469.0
video_sincronitzat,2404,83359,2778.633333333333,832.0,619.5,-225.43089367499664,503.4644538979757,822,607,842,632,314.5
video_sincronitzat,2404,83360,2778.6666666666665,823.5,633.0,-243.17235746999864,444.38578155919026,814,623,833,643,230.0
video_sincronitzat,2404,83361,2778.7,812.0,636.5,-304.2689429879995,240.75431262367613,806,631,818,642,88.5
video_sincronitzat,2404,83362,2778.733333333333,803.5,644.0,-274.7075771951998,231.30172504947046,797,637,810,651,115.5
video_sincronitzat,2404,83363,2778.766666666667,794.5,648.0,-271.8830308780799,164.5206900197882,790,644,799,652,49.0
video_sincronitzat,2404,83364,2778.8,787.5,647.0,-234.75321235123198,47.80827600791528,784,643,791,651,37.0
video_sincronitzat,2416,83974,2799.133333333333,773.5,677.5,0.0,0.0,770,674,777,681,31.0
video_sincronitzat,2416,83975,2799.1666666666665,792.5,674.0,342.0,-63.0,783,666,802,682,203.5
video_sincronitzat,2416,83976,2799.2,814.5,671.0,532.8,-79.2,802,662,827,680,288.0
video_sincronitzat,2416,83977,2799.233333333333,834.5,664.0,573.12,-157.68,813,649,856,679,550.0
video_sincronitzat,2416,83978,2799.266666666667,859.0,647.0,670.248,-369.072,831,629,887,665,921.5
video_sincronitzat,2416,83979,2799.3,874.0,620.5,538.0992000000001,-624.6288,849,601,899,640,938.5
video_sincronitzat,2416,83980,2799.3333333333335,897.0,600.5,629.23968,-609.8515199999999,863,571,931,630,1269.0
video_sincronitzat,2416,83981,2799.366666666667,928.5,551.0,818.695872,-1134.9406079999999,927,549,930,553,4.0
video_sincronitzat,2416,83983,2799.4333333333334,1065.5,397.5,1527.73051392,-1790.07861888,1042,371,1089,424,1404.0
video_sincronitzat,2416,83984,2799.4666666666667,1184.5,295.5,2753.0922055680003,-2552.031447552,1089,233,1280,358,10986.0
video_sincronitzat,2416,83985,2799.5,1272.0,130.5,2676.2368822272,-3990.8125790208,1174,30,1370,231,18841.0
video_sincronitzat,2416,83986,2799.5333333333333,1363.0,2.5,2708.49475289088,-3900.3250316083204,1358,0,1368,5,29.5
video_sincronitzat,2428,84000,2800.0,756.0,635.5,0.0,0.0,752,632,760,639,23.5
video_sincronitzat,2428,84001,2800.0333333333333,767.0,640.5,198.0,90.0,761,635,773,646,95.0
video_sincronitzat,2428,84002,2800.0666666666666,781.0,644.5,331.2,108.0,775,636,787,653,135.0
video_sincronitzat,2428,84003,2800.1,801.0,634.5,492.48,-136.8,791,626,811,643,240.5
video_sincronitzat,2428,84004,2800.133333333333,818.5,612.0,511.992,-459.72,797,596,840,628,543.0
video_sincronitzat,2428,84005,2800.1666666666665,846.5,589.5,708.7968000000001,-588.888,800,570,893,609,1351.0
video_sincronitzat,2428,84006,2800.2,880.0,545.0,886.51872,-1036.5552,853,523,907,567,1485.0
video_sincronitzat,2428,84007,2800.233333333333,889.0,454.5,516.6074880000001,-2043.62208,854,431,924,478,1148.5
video_sincronitzat,2428,84008,2800.266666666667,952.0,399.0,1340.6429952,-1816.448832,930,372,974,426,548.0
video_sincronitzat,2428,84009,2800.3,1040.5,271.5,2129.2571980800003,-3021.5795328,1023,244,1058,299,868.0
video_sincronitzat,2428,84010,2800.3333333333335,1087.5,126.0,1697.7028792320002,-3827.63181312,1029,80,1146,172,4474.5
video_sincronitzat,2428,84011,2800.366666666667,1187.5,17.0,2479.0811516928,-3493.052725248,1162,0,1213,34,930.0
video_sincronitzat,2432,84115,2803.8333333333335,823.0,635.5,0.0,0.0,818,631,828,640,54.0
video_sincronitzat,2432,84116,2803.866666666667,840.5,628.5,315.0,-126.0,833,622,848,635,143.0
video_sincronitzat,2432,84117,2803.9,864.5,613.0,558.0,-329.4,854,603,875,623,291.5
video_sincronitzat,2432,84118,2803.9333333333334,892.0,595.0,718.2,-455.76,877,582,907,608,491.0
video_sincronitzat,2432,84119,2803.9666666666667,928.0,570.0,935.28,-632.304,914,560,942,580,305.5
video_sincronitzat,2432,84120,2804.0,979.0,502.0,1292.112,-1476.9216000000001,939,473,1019,531,1738.5
video_sincronitzat,2432,84121,2804.0333333333333,990.5,452.0,723.8448000000001,-1490.7686400000002,950,426,1031,478,1728.5
video_sincronitzat,2432,84122,2804.0666666666666,1133.5,420.0,2863.53792,-1172.307456,1114,402,1153,438,823.5
video_sincronitzat,2432,84123,2804.1,1169.5,301.0,1793.4151680000002,-2610.9229824,1154,285,1185,317,563.0
video_sincronitzat,2432,84124,2804.133333333333,1254.5,208.5,2247.3660672,-2709.36919296,1225,182,1284,235,1447.0
video_sincronitzat,2432,84125,2804.1666666666665,1338.0,111.5,2401.94642688,-2829.747677184,1323,95,1353,128,518.0
video_sincronitzat,2436,84140,2804.6666666666665,778.5,650.0,0.0,0.0,773,645,784,655,74.0
video_sincronitzat,2436,84141,2804.7,803.0,650.0,441.0,0.0,794,642,812,658,198.5
video_sincronitzat,2436,84142,2804.733333333333,831.0,643.0,680.4,-126.0,820,634,842,652,261.0
video_sincronitzat,2436,84143,2804.766666666667,869.0,623.5,956.1600000000001,-401.4,851,609,887,638,674.5
video_sincronitzat,2436,84144,2804.8,898.5,583.5,913.464,-880.56,876,559,921,608,1050.0
video_sincronitzat,2436,84145,2804.8333333333335,937.0,554.5,1058.3856,-874.2239999999999,931,547,943,562,100.5
video_sincronitzat,2436,84150,2805.0,970.0,543.0,396.56271686400004,-270.83134656000004,967,540,973,546,19.0
video_sincronitzat,2436,84151,2805.0333333333333,976.5,494.0,275.6250867456,-990.332538624,929,463,1024,525,1742.5
video_sincronitzat,2436,84152,2805.0666666666666,1033.0,458.0,1127.25003469824,-1044.1330154496,1011,436,1055,480,630.5
video_sincronitzat,2437,84144,2804.8,785.5,640.0,0.0,0.0,782,638,789,642,16.0
video_sincronitzat,2437,84145,2804.8333333333335,803.0,643.0,315.0,54.0,800,639,806,647,24.0
video_sincronitzat,2437,84146,2804.866666666667,824.0,642.0,504.0,3.6000000000000014,817,636,831,648,91.0
video_sincronitzat,2437,84147,2804.9,848.5,630.5,642.6,-205.56,838,621,859,640,259.0
video_sincronitzat,2437,84148,2804.9333333333334,875.5,620.0,743.04,-271.224,863,608,888,632,391.0
video_sincronitzat,2437,84149,2804.9666666666667,904.0,593.0,810.216,-594.4896,889,578,919,608,477.0
video_sincronitzat,2437,84150,2805.0,947.5,562.0,1107.0864000000001,-795.79584,936,553,959,571,174.0
video_sincronitzat,2437,84152,2805.0666666666666,1096.5,483.0,1739.5511040000001,-997.4865024000001,1061,460,1132,506,1415.5
video_sincronitzat,2445,84361,2812.0333333333333,810.5,629.0,0.0,0.0,805,625,816,633,52.0
video_sincronitzat,2445,84362,2812.0666666666666,829.0,622.5,333.0,-117.0,822,615,836,630,128.5
video_sincronitzat,2445,84363,2812.1,849.5,605.0,502.20000000000005,-361.8,837,596,862,614,260.5
video_sincronitzat,2445,84364,2812.133333333333,862.5,564.0,434.88,-882.72,835,538,890,590,1003.0
video_sincronitzat,2445,84365,2812.1666666666665,884.5,551.5,569.952,-578.088,857,535,912,568,898.5
video_sincronitzat,2445,84366,2812.2,916.0,473.5,794.9808,-1635.2352,902,460,930,487,412.5
video_sincronitzat,2445,84367,2812.233333333333,935.5,410.5,668.9923200000001,-1788.09408,888,382,983,439,1899.5
video_sincronitzat,2445,84368,2812.266666666667,969.0,358.0,870.596928,-1660.237632,960,348,978,368,157.5
video_sincronitzat,2450,84503,2816.766666666667,830.0,676.0,0.0,0.0,827,674,833,678,4.0
video_sincronitzat,2450,84504,2816.8,858.0,681.0,504.0,90.0,851,675,865,687,98.5
video_sincronitzat,2450,84505,2816.8333333333335,889.0,672.0,759.6,-126.0,884,665,894,679,88.0
video_sincronitzat,2450,84506,2816.866666666667,921.0,660.0,879.84,-266.4,914,655,928,665,94.0
video_sincronitzat,2450,84507,2816.9,958.5,629.0,1026.9360000000001,-664.56,956,626,961,632,11.5
video_sincronitzat,2450,84508,2816.9333333333334,968.5,586.0,590.7744,-1039.824,964,581,973,591,60.0
video_sincronitzat,2459,85039,2834.633333333333,827.0,679.5,0.0,0.0,821,674,833,685,87.5
video_sincronitzat,2459,85040,2834.6666666666665,847.5,675.0,369.0,-81.0,838,667,857,683,177.5
video_sincronitzat,2459,85041,2834.7,866.5,656.5,489.6,-365.4,853,645,880,668,363.0
video_sincronitzat,2459,85042,2834.733333333333,882.0,640.0,474.84000000000003,-443.15999999999997,862,625,902,655,612.0
video_sincronitzat,2459,85043,2834.766666666667,904.5,607.5,594.936,-762.264,887,582,922,633,442.0
video_sincronitzat,2459,85044,2834.8,926.0,554.0,624.9744000000001,-1267.9056,920,541,932,567,147.0
video_sincronitzat,2459,85045,2834.8333333333335,916.5,449.0,78.98976000000005,-2397.16224,872,412,961,486,1872.5
video_sincronitzat,2459,85046,2834.866666666667,938.0,395.0,418.595904,-1930.864896,911,372,965,418,889.5
video_sincronitzat,2459,85047,2834.9,969.5,185.5,734.4383616,-4543.3459584,966,179,973,192,36.0
video_sincronitzat,2459,85048,2834.9333333333334,1065.5,2.5,2021.77534464,-5111.33838336,1062,0,1069,5,16.5
video_sincronitzat,2469,85132,2837.733333333333,695.5,670.0,0.0,0.0,689,663,702,677,102.0
video_sincronitzat,2469,85133,2837.766666666667,728.0,669.0,585.0,-18.0,719,663,737,675,151.0
video_sincronitzat,2469,85134,2837.8,764.5,656.0,891.0,-241.2,748,647,781,665,313.5
video_sincronitzat,2469,85135,2837.8333333333335,803.0,643.0,1049.4,-330.48,788,634,818,652,360.5
video_sincronitzat,2469,85136,2837.866666666667,852.0,624.5,1301.76,-465.192,839,613,865,636,328.0
video_sincronitzat,2469,85137,2837.9,898.0,592.0,1348.7040000000002,-771.0768,882,578,914,606,465.0
video_sincronitzat,2469,85138,2837.9333333333334,938.0,548.0,1259.4816,-1100.43072,929,537,947,559,152.0
video_sincronitzat,2469,85139,2837.9666666666667,998.0,506.0,1583.7926400000001,-1196.172288,965,470,1031,542,1369.5
video_sincronitzat,2469,85140,2838.0,1048.5,453.5,1542.5170560000001,-1423.4689152,1014,410,1083,497,3222.0
video_sincronitzat,2469,85141,2838.0333333333333,1068.5,344.0,977.0068224000001,-2540.38756608,1041,301,1096,387,1587.5
video_sincronitzat,2469,85142,2838.0666666666666,1094.5,289.0,858.8027289600001,-2006.1550264319999,1070,276,1119,302,659.5
video_sincronitzat,2489,85273,2842.4333333333334,767.0,630.0,0.0,0.0,763,625,771,635,50.0
video_sincronitzat,2489,85274,2842.4666666666667,799.5,628.5,585.0,-27.0,796,625,803,632,24.0
video_sincronitzat,2489,85275,2842.5,832.5,623.5,828.0,-100.8,825,618,840,629,97.5
video_sincronitzat,2489,85276,2842.5333333333333,867.5,606.5,961.2,-346.32,854,595,881,618,366.5
video_sincronitzat,2489,85277,2842.5666666666666,887.5,579.0,744.48,-633.528,873,561,902,597,577.0
video_sincronitzat,2489,85278,2842.6,915.5,534.0,801.792,-1063.4112,911,524,920,544,88.0
video_sincronitzat,2489,85279,2842.633333333333,907.5,429.0,176.71680000000003,-2315.36448,871,380,944,478,2780.5
video_sincronitzat,2489,85280,2842.6666666666665,901.0,369.0,-46.31327999999998,-2006.1457920000003,865,328,937,410,1647.5
video_sincronitzat,2489,85281,2842.7,917.0,283.0,269.474688,-2350.4583168,886,231,948,335,2132.0
video_sincronitzat,2489,85282,2842.733333333333,927.5,142.5,296.7898752,-3469.18332672,863,94,992,191,4191.5
video_sincronitzat,2489,85283,2842.766666666667,930.5,49.0,172.71595008,-3070.673330688,876,0,985,98,4300.0
video_sincronitzat,2495,85587,2852.9,762.0,622.5,0.0,0.0,760,620,764,625,8.5
video_sincronitzat,2495,85590,2853.0,822.0,627.0,360.0,27.0,818,624,826,630,29.0
video_sincronitzat,2495,85591,2853.0333333333333,846.5,618.0,585.0,-151.2,839,612,854,624,94.5
video_sincronitzat,2495,85592,2853.0666666666666,877.0,603.5,783.0,-321.48,871,598,883,609,81.5
video_sincronitzat,2495,85593,2853.1,899.5,588.5,718.2,-398.592,891,583,908,594,104.0
video_sincronitzat,2495,85594,2853.133333333333,925.0,566.5,746.28,-555.4368,923,563,927,570,13.5
video_sincronitzat,2495,85595,2853.1666666666665,940.0,546.5,568.512,-582.17472,933,534,947,559,165.5
video_sincronitzat,2495,85598,2853.266666666667,1030.0,389.0,724.197888,-1133.62460928,1012,366,1048,412,822.0
video_sincronitzat,2495,85600,2853.3333333333335,1090.0,209.0,800.7112396800001,-2028.1048593408,1066,197,1114,221,497.0
video_sincronitzat,2495,85601,2853.366666666667,1111.5,159.0,707.284495872,-1711.24194373632,1099,151,1124,167,144.0
video_sincronitzat,2510,86011,2867.0333333333333,773.5,663.0,0.0,0.0,769,660,778,666,27.5
video_sincronitzat,2510,86012,2867.0666666666666,795.5,667.5,396.0,81.0,788,662,803,673,92.0
video_sincronitzat,2510,86013,2867.1,819.5,676.5,590.4,194.4,812,670,827,683,97.5
video_sincronitzat,2510,86014,2867.133333333333,845.5,672.0,704.16,-3.239999999999995,835,664,856,680,195.5
video_sincronitzat,2510,86015,2867.1666666666665,870.0,664.5,722.664,-136.296,858,655,882,674,257.0
video_sincronitzat,2510,86016,2867.2,895.5,645.0,748.0656,-405.5184,886,633,905,657,289.0
video_sincronitzat,2510,86017,2867.233333333333,917.0,618.5,686.22624,-639.20736,910,609,924,628,168.0
video_sincronitzat,2510,86018,2867.266666666667,936.0,600.5,616.490496,-579.682944,933,595,939,606,27.5
video_sincronitzat,2510,86019,2867.3,954.5,521.5,579.5961984,-1653.8731776,949,516,960,527,57.0
video_sincronitzat,2510,86020,2867.3333333333335,963.0,444.5,384.83847936000006,-2047.54927104,916,395,1010,494,3630.5
video_sincronitzat,2510,86021,2867.366666666667,956.0,390.5,27.935391744000043,-1791.019708416,922,374,990,407,1377.0
video_sincronitzat,2510,86022,2867.4,1021.0,269.0,1181.1741566976,-2903.4078833664,1012,255,1030,283,311.0
video_sincronitzat,2510,86023,2867.4333333333334,1026.5,127.5,571.4696626790401,-3708.36315334656,995,99,1058,156,1998.5
video_sincronitzat,2510,86024,2867.4666666666667,1041.0,19.5,489.5878650716161,-3427.3452613386244,1027,0,1055,39,719.0
video_sincronitzat,2517,86222,2874.0666666666666,783.5,634.5,0.0,0.0,781,632,786,637,9.5
video_sincronitzat,2517,86223,2874.1,794.0,633.0,189.0,-27.0,791,629,797,637,26.0
video_sincronitzat,2517,86224,2874.133333333333,806.5,628.5,300.6,-91.8,800,621,813,636,126.0
video_sincronitzat,2517,86225,2874.1666666666665,821.5,609.0,390.24,-387.72,813,599,830,619,231.5
video_sincronitzat,2517,86226,2874.2,844.0,592.5,561.096,-452.088,833,582,855,603,291.5
video_sincronitzat,2517,86227,2874.233333333333,860.5,565.0,521.4384,-675.8352,830,547,891,583,1032.5
video_sincronitzat,2517,86228,2874.266666666667,898.5,531.5,892.57536,-873.3340800000001,886,521,911,542,229.0
video_sincronitzat,2517,86229,2874.3,944.0,470.0,1176.030144,-1456.333632,938,463,950,477,74.0
video_sincronitzat,2517,86231,2874.366666666667,1059.5,328.0,1462.8708518400001,-1802.28010752,1051,321,1068,335,100.5
video_sincronitzat,2517,86232,2874.4,1119.5,249.5,1665.1483407360001,-2133.912043008,1115,243,1124,256,60.0
video_sincronitzat,2517,86233,2874.4333333333334,1224.0,127.5,2547.0593362944,-3049.5648172032,1200,99,1248,156,981.5
video_sincronitzat,2517,86234,2874.4666666666667,1308.5,31.0,2539.82373451776,-2956.82592688128,1295,18,1322,44,345.0
video_sincronitzat,2523,86312,2877.0666666666666,813.5,674.0,0.0,0.0,809,669,818,679,48.5
video_sincronitzat,2523,86313,2877.1,829.5,661.0,288.0,-234.0,820,651,839,671,200.5
video_sincronitzat,2523,86314,2877.133333333333,847.0,645.0,430.2,-381.6,837,636,857,654,219.5
video_sincronitzat,2523,86315,2877.1666666666665,870.0,623.0,586.08,-548.64,845,606,895,640,792.5
video_sincronitzat,2523,86315,2877.1666666666665,827.0,630.5,0.0,0.0,825,628,829,633,8.5
video_sincronitzat,2523,86316,2877.2,864.5,583.5,135.43200000000002,-930.456,831,562,898,605,1346.0
video_sincronitzat,2523,86317,2877.233333333333,873.0,540.5,207.1728,-1146.1824000000001,836,521,910,560,1239.0
video_sincronitzat,2523,86317,2877.233333333333,857.5,520.5,274.5,-990.0,855,518,860,523,10.0
video_sincronitzat,2523,86318,2877.266666666667,920.0,470.5,928.8691200000001,-1718.47296,877,449,963,492,1604.0
video_sincronitzat,2523,86318,2877.266666666667,876.5,440.5,451.8,-1836.0,874,438,879,443,14.0
video_sincronitzat,2523,86319,2877.3,926.5,405.0,488.54764800000004,-1866.3891840000001,883,379,970,431,1781.0
video_sincronitzat,2523,86320,2877.3333333333335,937.0,332.5,384.4190592,-2051.5556736,906,300,968,365,1262.5
video_sincronitzat,2523,86320,2877.3333333333335,989.5,331.0,1179.6480000000001,-1646.46,985,325,994,337,49.5
video_sincronitzat,2523,86321,2877.366666666667,985.0,237.5,1017.76762368,-2530.62226944,978,224,992,251,209.5
video_sincronitzat,2523,86321,2877.366666666667,945.5,205.5,-320.1407999999999,-2917.584,923,176,968,235,1549.5
video_sincronitzat,2523,86322,2877.4,1019.5,138.5,1028.107049472,-2794.248907776,992,101,1047,176,2069.5
video_sincronitzat,2523,86322,2877.4,949.5,92.5,-56.05631999999997,-3201.0335999999998,916,48,983,137,3165.5
video_sincronitzat,2523,86323,2877.4333333333334,1040.0,35.0,780.2428197888,-2980.6995631104,1017,0,1063,70,2049.5
video_sincronitzat,2523,86323,2877.4333333333334,967.5,5.0,301.577472,-2855.4134400000003,962,0,973,10,70.0
video_sincronitzat,2535,86430,2881.0,798.0,679.0,0.0,0.0,793,674,803,684,54.0
video_sincronitzat,2535,86431,2881.0333333333333,825.5,681.0,495.0,36.0,818,676,833,686,93.5
video_sincronitzat,2535,86432,2881.0666666666666,854.0,674.0,711.0,-111.6,844,664,864,684,205.0
video_sincronitzat,2535,86433,2881.1,873.5,658.0,635.4000000000001,-332.64,861,647,886,669,361.0
video_sincronitzat,2535,86434,2881.133333333333,885.0,639.5,461.1600000000001,-466.05600000000004,861,625,909,654,579.0
video_sincronitzat,2535,86435,2881.1666666666665,927.5,593.5,949.464,-1014.4224,923,583,932,604,90.0
video_sincronitzat,2535,86436,2881.2,955.5,547.5,883.7856,-1233.76896,951,540,960,555,94.0
video_sincronitzat,2535,86437,2881.233333333333,979.5,480.0,785.51424,-1708.507584,889,439,1070,521,4036.0
video_sincronitzat,2535,86438,2881.266666666667,982.0,426.5,359.205696,-1646.4030336,962,398,1002,455,853.0
video_sincronitzat,2542,86502,2883.4,698.0,680.0,0.0,0.0,692,675,704,685,87.0
video_sincronitzat,2542,86503,2883.4333333333334,726.0,679.0,504.0,-18.0,720,673,732,685,82.0
video_sincronitzat,2542,86504,2883.4666666666667,753.5,680.0,696.6,10.8,743,673,764,687,194.5
video_sincronitzat,2542,86505,2883.5,788.5,671.0,908.6400000000001,-157.68,778,664,799,678,183.5
video_sincronitzat,2542,86506,2883.5333333333333,819.5,661.5,921.4560000000001,-234.072,806,650,833,673,393.0
video_sincronitzat,2542,86507,2883.5666666666666,856.0,655.5,1025.5824,-201.6288,837,639,875,672,523.0
video_sincronitzat,2542,86508,2883.6,893.5,631.5,1085.23296,-512.65152,880,620,907,643,410.5
video_sincronitzat,2542,86509,2883.633333333333,928.0,616.5,1055.093184,-475.060608,923,610,933,623,68.5
video_sincronitzat,2542,86510,2883.6666666666665,1030.5,577.0,2267.0372736,-901.0242432,1024,573,1037,581,47.5
video_sincronitzat,2542,86511,2883.7,1055.5,504.5,1356.81490944,-1665.40969728,1038,482,1073,527,818.5
video_sincronitzat,2542,86512,2883.733333333333,1128.5,453.5,1856.725963776,-1584.1638789120002,1109,440,1148,467,493.5
video_sincronitzat,2542,86513,2883.766666666667,1165.5,379.0,1408.6903855104001,-1974.6655515648001,1150,356,1181,402,598.5
video_sincronitzat,2542,86514,2883.8,1238.0,268.5,1868.4761542041601,-2778.86622062592,1196,220,1280,317,3769.0
video_sincronitzat,2542,86515,2883.8333333333335,1338.5,147.0,2556.390461681664,-3298.5464882503684,1300,95,1377,199,3795.0
video_sincronitzat,2543,86507,2883.5666666666666,730.0,628.5,0.0,0.0,726,625,734,632,28.5
video_sincronitzat,2543,86510,2883.6666666666665,706.5,637.0,-141.0,51.0,704,634,709,640,15.5
video_sincronitzat,2543,86512,2883.733333333333,704.5,652.0,-68.76,153.36,700,645,709,659,70.0
video_sincronitzat,2543,86513,2883.766666666667,710.5,661.0,80.496,223.344,704,652,717,670,126.0
video_sincronitzat,2543,86514,2883.8,717.5,671.0,158.1984,269.3376,708,663,727,679,206.0
video_sincronitzat,2543,86515,2883.8333333333335,730.5,673.0,297.27936,143.73504000000003,720,660,741,686,271.5
video_sincronitzat,2543,86516,2883.866666666667,749.0,682.5,451.911744,228.49401600000002,732,673,766,692,379.5
video_sincronitzat,2543,86517,2883.9,775.5,683.0,657.7646976,100.39760640000002,762,672,789,694,396.5
video_sincronitzat,2543,86518,2883.9333333333334,804.0,686.5,776.10587904,103.15904256000002,786,674,822,699,528.0
video_sincronitzat,2543,86519,2883.9666666666667,845.0,685.5,1048.442351616,23.263617024000013,819,671,871,700,874.5
video_sincronitzat,2543,86520,2884.0,865.5,662.5,788.3769406464,-404.6945531904,831,634,900,691,1403.5
video_sincronitzat,2543,86521,2884.0333333333333,950.5,653.5,1845.35077625856,-323.87782127616003,948,649,953,658,26.0
video_sincronitzat,2543,86522,2884.0666666666666,971.0,589.0,1107.1403105034242,-1290.551128510464,968,582,974,596,39.0
video_sincronitzat,2543,86524,2884.133333333333,1042.5,539.5,1042.0705117812327,-910.0984062637672,1033,530,1052,549,180.5
video_sincronitzat,2543,86525,2884.1666666666665,1091.0,456.0,1289.828204712493,-1867.039362505507,1042,426,1140,486,1768.0
video_sincronitzat,2543,86526,2884.2,1154.0,429.0,1649.9312818849971,-1232.8157450022027,1152,427,1156,431,5.5
video_sincronitzat,2561,86952,2898.4,822.0,632.5,0.0,0.0,817,628,827,637,50.5
video_sincronitzat,2561,86953,2898.4333333333334,828.5,626.5,117.0,-108.0,822,620,835,633,106.5
video_sincronitzat,2561,86954,2898.4666666666667,835.0,608.0,163.8,-376.2,825,596,845,620,324.0
video_sincronitzat,2561,86955,2898.5,854.5,570.0,416.52,-834.48,817,544,892,596,1315.0
video_sincronitzat,2561,86956,2898.5333333333333,862.0,555.5,301.608,-594.792,827,533,897,578,1617.5
video_sincronitzat,2561,86957,2898.5666666666666,894.5,509.0,705.6432,-1074.9168,892,507,897,511,10.0
video_sincronitzat,2561,86958,2898.6,928.0,423.0,885.25728,-1977.96672,906,404,950,442,889.0
video_sincronitzat,2561,86959,2898.633333333333,1013.5,331.0,1893.102912,-2447.186688,995,319,1032,343,405.0
video_sincronitzat,2561,86961,2898.7,1154.5,60.0,1950.51704832,-3319.98720768,1152,58,1157,62,7.5
video_sincronitzat,2566,86962,2898.733333333333,792.0,667.5,0.0,0.0,789,665,795,670,13.5
video_sincronitzat,2566,86964,2898.8,818.0,671.5,234.0,36.0,811,666,825,677,90.5
video_sincronitzat,2566,86965,2898.8333333333335,831.5,662.5,336.6,-147.6,823,654,840,671,190.0
video_sincronitzat,2566,86966,2898.866666666667,847.0,652.0,413.64,-248.04,837,640,857,664,323.5
video_sincronitzat,2566,86967,2898.9,864.0,626.5,471.456,-558.216,850,612,878,641,474.0
video_sincronitzat,2566,86968,2898.9333333333334,862.5,588.0,161.5824,-916.2864,831,566,894,610,1318.5
video_sincronitzat,2566,86969,2898.9666666666667,872.0,558.5,235.63296000000003,-897.5145600000001,831,535,913,582,1563.0
video_sincronitzat,2566,86970,2899.0,913.5,518.5,841.253184,-1079.005824,910,514,917,523,31.5
video_sincronitzat,2566,86971,2899.0333333333333,978.0,420.5,1497.5012736,-2195.6023296000003,966,411,990,430,211.5
video_sincronitzat,2566,86972,2899.0666666666666,996.5,319.5,932.0005094400001,-2696.24093184,971,272,1022,367,2782.0
video_sincronitzat,2566,86973,2899.1,1055.0,166.0,1425.800203776,-3841.496372736,997,95,1113,237,7611.5
video_sincronitzat,2566,86974,2899.133333333333,1193.5,28.0,3063.3200815104,-4020.5985490944004,1122,0,1265,56,2756.5
video_sincronitzat,2570,87008,2900.266666666667,820.0,649.0,0.0,0.0,816,645,824,653,35.5
video_sincronitzat,2570,87009,2900.3,842.0,640.5,396.0,-153.0,837,634,847,647,78.5
video_sincronitzat,2570,87010,2900.3333333333335,869.5,629.5,653.4,-259.2,861,623,878,636,136.5
video_sincronitzat,2570,87011,2900.366666666667,893.5,611.5,693.36,-427.68,879,599,908,624,314.5
video_sincronitzat,2570,87012,2900.4,919.5,574.0,745.344,-846.072,911,564,928,584,191.5
video_sincronitzat,2570,87013,2900.4333333333334,928.5,533.5,460.1376,-1067.4288000000001,923,527,934,540,81.5
video_sincronitzat,2585,87180,2906.0,610.0,708.0,0.0,0.0,603,701,617,715,111.0
video_sincronitzat,2585,87181,2906.0333333333333,632.5,696.0,405.0,-216.0,626,691,639,701,90.0
video_sincronitzat,2585,87183,2906.1,700.0,692.5,753.3,-109.26,691,685,709,700,178.5
video_sincronitzat,2585,87185,2906.1666666666665,784.5,723.0,1031.688,235.1664,779,719,790,727,44.5
video_sincronitzat,2585,87186,2906.2,815.0,738.0,961.6752000000001,364.06656,806,730,824,746,204.0
video_sincronitzat,2585,87187,2906.233333333333,828.0,760.0,618.6700800000001,541.626624,823,753,833,767,96.0
video_sincronitzat,2586,87537,2917.9,821.5,642.5,0.0,0.0,817,638,826,647,43.5
video_sincronitzat,2586,87538,2917.9333333333334,839.5,644.0,324.0,27.0,832,638,847,650,124.0
video_sincronitzat,2586,87539,2917.9666666666667,863.5,632.5,561.6,-196.2,849,620,878,645,375.0
video_sincronitzat,2586,87540,2918.0,885.0,613.5,611.64,-420.48,873,602,897,625,398.0
video_sincronitzat,2586,87541,2918.0333333333333,908.5,585.5,667.656,-672.192,892,570,925,601,434.0
video_sincronitzat,2586,87542,2918.0666666666666,935.0,541.5,744.0624,-1060.8768,933,538,937,545,13.5
video_sincronitzat,2586,87543,2918.1,992.5,454.0,1332.62496,-1999.35072,939,412,1046,496,2327.5
video_sincronitzat,2586,87544,2918.133333333333,1001.5,416.5,695.0499840000001,-1474.740288,976,404,1027,429,622.5
video_sincronitzat,2586,87545,2918.1666666666665,1129.5,304.0,2582.0199936,-2614.8961152,1105,274,1154,334,1259.5
video_sincronitzat,2586,87546,2918.2,1220.0,198.5,2661.80799744,-2944.95844608,1187,159,1253,238,2232.0
video_sincronitzat,2586,87547,2918.233333333333,1329.5,54.5,3035.7231989760003,-3769.983378432,1300,14,1359,95,2418.5
video_sincronitzat,2589,87543,2918.1,781.0,657.0,0.0,0.0,777,652,785,662,50.5
video_sincronitzat,2589,87544,2918.133333333333,786.5,656.0,99.0,-18.0,778,650,795,662,142.0
video_sincronitzat,2589,87545,2918.1666666666665,793.5,656.0,165.6,-7.2,778,645,809,667,345.5
video_sincronitzat,2589,87546,2918.2,807.5,637.0,318.24,-344.88,797,624,818,650,317.5
video_sincronitzat,2589,87547,2918.233333333333,822.0,614.0,388.296,-551.952,802,597,842,631,548.0
video_sincronitzat,2589,87548,2918.266666666667,821.5,584.5,146.3184,-751.7808,783,558,860,611,1764.5
video_sincronitzat,2589,87549,2918.3,867.5,541.0,886.52736,-1083.71232,840,523,895,559,1018.0
video_sincronitzat,2589,87550,2918.3333333333335,878.5,457.5,552.610944,-1936.484928,874,450,883,465,84.0
video_sincronitzat,2589,87551,2918.366666666667,924.0,364.0,1040.0443776,-2457.5939712,919,358,929,370,36.5
video_sincronitzat,2589,87552,2918.4,980.5,186.5,1433.01775104,-4178.03758848,979,184,982,189,6.0
video_sincronitzat,2589,87553,2918.4333333333334,1080.0,42.5,2364.207100416,-4263.215035392,1031,0,1129,85,4313.5
video_sincronitzat,2602,87563,2918.766666666667,792.5,662.0,0.0,0.0,791,660,794,664,4.0
video_sincronitzat,2602,87564,2918.8,822.0,668.5,531.0,117.0,815,664,829,673,76.0
video_sincronitzat,2602,87565,2918.8333333333335,861.0,674.5,914.4,154.8,853,670,869,679,83.5
video_sincronitzat,2602,87566,2918.866666666667,902.0,665.5,1103.76,-100.07999999999998,896,660,908,671,86.5
video_sincronitzat,2602,87567,2918.9,954.0,652.0,1377.504,-283.032,949,646,959,658,66.0
video_sincronitzat,2602,87568,2918.9333333333334,989.5,630.0,1190.0016,-509.2128,981,616,998,644,188.0
video_sincronitzat,2602,87570,2919.0,1077.0,522.5,1215.900576,-1150.816608,1067,495,1087,550,506.0
video_sincronitzat,2611,87987,2932.9,702.5,697.5,0.0,0.0,697,693,708,702,62.5
video_sincronitzat,2611,87988,2932.9333333333334,720.5,698.5,324.0,18.0,712,694,729,703,104.5
video_sincronitzat,2611,87989,2932.9666666666667,745.5,703.0,579.6,88.2,736,696,755,710,172.5
video_sincronitzat,2611,87990,2933.0,773.0,694.5,726.84,-117.72,762,684,784,705,315.0
video_sincronitzat,2611,87991,2933.0333333333333,798.0,685.5,740.7360000000001,-209.088,780,672,816,699,629.5
video_sincronitzat,2611,87992,2933.0666666666666,843.0,667.0,1106.2944,-416.6352,800,640,886,694,1883.0
video_sincronitzat,2611,87993,2933.1,850.5,608.5,577.51776,-1219.65408,785,562,916,655,5679.5
video_sincronitzat,2611,87994,2933.133333333333,866.0,561.5,510.007104,-1333.861632,800,515,932,608,5277.0
video_sincronitzat,2611,87995,2933.1666666666665,894.0,448.0,708.0028416,-2576.5446528,886,433,902,463,214.0
video_sincronitzat,2611,87996,2933.2,872.0,241.5,-112.79886335999998,-4747.61786112,834,197,910,286,3127.5
video_sincronitzat,2611,87997,2933.233333333333,883.0,9.0,152.880454656,-6084.047144448,881,7,885,11,5.5
video_sincronitzat,2623,88047,2934.9,808.0,667.0,0.0,0.0,803,663,813,671,48.5
video_sincronitzat,2623,88048,2934.9333333333334,833.0,657.0,450.0,-180.0,826,651,840,663,109.5
video_sincronitzat,2623,88049,2934.9666666666667,859.0,647.0,648.0,-252.0,850,640,868,654,171.5
video_sincronitzat,2623,88050,2935.0,886.5,627.5,754.2,-451.8,875,615,898,640,314.0
video_sincronitzat,2623,88051,2935.0333333333333,912.0,599.0,760.6800000000001,-693.72,905,592,919,606,109.0
video_sincronitzat,2623,88052,2935.0666666666666,945.5,576.0,907.272,-691.488,943,574,948,578,8.5
video_sincronitzat,2623,88053,2935.1,1003.5,525.5,1406.9088000000002,-1185.5952,961,503,1046,548,1322.0
video_sincronitzat,2623,88054,2935.133333333333,1050.5,470.5,1408.76352,-1464.23808,1031,446,1070,495,1034.5
video_sincronitzat,2623,88055,2935.1666666666665,1103.0,375.0,1508.505408,-2304.695232,1081,354,1125,396,738.5
video_sincronitzat,2623,88056,2935.2,1137.5,298.5,1224.4021632,-2298.8780928,1130,290,1145,307,133.0
video_sincronitzat,2623,88057,2935.233333333333,1195.0,213.0,1524.76086528,-2458.55123712,1192,207,1198,219,35.5
video_sincronitzat,2623,88058,2935.266666666667,1262.0,110.0,1815.904346112,-2837.420494848,1240,79,1284,141,1194.0
video_sincronitzat,2632,88568,2952.266666666667,793.0,645.0,0.0,0.0,788,640,798,650,61.5
video_sincronitzat,2632,88569,2952.3,823.0,640.5,540.0,-81.0,814,635,832,646,149.5
video_sincronitzat,2632,88570,2952.3333333333335,856.0,634.0,810.0,-149.4,845,623,867,645,285.0
video_sincronitzat,2632,88571,2952.366666666667,892.0,606.0,972.0,-563.76,877,592,907,620,475.0
video_sincronitzat,2632,88572,2952.4,922.0,580.0,928.8,-693.504,909,568,935,592,304.5
video_sincronitzat,2632,88573,2952.4333333333334,996.5,525.0,1712.52,-1267.4016000000001,964,514,1029,536,760.5
video_sincronitzat,2632,88574,2952.4666666666667,1031.0,430.5,1306.008,-2207.9606400000002,1018,409,1044,452,489.0
video_sincronitzat,2632,88575,2952.5,1106.0,362.5,1872.4032000000002,-2107.184256,1078,343,1134,382,521.0
video_sincronitzat,2632,88576,2952.5333333333333,1133.0,258.5,1234.96128,-2714.8737024,1115,227,1151,290,759.0
video_sincronitzat,2632,88577,2952.5666666666666,1207.5,122.5,1834.984512,-3533.94948096,1181,77,1234,168,2260.0
video_sincronitzat,2632,88578,2952.6,1281.0,5.5,2056.9938048,-3519.579792384,1273,0,1289,11,93.0
video_sincronitzat,2656,89826,2994.2,788.0,706.0,0.0,0.0,783,703,793,709,29.0
video_sincronitzat,2656,89827,2994.233333333333,834.5,701.0,837.0,-90.0,827,695,842,707,98.5
video_sincronitzat,2656,89828,2994.266666666667,881.0,697.5,1171.8,-99.0,872,689,890,706,159.0
video_sincronitzat,2656,89829,2994.3,921.0,688.0,1188.72,-210.6,913,677,929,699,214.5
video_sincronitzat,2656,89830,2994.3333333333335,962.5,665.0,1222.488,-498.24,953,656,972,674,221.0
video_sincronitzat,2656,89831,2994.366666666667,1001.0,597.5,1181.9952,-1414.296,992,569,1010,626,445.0
video_sincronitzat,2656,89832,2994.4,1029.0,577.0,976.79808,-934.7184000000001,1025,572,1033,582,45.0
video_sincronitzat,2656,89833,2994.4333333333334,1064.0,550.5,1020.719232,-850.8873600000001,1051,542,1077,559,267.5
video_sincronitzat,2656,89834,2994.4666666666667,1020.5,452.0,-374.71230719999994,-2113.354944,993,403,1048,501,1355.5
video_sincronitzat,2656,89835,2994.5,995.0,407.0,-608.88492288,-1655.3419776,990,401,1000,413,55.0
video_sincronitzat,2672,90248,3008.266666666667,806.0,675.5,0.0,0.0,797,666,815,685,225.5
video_sincronitzat,2672,90249,3008.3,816.5,662.5,189.0,-234.0,801,648,832,677,559.0
video_sincronitzat,2672,90250,3008.3333333333335,842.0,629.5,534.6,-687.6,821,611,863,648,528.0
video_sincronitzat,2672,90251,3008.366666666667,838.0,594.5,141.84000000000003,-905.04,779,568,897,621,2502.5
video_sincronitzat,2672,90252,3008.4,875.0,536.5,722.736,-1406.016,850,513,900,560,1317.0
video_sincronitzat,2672,90253,3008.4333333333334,905.5,418.5,838.0944,-2686.4064,903,413,908,424,16.0
video_sincronitzat,2672,90254,3008.4666666666667,985.0,280.0,1766.23776,-3567.5625600000003,959,235,1011,325,1968.0
video_sincronitzat,2672,90255,3008.5,1087.5,91.5,2551.495104,-4820.0250240000005,1013,28,1162,155,8617.5
video_sincronitzat,2682,90302,3010.0666666666666,808.0,631.0,0.0,0.0,804,628,812,634,27.0
video_sincronitzat,2682,90303,3010.1,827.0,633.5,342.0,45.0,818,625,836,642,190.0
video_sincronitzat,2682,90304,3010.133333333333,859.5,626.0,721.8,-117.0,848,618,871,634,206.5
video_sincronitzat,2682,90305,3010.1666666666665,887.0,614.0,783.72,-262.8,872,604,902,624,377.0
video_sincronitzat,2682,90306,3010.2,938.0,580.5,1231.488,-708.12,927,571,949,590,130.0
video_sincronitzat,2682,90307,3010.233333333333,997.0,528.5,1554.5952,-1219.248,981,512,1013,545,358.5
video_sincronitzat,2682,90308,3010.266666666667,1084.5,483.0,2196.83808,-1306.6992,1039,458,1130,508,2052.5
video_sincronitzat,2682,90309,3010.3,1097.0,376.5,1103.735232,-2439.67968,1084,361,1110,392,370.0
video_sincronitzat,2682,90310,3010.3333333333335,1207.5,267.5,2430.4940928,-2937.871872,1193,247,1222,288,482.0
video_sincronitzat,2688,90324,3010.8,763.5,648.5,0.0,0.0,759,643,768,654,66.0
video_sincronitzat,2688,90325,3010.8333333333335,775.5,654.0,216.0,99.0,768,647,783,661,124.5
video_sincronitzat,2688,90326,3010.866666666667,789.0,648.5,329.4,-59.4,776,638,802,659,354.5
video_sincronitzat,2688,90327,3010.9,805.0,629.5,419.76,-365.76,792,619,818,640,410.0
video_sincronitzat,2688,90328,3010.9333333333334,811.5,605.0,284.904,-587.304,766,585,857,625,1610.5
video_sincronitzat,2688,90329,3010.9666666666667,839.5,564.0,617.9616,-972.9216,784,531,895,597,4097.5
video_sincronitzat,2688,90330,3011.0,897.5,460.0,1291.18464,-2261.16864,867,425,928,495,1108.0
video_sincronitzat,2688,90331,3011.0333333333333,946.0,378.0,1389.473856,-2380.467456,919,357,973,399,1321.5
video_sincronitzat,2688,90332,3011.0666666666666,949.5,249.5,618.7895424000001,-3265.1869824,947,243,952,256,36.0
video_sincronitzat,2688,90333,3011.1,1098.0,101.5,2920.51581696,-3970.07479296,1094,98,1102,105,24.0
video_sincronitzat,2700,90340,3011.3333333333335,692.0,664.5,0.0,0.0,690,663,694,666,4.0
video_sincronitzat,2700,90342,3011.4,751.5,677.0,535.5,112.5,743,670,760,684,145.5
video_sincronitzat,2700,90343,3011.4333333333334,785.0,672.0,817.2,-45.0,772,663,798,681,295.0
video_sincronitzat,2700,90344,3011.4666666666667,822.0,663.5,992.8800000000001,-171.0,803,652,841,675,522.0
video_sincronitzat,2700,90345,3011.5,874.0,643.0,1333.152,-437.4,850,623,898,663,864.5
video_sincronitzat,2700,90346,3011.5333333333333,897.0,615.0,947.2608,-678.96,867,592,927,638,1644.0
video_sincronitzat,2700,90347,3011.5666666666666,912.0,589.0,648.9043200000001,-739.5840000000001,907,586,917,592,23.0
video_sincronitzat,2708,90372,3012.4,774.5,661.5,0.0,0.0,772,658,777,665,13.5
video_sincronitzat,2708,90373,3012.4333333333334,787.5,655.5,234.0,-108.0,779,648,796,663,143.5
video_sincronitzat,2708,90374,3012.4666666666667,806.5,652.0,435.6,-106.2,800,645,813,659,125.5
video_sincronitzat,2708,90375,3012.5,826.0,650.5,525.24,-69.48,813,640,839,661,351.5
video_sincronitzat,2708,90376,3012.5333333333333,868.0,640.5,966.096,-207.792,844,629,892,652,663.5
video_sincronitzat,2708,90377,3012.5666666666666,894.0,634.5,854.4384,-191.1168,864,617,924,652,1100.5
video_sincronitzat,2708,90378,3012.6,936.5,601.0,1106.77536,-679.44672,932,593,941,609,84.5
video_sincronitzat,2708,90379,3012.633333333333,1008.0,528.5,1729.7101440000001,-1576.778688,947,502,1069,555,2338.5
video_sincronitzat,2708,90380,3012.6666666666665,1104.0,463.0,2419.8840576000002,-1809.7114752000002,1069,438,1139,488,1612.0
video_sincronitzat,2708,90381,3012.7,1186.5,318.5,2452.95362304,-3324.88459008,1177,312,1196,325,118.0
video_sincronitzat,2708,90382,3012.733333333333,1263.5,198.0,2367.181449216,-3498.9538360320003,1233,156,1294,240,1746.0
video_sincronitzat,2718,90871,3029.0333333333333,827.5,698.5,0.0,0.0,819,694,836,703,99.5
video_sincronitzat,2718,90872,3029.0666666666666,865.0,694.5,675.0,-72.0,853,689,877,700,158.5
video_sincronitzat,2718,90873,3029.1,906.5,681.5,1017.0,-262.8,899,673,914,690,150.5
video_sincronitzat,2718,90874,3029.133333333333,934.0,668.5,901.8,-339.12,927,658,941,679,164.0
video_sincronitzat,2718,90875,3029.1666666666665,961.0,637.5,846.72,-693.648,952,618,970,657,434.0
video_sincronitzat,2718,90876,3029.2,984.5,605.0,761.6880000000001,-862.4592,983,603,986,607,4.0
video_sincronitzat,2718,90877,3029.233333333333,997.0,541.5,529.6752000000001,-1487.98368,981,498,1013,585,1139.0
video_sincronitzat,2718,90878,3029.266666666667,1014.0,506.0,517.87008,-1234.193472,984,477,1044,535,2043.0
video_sincronitzat,2718,90879,3029.3,993.5,457.0,-161.85196799999997,-1375.6773888,989,449,998,465,90.0
video_sincronitzat,2718,90880,3029.3333333333335,1012.5,401.0,277.2592128,-1558.27095552,986,369,1039,433,1595.0
video_sincronitzat,2731,90911,3030.366666666667,798.0,697.5,0.0,0.0,793,692,803,703,70.0
video_sincronitzat,2731,90912,3030.4,818.0,698.0,360.0,9.0,807,687,829,709,309.5
video_sincronitzat,2731,90913,3030.4333333333334,838.0,686.0,504.0,-212.4,819,672,857,700,587.5
video_sincronitzat,2731,90914,3030.4666666666667,870.5,663.0,786.6,-498.96000000000004,837,637,904,689,1245.0
video_sincronitzat,2731,90915,3030.5,893.5,607.0,728.6400000000001,-1207.584,872,578,915,636,1515.5
video_sincronitzat,2731,90916,3030.5333333333333,926.0,553.5,876.4560000000001,-1446.0336,918,540,934,567,269.0
video_sincronitzat,2731,90917,3030.5666666666666,967.5,454.0,1097.5824,-2369.4134400000003,961,444,974,464,128.5
video_sincronitzat,2731,90918,3030.6,1051.5,344.0,1951.03296,-2927.7653760000003,1032,311,1071,377,1215.5
video_sincronitzat,2731,90919,3030.633333333333,1183.5,235.5,3156.413184,-3124.1061504,1104,168,1263,303,7147.0
video_sincronitzat,2731,90920,3030.6666666666665,1258.5,64.5,2612.5652736,-4327.64246016,1195,0,1322,129,9526.5
video_sincronitzat,2738,90980,3032.6666666666665,810.5,691.5,0.0,0.0,807,688,814,695,19.5
video_sincronitzat,2738,90981,3032.7,850.5,683.0,720.0,-153.0,846,678,855,688,50.5
video_sincronitzat,2738,90982,3032.733333333333,881.5,673.5,846.0,-232.2,874,664,889,683,123.0
video_sincronitzat,2738,90983,3032.766666666667,913.5,657.5,914.4000000000001,-380.88,908,645,919,670,163.5
video_sincronitzat,2738,90984,3032.8,926.0,633.0,590.76,-593.352,923,629,929,637,19.0
video_sincronitzat,2738,90985,3032.8333333333335,938.0,617.0,452.304,-525.3408,934,612,942,622,38.0
video_sincronitzat,2738,90986,3032.866666666667,941.0,599.0,234.9216,-534.13632,937,591,945,607,48.0
video_sincronitzat,2738,90987,3032.9,935.0,491.5,-14.031359999999992,-2148.654528,911,458,959,525,788.5
video_sincronitzat,2738,90988,3032.9333333333334,946.5,491.0,201.38745600000001,-868.4618112,911,476,982,506,1219.0
video_sincronitzat,2738,90989,3032.9666666666667,1017.5,423.5,1358.5549824,-1562.38472448,1014,419,1021,428,33.0
video_sincronitzat,2738,90990,3033.0,1058.5,319.5,1281.42199296,-2496.953889792,1039,291,1078,348,1405.5
video_sincronitzat,2738,90991,3033.0333333333333,1116.5,209.0,1556.568797184,-2987.7815559168002,1082,153,1151,265,4511.5
video_sincronitzat,2738,90992,3033.0666666666666,1266.5,88.5,3322.6275188736,-3364.11262236672,1264,86,1269,91,11.0
video_sincronitzat,2749,92048,3068.266666666667,813.0,640.5,0.0,0.0,810,637,816,644,19.5
video_sincronitzat,2749,92049,3068.3,832.5,633.5,351.0,-126.0,829,629,836,638,32.0
video_sincronitzat,2749,92050,3068.3333333333335,850.5,626.0,464.4,-185.4,842,617,859,635,208.5
video_sincronitzat,2749,92051,3068.366666666667,877.0,605.5,662.76,-443.16,865,593,889,618,402.0
video_sincronitzat,2749,92052,3068.4,909.5,575.0,850.104,-726.264,901,564,918,586,230.0
video_sincronitzat,2749,92053,3068.4333333333334,975.0,529.0,1519.0416,-1118.5056,964,522,986,536,153.5
video_sincronitzat,2749,92054,3068.4666666666667,999.0,493.0,1039.6166400000002,-1095.40224,970,471,1028,515,1184.5
video_sincronitzat,2749,92055,3068.5,1003.5,417.0,496.8466560000001,-1806.1608959999999,1000,413,1007,421,27.0
video_sincronitzat,2749,92056,3068.5333333333333,1051.5,343.5,1062.7386624,-2045.4643584,1045,337,1058,350,108.5
video_sincronitzat,2772,92526,3084.2,817.0,635.0,0.0,0.0,813,630,821,640,41.0
video_sincronitzat,2772,92527,3084.233333333333,822.5,647.0,99.0,216.0,816,641,829,653,123.5
video_sincronitzat,2772,92528,3084.266666666667,832.5,647.0,219.6,86.4,824,639,841,655,176.5
video_sincronitzat,2772,92529,3084.3,847.5,644.0,357.84000000000003,-19.439999999999998,836,635,859,653,283.5
video_sincronitzat,2772,92530,3084.3333333333335,864.5,640.5,449.136,-70.776,850,628,879,653,501.0
video_sincronitzat,2772,92531,3084.366666666667,886.0,623.5,566.6544,-334.3104,866,608,906,639,725.5
video_sincronitzat,2772,92532,3084.4,917.5,592.5,793.66176,-691.72416,900,576,935,609,720.5
video_sincronitzat,2772,92533,3084.4333333333334,958.0,568.5,1046.464704,-708.689664,944,555,972,582,296.0
video_sincronitzat,2772,92534,3084.4666666666667,996.5,516.0,1111.5858816,-1228.4758656,981,497,1012,535,443.5
video_sincronitzat,2772,92535,3084.5,1055.5,437.5,1506.63435264,-1904.3903462399999,1045,414,1066,461,297.5
video_sincronitzat,2775,92775,3092.5,818.0,695.0,0.0,0.0,814,691,822,699,35.5
video_sincronitzat,2775,92776,3092.5333333333333,835.0,687.0,306.0,-144.0,826,680,844,694,137.5
video_sincronitzat,2775,92777,3092.5666666666666,854.5,680.5,473.4,-174.6,844,672,865,689,237.5
video_sincronitzat,2775,92778,3092.6,877.5,666.5,603.36,-321.84000000000003,865,657,890,676,264.5
video_sincronitzat,2775,92779,3092.633333333333,904.5,648.5,727.344,-452.736,898,643,911,654,80.5
video_sincronitzat,2775,92781,3092.7,968.5,584.0,837.84384,-743.48496,966,580,971,588,17.5
video_sincronitzat,2775,92782,3092.733333333333,990.0,520.0,722.137536,-1449.393984,964,480,1016,560,1720.5
video_sincronitzat,2775,92783,3092.766666666667,999.0,468.5,450.8550144,-1506.7575936,966,428,1032,509,1685.0
video_sincronitzat,2775,92784,3092.8,1051.5,406.5,1125.3420057600001,-1718.7030374400001,1012,374,1091,439,2423.0
video_sincronitzat,2775,92786,3092.866666666667,1099.0,204.5,832.6231220736001,-2436.7330934784,1075,188,1123,221,682.0
video_sincronitzat,2775,92787,3092.9,1097.5,149.5,306.0492488294401,-1964.69323739136,1091,144,1104,155,81.5
video_sincronitzat,2775,92788,3092.9333333333334,1077.5,41.5,-237.58030046822395,-2729.877294956544,1075,38,1080,45,13.0
video_sincronitzat,2780,92890,3096.3333333333335,805.5,680.0,0.0,0.0,803,678,808,682,7.0
video_sincronitzat,2780,92891,3096.366666666667,823.5,691.0,324.0,198.0,819,687,828,695,46.0
video_sincronitzat,2780,92892,3096.4,841.5,692.0,453.6,97.2,834,684,849,700,159.5
video_sincronitzat,2780,92893,3096.4333333333334,859.5,680.5,505.44000000000005,-168.12,852,672,867,689,166.0
video_sincronitzat,2780,92894,3096.4666666666667,876.0,670.0,499.17600000000004,-256.248,866,660,886,680,245.5
video_sincronitzat,2780,92895,3096.5,890.5,652.0,460.67040000000003,-426.4992,876,638,905,666,441.0
video_sincronitzat,2780,92896,3096.5333333333333,903.5,620.5,418.26816,-737.59968,890,600,917,641,651.0
video_sincronitzat,2780,92897,3096.5666666666666,916.0,582.0,392.30726400000003,-988.0398720000001,904,564,928,600,585.5
video_sincronitzat,2780,92898,3096.6,924.0,530.5,300.92290560000004,-1322.2159488,907,504,941,557,840.5
video_sincronitzat,2780,92899,3096.633333333333,972.0,463.5,984.36916224,-1734.88637952,958,436,986,491,901.0
video_sincronitzat,2780,92900,3096.6666666666665,970.5,349.5,366.74766489600006,-2745.954551808,958,320,983,379,755.0
video_sincronitzat,2780,92901,3096.7,1001.0,229.5,695.6990659584001,-3258.3818207232,978,176,1024,283,2875.0
video_sincronitzat,2780,92902,3096.733333333333,1054.0,72.0,1232.27962638336,-4138.35272828928,1021,7,1087,137,3717.0
video_sincronitzat,2786,92907,3096.9,783.5,642.0,0.0,0.0,780,640,787,644,9.5
video_sincronitzat,2786,92908,3096.9333333333334,799.0,649.5,279.0,135.0,790,640,808,659,218.0
video_sincronitzat,2786,92909,3096.9666666666667,828.5,654.0,642.6,135.0,820,646,837,662,179.5
video_sincronitzat,2786,92910,3097.0,859.5,655.5,815.04,81.0,847,645,872,666,320.0
video_sincronitzat,2786,92911,3097.0333333333333,905.5,653.0,1154.016,-12.600000000000001,895,644,916,662,213.5
video_sincronitzat,2786,92912,3097.0666666666666,954.0,630.5,1334.6064000000001,-410.04,947,623,961,638,148.5
video_sincronitzat,2786,92913,3097.1,985.0,621.5,1091.84256,-326.016,982,617,988,626,29.5
video_sincronitzat,2786,92914,3097.133333333333,1052.5,561.0,1651.737024,-1219.4064,1025,528,1080,594,1541.5
video_sincronitzat,2786,92915,3097.1666666666665,1058.5,462.5,768.6948096000001,-2260.76256,1036,417,1081,508,1969.0
video_sincronitzat,2786,92916,3097.2,1100.5,422.0,1063.4779238400001,-1633.3050240000002,1061,384,1140,460,1228.0
video_sincronitzat,2786,92917,3097.233333333333,1144.0,341.0,1208.391169536,-2111.3220096,1138,322,1150,360,230.0
video_sincronitzat,2786,92918,3097.266666666667,1201.5,226.0,1518.3564678144,-2914.52880384,1191,205,1212,247,558.0
video_sincronitzat,2786,92919,3097.3,1253.5,113.5,1543.34258712576,-3190.8115215360003,1235,86,1272,141,1085.5
video_sincronitzat,2786,92920,3097.3333333333335,1298.0,7.0,1418.337034850304,-3193.3246086144,1287,0,1309,14,191.5
video_sincronitzat,2789,92996,3099.866666666667,813.0,674.0,0.0,0.0,811,671,815,677,13.0
video_sincronitzat,2789,92997,3099.9,825.5,678.5,225.0,81.0,820,673,831,684,72.5
video_sincronitzat,2789,92998,3099.9333333333334,838.0,673.5,315.0,-57.6,832,667,844,680,95.5
video_sincronitzat,2789,92999,3099.9666666666667,847.0,670.5,288.0,-77.04,838,661,856,680,212.5
video_sincronitzat,2789,93000,3100.0,859.0,659.0,331.2,-237.816,850,648,868,670,256.5
video_sincronitzat,2789,93001,3100.0333333333333,868.0,634.0,294.48,-545.1264,858,622,878,646,325.5
video_sincronitzat,2789,93002,3100.0666666666666,874.5,609.0,234.79200000000003,-668.05056,862,595,887,623,430.5
video_sincronitzat,2789,93003,3100.1,876.0,578.0,120.91680000000002,-825.220224,848,556,904,600,997.0
video_sincronitzat,2789,93004,3100.133333333333,893.5,536.5,363.36672,-1077.0880896,878,519,909,554,647.0
video_sincronitzat,2789,93005,3100.1666666666665,912.5,469.0,487.346688,-1645.83523584,909,466,916,472,19.0
video_sincronitzat,2789,93006,3100.2,954.5,415.5,950.9386752,-1621.334094336,918,390,991,441,1505.0
video_sincronitzat,2789,93007,3100.233333333333,957.5,328.5,434.37547008,-2214.5336377344,940,296,975,361,1242.0
video_sincronitzat,2789,93008,3100.266666666667,968.0,213.0,362.750188032,-2964.8134550937602,966,210,970,216,9.0
video_sincronitzat,2789,93009,3100.3,1022.5,90.0,1126.1000752128,-3399.9253820375043,984,43,1061,137,3554.0
video_sincronitzat,2801,93616,3120.5333333333333,828.0,643.0,0.0,0.0,823,639,833,647,43.0
video_sincronitzat,2801,93617,3120.5666666666666,848.5,639.0,369.0,-72.0,840,630,857,648,188.5
video_sincronitzat,2801,93618,3120.6,874.0,620.0,606.6,-370.8,862,607,886,633,401.5
video_sincronitzat,2801,93619,3120.633333333333,903.5,594.0,773.64,-616.32,891,582,916,606,389.5
video_sincronitzat,2801,93620,3120.6666666666665,941.5,561.0,993.456,-840.528,937,557,946,565,34.5
video_sincronitzat,2801,93621,3120.7,991.0,512.0,1288.3824,-1218.2112,964,487,1018,537,1301.0
video_sincronitzat,2801,93622,3120.733333333333,1030.5,427.5,1226.3529600000002,-2008.28448,1002,408,1059,447,698.0
video_sincronitzat,2801,93624,3120.8,1161.5,287.5,1620.4870656,-1982.9824128,1157,281,1166,294,35.5
video_sincronitzat,2810,94137,3137.9,787.0,650.5,0.0,0.0,784,648,790,653,16.5
video_sincronitzat,2810,94138,3137.9333333333334,791.0,652.0,72.0,27.0,786,648,796,656,45.0
video_sincronitzat,2810,94139,3137.9666666666667,797.0,658.5,136.8,127.8,792,653,802,664,57.5
video_sincronitzat,2810,94140,3138.0,807.5,657.5,243.72,33.120000000000005,798,652,817,663,127.0
video_sincronitzat,2810,94141,3138.0333333333333,826.0,647.0,430.488,-175.752,817,637,835,657,273.0
video_sincronitzat,2810,94142,3138.0666666666666,848.0,636.5,568.1952,-259.3008,831,623,865,650,553.5
video_sincronitzat,2810,94143,3138.1,877.0,623.0,749.27808,-346.72032,858,598,896,648,1091.0
video_sincronitzat,2810,94144,3138.133333333333,918.5,583.0,1046.711232,-858.688128,901,565,936,601,651.5
video_sincronitzat,2810,94145,3138.1666666666665,1002.5,540.0,1930.6844928,-1117.4752512,987,533,1018,547,247.0
video_sincronitzat,2810,94146,3138.2,1086.0,504.0,2275.27379712,-1094.99010048,1084,502,1088,506,5.5
video_sincronitzat,2810,94147,3138.233333333333,1113.5,414.0,1405.1095188479999,-2057.996040192,1087,378,1140,450,1258.5
video_sincronitzat,2810,94148,3138.266666666667,1174.0,377.5,1651.0438075391999,-1480.1984160768,1169,372,1179,383,60.5
video_sincronitzat,2810,94149,3138.3,1331.0,272.5,3486.4175230156798,-2482.0793664307203,1319,264,1343,281,203.0
video_sincronitzat,2810,94150,3138.3333333333335,1378.0,166.0,2240.567009206272,-2909.831746572288,1363,151,1393,181,445.5
video_sincronitzat,2820,94171,3139.0333333333333,801.0,680.0,0.0,0.0,797,677,805,683,29.0
video_sincronitzat,2820,94172,3139.0666666666666,813.0,680.5,216.0,9.0,806,674,820,687,103.5
video_sincronitzat,2820,94173,3139.1,823.5,673.5,275.4,-122.4,813,665,834,682,218.5
video_sincronitzat,2820,94174,3139.133333333333,839.5,654.5,398.15999999999997,-390.96000000000004,827,644,852,665,335.5
video_sincronitzat,2820,94175,3139.1666666666665,861.5,631.5,555.264,-570.384,827,611,896,652,1154.5
video_sincronitzat,2820,94176,3139.2,877.5,577.5,510.1056,-1200.1536,857,552,898,603,1290.5
video_sincronitzat,2820,94177,3139.233333333333,888.5,532.0,402.04224,-1299.06144,882,521,895,543,144.0
video_sincronitzat,2820,94179,3139.3,1001.0,359.5,1157.2352064,-2020.1621184,970,340,1032,379,912.5
video_sincronitzat,2820,94180,3139.3333333333335,1006.0,239.5,552.89408256,-2968.06484736,996,222,1016,257,410.5
video_sincronitzat,2826,94205,3140.1666666666665,729.5,662.5,0.0,0.0,727,659,732,666,20.5
video_sincronitzat,2826,94206,3140.2,740.5,665.5,198.0,54.0,736,661,745,670,47.0
video_sincronitzat,2826,94207,3140.233333333333,752.5,670.5,295.2,111.6,748,666,757,675,46.0
video_sincronitzat,2826,94208,3140.266666666667,763.0,662.5,307.08,-99.36,755,657,771,668,112.0
video_sincronitzat,2826,94209,3140.3,772.0,659.0,284.832,-102.744,764,651,780,667,172.5
video_sincronitzat,2826,94210,3140.3333333333335,781.5,655.0,284.9328,-113.0976,768,645,795,665,385.0
video_sincronitzat,2826,94211,3140.366666666667,802.0,642.0,482.97312,-279.23904,783,627,821,657,698.0
video_sincronitzat,2826,94212,3140.4,812.5,618.5,382.189248,-534.695616,782,599,843,638,1148.5
video_sincronitzat,2826,94213,3140.4333333333334,854.0,587.5,899.8756992,-771.8782464,819,561,889,614,1744.0
video_sincronitzat,2826,94214,3140.4666666666667,862.5,546.5,512.95027968,-1046.7512985600001,839,527,886,566,991.0
video_sincronitzat,2826,94215,3140.5,931.0,487.0,1438.180111872,-1489.700519424,877,455,985,519,1977.0
video_sincronitzat,2826,94216,3140.5333333333333,995.5,441.0,1736.2720447488,-1423.8802077696,991,437,1000,445,37.0
video_sincronitzat,2826,94218,3140.6,1111.5,287.5,1669.057936109568,-1894.096874797056,1104,274,1119,301,210.0
video_sincronitzat,2826,94219,3140.633333333333,1181.0,162.5,1918.6231744438273,-3007.638749918822,1178,160,1184,165,12.5
video_sincronitzat,2828,94211,3140.366666666667,831.0,635.0,0.0,0.0,827,632,835,638,26.0
video_sincronitzat,2828,94213,3140.4333333333334,889.0,594.0,522.0,-369.0,887,592,891,596,5.5
video_sincronitzat,2828,94214,3140.4666666666667,897.0,481.0,352.8,-2181.6,890,470,904,492,91.0
video_sincronitzat,2828,94216,3140.5333333333333,939.0,363.0,505.00800000000004,-1847.3760000000002,936,361,942,365,10.0
video_sincronitzat,2828,94218,3140.6,958.5,247.0,357.3028800000001,-1709.0553600000003,935,213,982,281,2023.0
video_sincronitzat,2828,94219,3140.633333333333,961.0,182.0,187.92115200000003,-1853.6221440000002,954,173,968,191,113.5
video_sincronitzat,2828,94220,3140.6666666666665,917.5,2.0,-707.8315392,-3981.4488576000003,916,0,919,4,5.0
video_sincronitzat,2842,94647,3154.9,808.0,658.0,0.0,0.0,802,654,814,662,60.5
video_sincronitzat,2842,94648,3154.9333333333334,821.0,660.0,234.0,36.0,815,653,827,667,110.5
video_sincronitzat,2842,94649,3154.9666666666667,836.5,656.0,372.6,-57.6,825,647,848,665,316.0
video_sincronitzat,2842,94650,3155.0,835.5,656.5,131.04000000000002,-14.040000000000003,831,653,840,660,24.0
video_sincronitzat,2842,94651,3155.0333333333333,857.5,550.5,448.416,-1913.616,848,544,867,557,150.0
video_sincronitzat,2842,94652,3155.0666666666666,864.0,517.0,296.3664,-1368.4464,856,512,872,522,89.5
video_sincronitzat,2842,94653,3155.1,951.0,482.0,1684.54656,-1177.37856,944,475,958,489,87.5
video_sincronitzat,2842,94655,3155.1666666666665,1085.0,296.0,1812.4367616,-2097.8562816000003,1066,271,1104,321,717.5
video_sincronitzat,2842,94656,3155.2,1153.5,197.0,1957.97470464,-2621.14251264,1144,185,1163,209,284.0
video_sincronitzat,2861,95170,3172.3333333333335,1397.0,210.5,0.0,0.0,1370,175,1424,246,1604.0
video_sincronitzat,2861,95171,3172.366666666667,1280.5,243.5,-2097.0,594.0,1278,241,1283,246,8.5
video_sincronitzat,2861,95172,3172.4,1175.5,380.0,-2728.8,2694.6,1107,330,1244,430,7991.0
video_sincronitzat,2861,95173,3172.4333333333334,993.0,472.0,-4376.52,2733.84,913,425,1073,519,7489.0
video_sincronitzat,2861,95174,3172.4666666666667,808.5,565.5,-5071.608,2776.536,716,507,901,624,11179.5
video_sincronitzat,2861,95176,3172.5333333333333,485.0,604.0,-4737.27888,1346.05296,480,601,490,607,33.5
video_sincronitzat,3000,95755,3191.8333333333335,784.5,645.5,0.0,0.0,780,640,789,651,63.0
video_sincronitzat,3000,95756,3191.866666666667,781.5,640.0,-54.0,-99.0,773,632,790,648,172.5
video_sincronitzat,3000,95757,3191.9,776.5,627.5,-111.6,-264.6,768,618,785,637,228.0
video_sincronitzat,3000,95758,3191.9333333333334,775.0,618.0,-71.64,-276.84000000000003,764,604,786,632,399.0
video_sincronitzat,3000,95759,3191.9666666666667,762.5,607.0,-253.656,-308.736,741,583,784,631,674.0
video_sincronitzat,3000,95760,3192.0,802.0,572.5,609.5376,-744.4944,767,553,837,592,1518.0
video_sincronitzat,3000,95761,3192.0333333333333,811.5,561.5,414.81504,-495.79776000000004,773,540,850,583,1640.5
video_sincronitzat,3000,95762,3192.0666666666666,841.5,548.5,705.926016,-432.31910400000004,831,538,852,559,258.5
video_sincronitzat,3000,95770,3192.3333333333335,983.0,567.5,453.4318900328602,-39.96075490159107,963,548,1003,587,552.0
video_sincronitzat,3000,95771,3192.366666666667,997.5,534.0,442.3727560131441,-618.9843019606365,968,512,1027,556,851.5
video_sincronitzat,3000,95772,3192.4,1004.0,491.5,293.9491024052577,-1012.5937207842546,968,471,1040,512,1587.0
video_sincronitzat,3000,95773,3192.4333333333334,969.5,467.0,-503.4203590378969,-846.0374883137019,967,463,972,471,15.0
video_sincronitzat,3000,95774,3192.4666666666667,943.5,369.0,-669.3681436151587,-2102.414995325481,936,361,951,377,168.0
video_sincronitzat,3000,95775,3192.5,915.0,278.5,-780.7472574460635,-2469.9659981301925,896,244,934,313,1141.5
video_sincronitzat,3000,95776,3192.5333333333333,911.5,170.0,-375.2989029784254,-2940.986399252077,908,166,915,174,32.5
video_sincronitzat,3005,95763,3192.1,829.5,685.0,0.0,0.0,827,683,832,687,10.0
video_sincronitzat,3005,95764,3192.133333333333,845.0,692.0,279.0,126.0,840,686,850,698,73.0
video_sincronitzat,3005,95765,3192.1666666666665,859.5,688.5,372.6,-12.599999999999994,851,681,868,696,148.0
video_sincronitzat,3005,95766,3192.2,870.5,680.5,347.04,-149.04,860,672,881,689,202.5
video_sincronitzat,3005,95767,3192.233333333333,885.5,671.0,408.81600000000003,-230.61599999999999,872,661,899,681,292.5
video_sincronitzat,3005,95768,3192.266666666667,906.0,654.0,532.5264,-398.2464,894,641,918,667,348.5
video_sincronitzat,3005,95769,3192.3,921.0,631.5,483.01056,-564.29856,911,619,931,644,321.0
video_sincronitzat,3005,95770,3192.3333333333335,940.0,616.5,535.2042240000001,-495.719424,938,614,942,619,8.5
video_sincronitzat,3005,95772,3192.4,935.5,548.5,152.17352064000005,-790.45899264,929,538,942,559,105.5
video_sincronitzat,3005,95773,3192.4333333333334,891.0,403.0,-740.130591744,-2935.183597056,888,401,894,405,11.5
video_sincronitzat,3005,95774,3192.4666666666667,866.0,319.5,-746.0522366975999,-2677.0734388224,862,313,870,326,48.0
video_sincronitzat,3005,95775,3192.5,812.0,205.0,-1270.42089467904,-3131.82937552896,804,199,820,211,99.5
video_sincronitzat,3005,95776,3192.5333333333333,723.0,101.5,-2110.168357871616,-3115.731750211584,721,100,725,103,4.0
video_sincronitzat,3005,95777,3192.5666666666666,701.0,64.5,-1240.0673431486466,-1912.2927000846337,690,47,712,82,283.5
video_sincronitzat,3022,95822,3194.0666666666666,1019.0,454.5,0.0,0.0,1017,452,1021,457,7.0
video_sincronitzat,3022,95823,3194.1,1006.0,476.5,-234.0,396.0,967,440,1045,513,1734.5
video_sincronitzat,3022,95824,3194.133333333333,989.0,548.5,-399.6,1454.4,963,523,1015,574,1062.0
video_sincronitzat,3022,95825,3194.1666666666665,962.5,534.5,-636.84,329.7600000000001,960,527,965,542,42.5
video_sincronitzat,3022,95826,3194.2,906.0,600.5,-1271.736,1319.904,900,593,912,608,79.5
video_sincronitzat,3022,95827,3194.233333333333,877.0,617.5,-1030.6944,833.9616,867,607,887,628,239.0
video_sincronitzat,3022,95828,3194.266666666667,840.5,631.5,-1069.27776,585.58464,834,627,847,636,59.0
video_sincronitzat,3022,95829,3194.3,817.5,636.5,-841.711104,324.23385600000006,814,634,821,639,16.5
video_sincronitzat,3036,95842,3194.733333333333,981.5,517.0,0.0,0.0,947,475,1016,559,1049.5
video_sincronitzat,3036,95843,3194.766666666667,970.0,523.5,-207.0,117.0,956,471,984,576,1249.5
video_sincronitzat,3036,95844,3194.8,972.0,559.5,-46.80000000000001,694.8,957,541,987,578,495.0
video_sincronitzat,3036,95845,3194.8333333333335,938.5,603.5,-621.72,1069.92,930,582,947,625,393.0
video_sincronitzat,3036,95846,3194.866666666667,910.5,644.5,-752.688,1165.968,892,626,929,663,605.0
video_sincronitzat,3036,95847,3194.9,892.5,643.0,-625.0752,439.38720000000006,882,630,903,656,296.5
video_sincronitzat,3036,95848,3194.9333333333334,862.0,662.5,-799.03008,526.7548800000001,849,653,875,672,348.0
video_sincronitzat,3036,95850,3195.0,800.0,680.5,-845.6508288,351.63175680000006,793,675,807,686,105.0
video_sincronitzat,3048,95994,3199.8,751.5,639.5,0.0,0.0,749,638,754,641,6.0
video_sincronitzat,3048,95995,3199.8333333333335,780.5,633.0,522.0,-117.0,776,628,785,638,54.0
video_sincronitzat,3048,95996,3199.866666666667,810.5,615.0,748.8,-370.8,802,608,819,622,138.0
video_sincronitzat,3048,95997,3199.9,839.0,595.0,812.52,-508.32000000000005,831,584,847,606,218.5
video_sincronitzat,3048,95998,3199.9333333333334,872.0,578.5,919.008,-500.32800000000003,862,566,882,591,304.0
video_sincronitzat,3048,95999,3199.9666666666667,904.5,562.5,952.6032,-488.13120000000004,893,552,916,573,272.5
video_sincronitzat,3048,96000,3200.0,937.5,544.0,975.04128,-528.25248,933,537,942,551,77.0
video_sincronitzat,3048,96001,3200.0333333333333,988.0,620.5,1299.0165120000001,1165.699008,985,617,991,624,15.5
video_sincronitzat,3048,96002,3200.0666666666666,958.5,631.0,-11.393395199999873,655.2796032000001,954,621,963,641,103.5
video_sincronitzat,3059,96186,3206.2,819.0,634.0,0.0,0.0,816,631,822,637,20.0
video_sincronitzat,3059,96187,3206.233333333333,829.0,632.5,180.0,-27.0,824,627,834,638,69.0
video_sincronitzat,3059,96188,3206.266666666667,841.0,621.5,288.0,-208.8,833,614,849,629,145.5
video_sincronitzat,3059,96189,3206.3,853.0,606.5,331.2,-353.52,844,597,862,616,242.5
video_sincronitzat,3059,96190,3206.3333333333335,858.0,588.0,222.48,-474.408,826,572,890,604,834.0
video_sincronitzat,3059,96191,3206.366666666667,880.0,548.0,484.992,-909.7632,863,531,897,565,817.0
video_sincronitzat,3059,96192,3206.4,880.5,475.0,202.9968,-1677.90528,864,457,897,493,919.0
video_sincronitzat,3059,96193,3206.4333333333334,888.0,424.5,216.19872,-1580.162112,852,395,924,454,1670.5
video_sincronitzat,3059,96194,3206.4666666666667,932.5,370.0,887.479488,-1613.0648448000002,909,347,956,393,976.5
video_sincronitzat,3059,96195,3206.5,1000.5,274.5,1578.9917952,-2364.22593792,984,255,1017,294,604.0
video_sincronitzat,3059,96196,3206.5333333333333,1049.0,180.5,1504.59671808,-2637.690375168,1035,162,1063,199,519.5
video_sincronitzat,3059,96197,3206.5666666666666,1122.5,61.0,1924.8386872320002,-3206.0761500672,1075,15,1170,107,3887.5
video_sincronitzat,3066,96259,3208.633333333333,783.0,675.5,0.0,0.0,775,667,791,684,148.5
video_sincronitzat,3066,96260,3208.6666666666665,794.5,675.5,207.0,0.0,785,668,804,683,163.0
video_sincronitzat,3066,96261,3208.7,805.5,671.5,280.8,-72.0,792,661,819,682,332.0
video_sincronitzat,3066,96262,3208.733333333333,817.0,665.0,319.32,-145.8,803,651,831,679,419.5
video_sincronitzat,3066,96263,3208.766666666667,837.0,654.0,487.728,-256.32,809,635,865,673,1002.0
video_sincronitzat,3066,96264,3208.8,837.0,623.5,195.09120000000001,-651.528,811,602,863,645,987.5
video_sincronitzat,3066,96265,3208.8333333333335,843.0,595.5,186.03648,-764.6112,808,566,878,625,1431.0
video_sincronitzat,3066,96266,3208.866666666667,860.0,572.5,380.414592,-719.84448,825,543,895,602,2263.0
video_sincronitzat,3066,96267,3208.9,849.5,541.5,-36.83416319999998,-845.937792,838,528,861,555,375.5
video_sincronitzat,3066,96268,3208.9333333333334,843.5,478.5,-122.73366528,-1472.3751168,782,449,905,508,2447.5
video_sincronitzat,3066,96269,3208.9666666666667,836.0,410.5,-184.093466112,-1812.95004672,833,407,839,414,17.0
video_sincronitzat,3066,96270,3209.0,846.0,351.5,106.3626135552,-1787.180018688,840,344,852,359,87.5
video_sincronitzat,3066,96271,3209.0333333333333,839.5,281.5,-74.45495457792,-1974.8720074752,833,277,846,286,77.0
video_sincronitzat,3066,96272,3209.0666666666666,844.0,279.5,51.218018168831996,-825.94880299008,839,274,849,285,60.0
video_sincronitzat,3068,96264,3208.8,809.5,630.5,0.0,0.0,805,629,814,632,12.0
video_sincronitzat,3068,96266,3208.866666666667,825.5,612.5,144.0,-162.0,820,606,831,619,77.5
video_sincronitzat,3068,96267,3208.9,809.5,496.5,-230.4,-2152.8,785,474,834,519,1145.0
video_sincronitzat,3068,96270,3209.0,797.5,332.5,-146.64960000000002,-1681.5072,761,291,834,374,2939.0
video_sincronitzat,3068,96271,3209.0333333333333,784.0,253.5,-301.65984000000003,-2094.60288,739,194,829,313,2941.0
video_sincronitzat,3068,96273,3209.1,846.5,58.5,453.9024576,-2509.0570368,831,32,862,85,1161.5
video_sincronitzat,3081,96444,3214.8,775.0,657.5,0.0,0.0,773,656,777,659,4.0
video_sincronitzat,3081,96445,3214.8333333333335,789.5,653.0,261.0,-81.0,783,647,796,659,102.0
video_sincronitzat,3081,96446,3214.866666666667,806.5,648.0,410.4,-122.4,800,641,813,655,113.5
video_sincronitzat,3081,96447,3214.9,826.5,636.0,524.16,-264.96000000000004,817,626,836,646,296.0
video_sincronitzat,3081,96448,3214.9333333333334,860.5,608.0,821.664,-609.984,842,593,879,623,621.5
video_sincronitzat,3081,96449,3214.9666666666667,875.5,569.5,598.6656,-936.9936,835,538,916,601,1521.5
video_sincronitzat,3081,96450,3215.0,922.5,540.5,1085.46624,-896.79744,917,535,928,546,74.5
video_sincronitzat,3081,96451,3215.0333333333333,990.0,438.0,1649.186496,-2203.718976,956,400,1024,476,1839.0
video_sincronitzat,3081,96452,3215.0666666666666,1009.0,367.0,1001.6745984,-2159.4875904,991,352,1027,382,566.0
video_sincronitzat,3081,96453,3215.1,1135.0,284.5,2668.66983936,-2348.79503616,1116,261,1154,308,671.0
video_sincronitzat,3081,96454,3215.133333333333,1234.0,173.5,2849.467935744,-2937.518014464,1232,170,1236,177,14.5
video_sincronitzat,3097,96485,3216.1666666666665,753.5,676.0,0.0,0.0,750,673,757,679,20.0
video_sincronitzat,3097,96486,3216.2,778.5,671.5,450.0,-81.0,770,663,787,680,198.5
video_sincronitzat,3097,96487,3216.233333333333,812.0,665.0,783.0,-149.4,798,656,826,674,310.0
video_sincronitzat,3097,96488,3216.266666666667,850.5,653.5,1006.2,-266.76,838,640,863,667,387.5
video_sincronitzat,3097,96489,3216.3,892.0,636.5,1149.48,-412.704,883,624,901,649,224.5
video_sincronitzat,3097,96491,3216.366666666667,950.5,586.5,940.3128000000002,-598.57344,947,581,954,592,32.5
video_sincronitzat,3097,96492,3216.4,990.5,505.5,1096.1251200000002,-1697.429376,987,501,994,510,29.0
video_sincronitzat,3097,96494,3216.4666666666667,992.5,432.5,412.60504320000007,-1268.07457536,947,376,1038,489,3096.0
video_sincronitzat,3097,96495,3216.5,1055.5,408.5,1299.04201728,-939.2298301440001,1008,351,1103,466,2712.0
video_sincronitzat,3097,96496,3216.5333333333333,1055.0,347.0,510.616806912,-1482.6919320576,1049,339,1061,355,91.5
video_sincronitzat,3097,96497,3216.5666666666666,1049.5,264.5,105.24672276480001,-2078.0767728230403,1038,242,1061,287,569.5
video_sincronitzat,3097,96498,3216.6,1057.5,138.5,186.09868910592002,-3099.230709129216,1020,102,1095,175,1986.0
video_sincronitzat,3097,96499,3216.633333333333,1065.5,59.0,218.439475642368,-2670.6922836516865,1050,43,1081,75,534.0
video_sincronitzat,3097,96500,3216.6666666666665,1017.5,3.0,-776.6242097430528,-2076.2769134606747,1009,0,1026,6,59.0
video_sincronitzat,3109,97066,3235.5333333333333,787.5,662.0,0.0,0.0,780,657,795,667,81.5
video_sincronitzat,3109,97067,3235.5666666666666,824.0,657.0,657.0,-90.0,816,648,832,666,167.5
video_sincronitzat,3109,97068,3235.6,857.5,643.0,865.8,-288.0,846,631,869,655,332.0
video_sincronitzat,3109,97069,3235.633333333333,887.0,624.5,877.3199999999999,-448.2,874,612,900,637,403.5
video_sincronitzat,3109,97070,3235.6666666666665,919.5,590.5,935.928,-791.28,908,575,931,606,418.0
video_sincronitzat,3109,97071,3235.7,950.0,548.0,923.3712,-1081.512,941,535,959,561,209.0
video_sincronitzat,3109,97072,3235.733333333333,947.5,488.0,324.34848000000005,-1512.6048,921,480,974,496,511.5
video_sincronitzat,3109,97073,3235.766666666667,986.0,443.0,822.7393920000001,-1415.0419200000001,983,439,989,447,17.0
video_sincronitzat,3118,97317,3243.9,780.5,659.0,0.0,0.0,778,657,783,661,8.5
video_sincronitzat,3118,97318,3243.9333333333334,816.5,656.5,648.0,-45.0,811,652,822,661,62.0
video_sincronitzat,3118,97319,3243.9666666666667,854.5,647.0,943.2,-189.0,843,639,866,655,230.5
video_sincronitzat,3118,97320,3244.0,893.5,636.0,1079.28,-273.6,883,625,904,647,270.5
video_sincronitzat,3118,97322,3244.0666666666666,982.0,565.0,1185.0408,-737.496,967,553,997,577,331.0
video_sincronitzat,3118,97323,3244.1,1063.5,508.0,1941.01632,-1320.9984,1023,472,1104,544,1370.5
video_sincronitzat,3118,97324,3244.133333333333,1061.0,444.0,731.406528,-1680.39936,1059,442,1063,446,4.0
video_sincronitzat,3122,97356,3245.2,709.0,665.0,0.0,0.0,707,663,711,667,5.5
video_sincronitzat,3122,97358,3245.266666666667,776.5,668.0,607.5,27.0,770,664,783,672,74.5
video_sincronitzat,3122,97359,3245.3,812.5,663.5,891.0,-70.2,803,655,822,672,194.5
video_sincronitzat,3122,97360,3245.3333333333335,836.0,661.0,779.4000000000001,-73.08,834,659,838,663,5.5
video_sincronitzat,3122,97362,3245.4,928.5,586.5,1113.084,-696.8088,927,584,930,589,6.0
video_sincronitzat,3122,97363,3245.4333333333334,957.5,555.0,967.2336,-845.72352,954,550,961,560,34.0
video_sincronitzat,3122,97364,3245.4666666666667,1020.5,494.5,1520.89344,-1427.289408,978,449,1063,540,1449.5
video_sincronitzat,3122,97365,3245.5,1070.0,416.0,1499.357376,-1983.9157632000001,1046,392,1094,440,1316.0
video_sincronitzat,3122,97366,3245.5333333333333,1091.0,315.0,977.7429504,-2611.56630528,1077,295,1105,335,480.5
video_sincronitzat,3122,97367,3245.5666666666666,1158.0,202.5,1597.09718016,-3069.626522112,1130,162,1186,243,2423.0
video_sincronitzat,3122,97368,3245.6,1241.5,60.0,2141.838872064,-3792.8506088448003,1185,0,1298,120,7164.0
video_sincronitzat,3143,97686,3256.2,801.5,670.5,0.0,0.0,789,659,814,682,341.0
video_sincronitzat,3143,97687,3256.233333333333,823.0,667.5,387.0,-54.0,813,658,833,677,225.0
video_sincronitzat,3143,97688,3256.266666666667,849.0,659.5,622.8,-165.6,834,647,864,672,426.0
video_sincronitzat,3143,97689,3256.3,878.0,648.5,771.12,-264.24,862,633,894,664,591.5
video_sincronitzat,3143,97690,3256.3333333333335,903.5,624.5,767.4480000000001,-537.696,888,610,919,639,369.0
video_sincronitzat,3143,97691,3256.366666666667,947.5,582.5,1098.9792,-971.0784,943,577,952,588,53.5
video_sincronitzat,3143,97692,3256.4,1000.5,537.0,1393.59168,-1207.43136,972,511,1029,563,1514.5
video_sincronitzat,3143,97693,3256.4333333333334,983.5,488.5,251.43667200000004,-1355.972544,927,440,1040,537,3537.0
video_sincronitzat,3143,97694,3256.4666666666667,989.5,432.0,208.57466880000004,-1559.3890176,976,401,1003,463,1007.0
video_sincronitzat,3143,97695,3256.5,1042.5,290.0,1037.42986752,-3179.75560704,1041,288,1044,292,4.0
video_sincronitzat,3143,97696,3256.5333333333333,1051.5,184.5,576.971947008,-3170.902242816,1036,143,1067,226,1546.0
video_sincronitzat,3143,97697,3256.5666666666666,1064.0,60.0,455.7887788032,-3509.3608971264002,1038,0,1090,120,3831.0
video_sincronitzat,3151,97697,3256.5666666666666,765.5,649.0,0.0,0.0,761,643,770,655,64.0
video_sincronitzat,3151,97698,3256.6,776.5,658.0,198.0,162.0,770,652,783,664,85.5
video_sincronitzat,3151,97699,3256.633333333333,791.0,667.5,340.2,235.8,782,661,800,674,178.5
video_sincronitzat,3151,97700,3256.6666666666665,803.5,666.5,361.08000000000004,76.32000000000001,782,655,825,678,536.5
video_sincronitzat,3151,97701,3256.7,820.5,664.5,450.432,-5.471999999999994,792,647,849,682,1086.0
video_sincronitzat,3151,97702,3256.733333333333,851.5,642.0,738.1728,-407.1888,806,613,897,671,2688.5
video_sincronitzat,3151,97703,3256.766666666667,873.0,607.0,682.26912,-792.87552,826,577,920,637,2804.0
video_sincronitzat,3151,97704,3256.8,908.0,556.5,902.9076480000001,-1226.150208,884,516,932,597,2075.0
video_sincronitzat,3151,97705,3256.8333333333335,971.5,443.5,1504.1630592000001,-2524.4600832,969,441,974,446,12.5
video_sincronitzat,3151,97706,3256.866666666667,1029.5,342.5,1645.66522368,-2827.78403328,1025,338,1034,347,23.5
video_sincronitzat,3151,97707,3256.9,1042.0,204.5,883.2660894720001,-3615.113613312,1020,155,1064,254,2410.0
video_sincronitzat,3151,97708,3256.9333333333334,1099.5,58.5,1388.3064357888002,-4074.0454453248003,1062,0,1137,117,5294.0
video_sincronitzat,3177,98308,3276.9333333333334,762.0,651.0,0.0,0.0,757,647,767,655,49.0
video_sincronitzat,3177,98309,3276.9666666666667,790.0,654.0,504.0,54.0,783,647,797,661,106.0
video_sincronitzat,3177,98310,3277.0,822.0,646.0,777.6,-122.4,813,638,831,654,188.5
video_sincronitzat,3177,98311,3277.0333333333333,858.0,631.5,959.04,-309.96000000000004,846,622,870,641,313.0
video_sincronitzat,3177,98312,3277.0666666666666,896.5,609.5,1076.616,-519.984,881,595,912,624,379.0
video_sincronitzat,3177,98313,3277.1,946.0,579.0,1321.6464,-756.9936,942,575,950,583,38.0
video_sincronitzat,3177,98315,3277.1666666666665,1100.0,476.5,1861.792704,-1195.0176960000001,1056,447,1144,506,2277.0
video_sincronitzat,3177,98316,3277.2,1138.5,395.5,1437.7170816,-1936.0070784,1136,393,1141,398,9.5
video_sincronitzat,3177,98317,3277.233333333333,1257.0,275.5,2708.08683264,-2934.40283136,1234,245,1280,306,1338.5
video_sincronitzat,3177,98318,3277.266666666667,1371.5,172.5,3144.234733056,-3027.7611325440002,1351,154,1392,191,467.0
video_sincronitzat,3180,98342,3278.0666666666666,740.0,649.0,0.0,0.0,733,643,747,655,95.0
video_sincronitzat,3180,98343,3278.1,761.5,651.0,387.0,36.0,755,645,768,657,114.0
video_sincronitzat,3180,98344,3278.133333333333,785.5,646.5,586.8,-66.6,776,640,795,653,159.5
video_sincronitzat,3180,98345,3278.1666666666665,814.0,643.5,747.72,-80.64,806,638,822,649,110.5
video_sincronitzat,3180,98346,3278.2,849.5,632.0,938.088,-239.256,839,625,860,639,169.0
video_sincronitzat,3180,98347,3278.233333333333,877.5,613.5,879.2352000000001,-428.7024,863,601,892,626,438.5
video_sincronitzat,3180,98348,3278.266666666667,909.5,595.0,927.69408,-504.48096,897,581,922,609,331.5
video_sincronitzat,3180,98349,3278.3,937.5,598.5,875.077632,-138.792384,934,593,941,604,38.5
video_sincronitzat,3180,98359,3278.633333333333,964.0,493.0,183.30920164096085,-211.40840531150232,947,482,981,504,302.0
video_sincronitzat,3180,98360,3278.6666666666665,989.0,453.0,523.3236806563843,-804.5633621246009,973,438,1005,468,544.0
video_sincronitzat,3185,98353,3278.4333333333334,772.0,645.0,0.0,0.0,768,641,776,649,39.0
video_sincronitzat,3185,98354,3278.4666666666667,792.5,641.0,369.0,-72.0,784,633,801,649,184.0
video_sincronitzat,3185,98355,3278.5,816.0,629.0,570.6,-244.8,806,620,826,638,211.5
video_sincronitzat,3185,98356,3278.5333333333333,837.5,617.5,615.24,-304.92,823,603,852,632,463.0
video_sincronitzat,3185,98357,3278.5666666666666,876.5,587.5,948.096,-661.9680000000001,852,570,901,605,899.0
video_sincronitzat,3185,98358,3278.6,882.0,551.0,478.2384,-921.7872,849,530,915,572,1455.0
video_sincronitzat,3185,98359,3278.633333333333,902.5,508.0,560.2953600000001,-1142.71488,899,505,906,511,19.0
video_sincronitzat,3185,98360,3278.6666666666665,936.0,449.0,827.118144,-1519.085952,916,421,956,477,705.5
video_sincronitzat,3185,98361,3278.7,1021.0,342.5,1860.8472576,-2524.6343808,1002,314,1040,371,1063.0
video_sincronitzat,3185,98362,3278.733333333333,1082.0,234.0,1842.3389030399999,-2962.8537523200002,1051,183,1113,285,3248.0
video_sincronitzat,3185,98363,3278.766666666667,1174.0,65.5,2392.9355612159998,-4218.141500928,1123,0,1225,131,7095.5
video_sincronitzat,3191,98536,3284.5333333333333,775.5,648.0,0.0,0.0,773,645,778,651,12.5
video_sincronitzat,3191,98538,3284.6,830.5,662.5,495.0,130.5,824,659,837,666,47.5
video_sincronitzat,3191,98539,3284.633333333333,861.5,664.0,756.0,79.2,855,659,868,669,72.0
video_sincronitzat,3191,98540,3284.6666666666665,896.5,667.5,932.4000000000001,94.68,888,660,905,675,81.5
video_sincronitzat,3191,98542,3284.733333333333,990.5,612.5,1181.664,-460.9152,983,607,998,618,77.5
video_sincronitzat,3191,98543,3284.766666666667,1022.5,566.5,1048.6656,-1012.36608,1012,553,1033,580,296.0
video_sincronitzat,3191,98544,3284.8,1014.5,525.0,275.46624,-1151.946432,968,489,1061,561,2009.5
video_sincronitzat,3191,98545,3284.8333333333335,1098.0,472.5,1613.186496,-1405.7785728,1044,428,1152,517,3370.0
video_sincronitzat,3191,98546,3284.866666666667,1121.5,341.0,1068.2745984,-2929.31142912,1106,311,1137,371,518.5
video_sincronitzat,3191,98547,3284.9,1123.5,252.0,463.30983936000007,-2773.724571648,1103,218,1144,286,1287.0
video_sincronitzat,3191,98548,3284.9333333333334,1146.0,86.0,590.323935744,-4097.4898286592,1111,36,1181,136,3895.0
video_sincronitzat,3205,98750,3291.6666666666665,1017.5,686.0,0.0,0.0,1015,683,1020,689,14.0
video_sincronitzat,3205,98751,3291.7,1012.5,660.0,-90.0,-468.0,989,640,1036,680,1026.0
video_sincronitzat,3205,98753,3291.766666666667,900.0,679.0,-1044.9,2.519999999999982,898,676,902,682,13.0
video_sincronitzat,3205,98754,3291.8,857.5,683.0,-1182.96,73.008,847,678,868,688,137.0
video_sincronitzat,3205,98755,3291.8333333333335,822.5,682.0,-1103.184,11.203199999999999,815,677,830,687,83.5
video_sincronitzat,3205,98756,3291.866666666667,793.0,672.5,-972.2736,-166.51872,790,670,796,675,11.0
video_sincronitzat,3211,99021,3300.7,795.5,666.5,0.0,0.0,790,662,801,671,69.0
video_sincronitzat,3211,99022,3300.733333333333,825.0,665.5,531.0,-18.0,815,658,835,673,179.0
video_sincronitzat,3211,99023,3300.766666666667,858.0,664.0,806.4,-34.2,844,655,872,673,324.5
video_sincronitzat,3211,99024,3300.8,895.0,649.0,988.56,-283.68,883,633,907,665,372.5
video_sincronitzat,3211,99025,3300.8333333333335,928.0,631.0,989.424,-437.472,926,629,930,633,5.5
video_sincronitzat,3211,99026,3300.866666666667,1032.0,569.0,2267.7696,-1290.9888,1022,562,1042,576,176.0
video_sincronitzat,3211,99027,3300.9,1073.0,426.0,1645.1078400000001,-3090.39552,1071,424,1075,428,7.0
video_sincronitzat,3211,99028,3300.9333333333334,1074.5,422.0,685.0431360000001,-1308.158208,1072,417,1077,427,23.0
video_sincronitzat,3211,99029,3300.9666666666667,1204.0,322.0,2605.0172544,-2323.2632832,1193,316,1215,328,111.0
video_sincronitzat,3211,99030,3301.0,1243.0,153.0,1744.0069017600001,-3971.30531328,1215,116,1271,190,1800.0
video_sincronitzat,3211,99031,3301.0333333333333,1324.5,24.5,2164.602760704,-3901.522125312,1304,0,1345,49,937.5
video_sincronitzat,3216,99040,3301.3333333333335,807.0,684.0,0.0,0.0,800,677,814,691,124.5
video_sincronitzat,3216,99041,3301.366666666667,818.5,678.5,207.0,-99.0,808,670,829,687,248.5
video_sincronitzat,3216,99042,3301.4,835.5,672.5,388.8,-147.6,823,662,848,683,368.5
video_sincronitzat,3216,99043,3301.4333333333334,849.0,661.5,398.52,-257.04,824,646,874,677,835.0
video_sincronitzat,3216,99044,3301.4666666666667,878.0,636.0,681.408,-561.816,852,609,904,663,1420.5
video_sincronitzat,3216,99045,3301.5,898.0,609.0,632.5632,-710.7264,866,574,930,644,1468.0
video_sincronitzat,3216,99046,3301.5333333333333,955.0,594.0,1279.02528,-554.29056,944,575,966,613,622.0
video_sincronitzat,3216,99047,3301.5666666666666,1002.0,553.5,1357.610112,-950.716224,998,550,1006,557,25.5
video_sincronitzat,3228,99167,3305.5666666666666,801.5,627.5,0.0,0.0,798,625,805,630,19.0
video_sincronitzat,3228,99168,3305.6,806.5,632.0,90.0,81.0,800,626,813,638,96.0
video_sincronitzat,3228,99169,3305.633333333333,809.5,624.5,90.0,-102.6,801,616,818,633,191.0
video_sincronitzat,3228,99170,3305.6666666666665,816.0,615.5,153.0,-203.04,807,605,825,626,265.5
video_sincronitzat,3228,99171,3305.7,818.5,597.0,106.2,-414.216,801,577,836,617,775.5
video_sincronitzat,3228,99172,3305.733333333333,826.5,558.0,186.48000000000002,-867.6864,795,533,858,583,1313.5
video_sincronitzat,3228,99173,3305.766666666667,834.5,529.0,218.592,-869.07456,831,527,838,531,13.0
video_sincronitzat,3228,99174,3305.8,864.0,453.0,618.4368,-1715.629824,848,430,880,476,738.5
video_sincronitzat,3228,99175,3305.8333333333335,860.0,361.5,175.37472,-2333.2519296,854,353,866,370,128.5
video_sincronitzat,3228,99176,3305.866666666667,865.5,208.5,169.149888,-3687.30077184,853,176,878,241,1007.5
video_sincronitzat,3228,99177,3305.9,905.0,36.5,778.6599552,-4570.920308736,886,0,924,73,1760.5
video_sincronitzat,3237,99581,3319.366666666667,787.5,649.0,0.0,0.0,782,645,793,653,52.0
video_sincronitzat,3237,99582,3319.4,809.0,640.5,387.0,-153.0,803,635,815,646,78.5
video_sincronitzat,3237,99583,3319.4333333333334,836.0,629.5,640.8,-259.2,825,621,847,638,241.5
video_sincronitzat,3237,99584,3319.4666666666667,872.0,603.0,904.3199999999999,-580.6800000000001,852,589,892,617,638.5
video_sincronitzat,3237,99585,3319.5,911.5,571.0,1072.728,-808.272,899,559,924,583,366.5
video_sincronitzat,3237,99586,3319.5333333333333,997.0,522.5,1968.0912,-1196.3088,970,514,1024,531,437.0
video_sincronitzat,3237,99587,3319.5666666666666,1051.0,476.5,1759.23648,-1306.52352,1031,457,1071,496,1024.0
video_sincronitzat,3237,99588,3319.6,1137.5,349.5,2260.694592,-2808.6094080000003,1126,334,1149,365,245.5
video_sincronitzat,3237,99589,3319.633333333333,1210.5,282.0,2218.2778368,-2338.4437632,1176,250,1245,314,2133.5
video_sincronitzat,3237,99590,3319.6666666666665,1319.0,149.5,2840.31113472,-3320.37750528,1283,108,1355,191,2831.5
video_sincronitzat,3241,99595,3319.8333333333335,767.0,678.5,0.0,0.0,763,675,771,682,36.0
video_sincronitzat,3241,99596,3319.866666666667,780.5,686.5,243.0,144.0,775,679,786,694,99.5
video_sincronitzat,3241,99597,3319.9,798.5,695.0,421.2,210.6,788,687,809,703,212.0
video_sincronitzat,3241,99598,3319.9333333333334,819.5,694.5,546.48,75.24000000000001,802,684,837,705,427.0
video_sincronitzat,3241,99599,3319.9666666666667,850.0,696.0,767.592,57.096000000000004,834,682,866,710,624.5
video_sincronitzat,3241,99600,3320.0,876.0,685.5,775.0368000000001,-166.1616,839,669,913,702,1325.0
video_sincronitzat,3241,99601,3320.0333333333333,894.5,639.0,643.0147200000001,-903.46464,882,624,907,654,369.5
video_sincronitzat,3241,99602,3320.0666666666666,979.5,567.5,1787.205888,-1648.385856,964,533,995,602,888.0
video_sincronitzat,3257,100829,3360.9666666666667,729.5,628.5,0.0,0.0,727,626,732,631,11.0
video_sincronitzat,3257,100830,3361.0,756.5,630.5,486.0,36.0,751,627,762,634,54.0
video_sincronitzat,3257,100831,3361.0333333333333,785.0,625.5,707.4,-75.6,776,618,794,633,172.0
video_sincronitzat,3257,100832,3361.0666666666666,813.5,611.0,795.96,-291.24,803,601,824,621,252.5
video_sincronitzat,3257,100833,3361.1,844.5,596.0,876.384,-386.496,832,583,857,609,331.5
video_sincronitzat,3257,100834,3361.133333333333,879.5,561.5,980.5536,-775.5984,864,544,895,579,684.5
video_sincronitzat,3257,100835,3361.1666666666665,911.5,526.0,968.22144,-949.23936,906,520,917,532,63.5
video_sincronitzat,3257,100836,3361.2,941.0,454.5,918.288576,-1666.695744,894,426,988,483,1567.5
video_sincronitzat,3257,100837,3361.233333333333,979.5,416.0,1060.3154304,-1359.6782976,961,403,998,429,312.0
video_sincronitzat,3261,100953,3365.1,760.5,634.5,0.0,0.0,755,630,766,639,63.0
video_sincronitzat,3261,100954,3365.133333333333,791.5,636.5,558.0,36.0,785,632,798,641,78.5
video_sincronitzat,3261,100955,3365.1666666666665,823.5,640.0,799.2,77.4,817,634,830,646,105.5
video_sincronitzat,3261,100956,3365.2,857.5,634.5,931.6800000000001,-68.03999999999999,848,625,867,644,216.5
video_sincronitzat,3261,100957,3365.233333333333,889.0,619.0,939.672,-306.216,878,608,900,630,296.0
video_sincronitzat,3261,100958,3365.266666666667,924.5,602.5,1014.8688,-419.4864,922,600,927,605,8.5
video_sincronitzat,3261,100959,3365.3,952.0,578.5,900.9475199999999,-599.79456,945,573,959,584,60.5
video_sincronitzat,3261,100960,3365.3333333333335,1007.5,514.0,1359.3790079999999,-1400.917824,979,500,1036,528,982.5
video_sincronitzat,3261,100961,3365.366666666667,1042.0,456.5,1164.7516031999999,-1595.3671296000002,1034,449,1050,464,139.0
video_sincronitzat,3261,100962,3365.4,1068.0,398.0,933.90064128,-1691.1468518400002,1050,382,1086,414,409.0
video_sincronitzat,3273,101205,3373.5,832.0,646.0,0.0,0.0,823,637,841,655,165.5
video_sincronitzat,3273,101206,3373.5333333333333,845.0,626.0,234.0,-360.0,834,615,856,637,260.5
video_sincronitzat,3273,101207,3373.5666666666666,857.5,590.0,318.6,-792.0,849,579,866,601,213.5
video_sincronitzat,3273,101208,3373.6,866.5,553.0,289.44,-982.8,852,536,881,570,488.5
video_sincronitzat,3273,101209,3373.633333333333,882.0,541.0,394.776,-609.12,868,522,896,560,571.0
video_sincronitzat,3273,101210,3373.6666666666665,917.5,503.5,796.9104,-918.648,908,497,927,510,123.0
video_sincronitzat,3273,101211,3373.7,937.0,468.5,669.76416,-997.4592,896,404,978,533,2344.5
video_sincronitzat,3273,101212,3373.733333333333,982.5,444.5,1086.905664,-830.98368,958,409,1007,480,1367.0
video_sincronitzat,3273,101213,3373.766666666667,1017.0,375.0,1055.7622655999999,-1583.393472,1009,355,1025,395,416.5
video_sincronitzat,3273,101214,3373.8,1059.5,336.0,1187.30490624,-1335.3573888,1036,316,1083,356,890.5
video_sincronitzat,3273,101216,3373.866666666667,1243.5,242.0,2083.4297662464,-1326.728659968,1233,227,1254,257,351.5
video_sincronitzat,3273,101217,3373.9,1315.5,192.0,2129.37190649856,-1430.6914639872002,1304,180,1327,204,321.0
video_sincronitzat,3297,102891,3429.7,819.5,638.0,0.0,0.0,817,636,822,640,8.5
video_sincronitzat,3297,102892,3429.733333333333,822.5,648.0,54.0,180.0,817,642,828,654,91.0
video_sincronitzat,3297,102893,3429.766666666667,827.0,647.5,102.6,63.0,820,641,834,654,127.0
video_sincronitzat,3297,102894,3429.8,833.5,648.0,158.04,34.2,825,640,842,656,180.5
video_sincronitzat,3297,102895,3429.8333333333335,843.0,647.5,234.216,4.6800000000000015,827,638,859,657,301.5
video_sincronitzat,3297,102896,3429.866666666667,859.0,636.0,381.6864,-205.128,838,622,880,650,673.0
video_sincronitzat,3297,102897,3429.9,848.5,616.5,-36.325439999999986,-433.0512,825,594,872,639,835.0
video_sincronitzat,3297,102898,3429.9333333333334,861.0,604.5,210.46982400000002,-389.22048,819,583,903,626,1677.5
video_sincronitzat,3297,102899,3429.9666666666667,871.0,567.5,264.1879296,-821.6881920000001,834,539,908,596,2044.5
video_sincronitzat,3297,102900,3430.0,895.5,534.0,546.6751718400001,-931.6752768000001,878,516,913,552,715.5
video_sincronitzat,3297,102902,3430.0666666666666,886.0,391.0,111.30306186240003,-1622.403099648,883,386,889,396,27.0
video_sincronitzat,3297,102903,3430.1,909.0,288.0,458.52122474496,-2502.9612398592,903,283,915,293,62.5
video_sincronitzat,3297,102904,3430.133333333333,955.5,192.5,1020.408489897984,-2720.18449594368,920,154,991,231,2787.5
video_sincronitzat,3299,102897,3429.9,821.5,591.5,0.0,0.0,819,588,824,595,20.5
video_sincronitzat,3299,102900,3430.0,863.5,474.5,252.0,-702.0,841,439,886,510,1643.5
video_sincronitzat,3299,102901,3430.0333333333333,868.0,446.0,181.8,-793.8,827,408,909,484,2215.0
video_sincronitzat,3299,102902,3430.0666666666666,901.0,413.5,666.72,-902.52,871,386,931,441,1494.5
video_sincronitzat,3299,102903,3430.1,964.5,329.0,1409.688,-1882.008,956,318,973,340,119.0
video_sincronitzat,3299,102904,3430.133333333333,1019.0,264.5,1544.8752,-1913.8032,980,233,1058,296,2481.5
video_sincronitzat,3299,102905,3430.1666666666665,1035.5,173.5,914.9500800000001,-2403.52128,1026,162,1045,185,187.0
video_sincronitzat,3309,103322,3444.0666666666666,1185.0,348.5,0.0,0.0,1173,334,1197,363,226.5
video_sincronitzat,3309,103323,3444.1,1120.0,452.5,-1170.0,1872.0,1087,400,1153,505,2559.0
video_sincronitzat,3309,103324,3444.133333333333,1036.5,471.0,-1971.0,1081.8000000000002,996,433,1077,509,1810.5
video_sincronitzat,3309,103325,3444.1666666666665,1009.0,521.0,-1283.4,1332.72,988,476,1030,566,1618.0
video_sincronitzat,3309,103326,3444.2,972.5,585.5,-1170.3600000000001,1694.0880000000002,965,575,980,596,159.0
video_sincronitzat,3309,103327,3444.233333333333,917.5,633.0,-1458.144,1532.6352000000002,913,626,922,640,72.0
video_sincronitzat,3309,103328,3444.266666666667,872.5,662.0,-1393.2576,1135.05408,859,654,886,670,270.5
video_sincronitzat,3309,103329,3444.3,829.0,664.5,-1340.30304,499.02163200000007,817,658,841,671,215.0
video_sincronitzat,3309,103330,3444.3333333333335,792.0,659.5,-1202.121216,109.60865280000004,785,653,799,666,113.0
video_sincronitzat,3309,103331,3444.366666666667,754.0,656.5,-1164.8484864,-10.156538879999978,750,653,758,660,28.0
video_sincronitzat,3312,103474,3449.133333333333,754.5,655.0,0.0,0.0,751,651,758,659,33.0
video_sincronitzat,3312,103475,3449.1666666666665,769.0,665.5,261.0,189.0,760,659,778,672,156.0
video_sincronitzat,3312,103476,3449.2,787.5,664.0,437.4,48.60000000000001,773,655,802,673,302.5
video_sincronitzat,3312,103477,3449.233333333333,823.0,657.5,813.96,-97.56,809,648,837,667,381.0
video_sincronitzat,3312,103478,3449.266666666667,861.0,643.5,1009.5840000000001,-291.024,832,629,890,658,889.5
video_sincronitzat,3312,103479,3449.3,905.0,617.5,1195.8336,-584.4096,880,600,930,635,1134.5
video_sincronitzat,3312,103480,3449.3333333333335,960.0,589.5,1468.3334399999999,-737.76384,953,583,967,596,85.0
video_sincronitzat,3312,103481,3449.366666666667,1045.0,538.0,2117.333376,-1222.105536,1038,534,1052,542,57.0
video_sincronitzat,3312,103482,3449.4,1164.5,420.0,2997.9333504,-2612.8422144,1144,398,1185,442,596.0
video_sincronitzat,3312,103483,3449.4333333333334,1281.5,312.0,3305.1733401600004,-2989.13688576,1235,274,1328,350,3552.5
video_sincronitzat,3312,103484,3449.4666666666667,1422.5,178.5,3860.0693360640003,-3598.654754304,1392,148,1453,209,1667.0
video_sincronitzat,3317,103714,3457.133333333333,809.0,676.5,0.0,0.0,802,672,816,681,86.5
video_sincronitzat,3317,103715,3457.1666666666665,839.0,669.5,540.0,-126.0,825,660,853,679,318.5
video_sincronitzat,3317,103716,3457.2,877.5,663.0,909.0,-167.4,864,653,891,673,260.5
video_sincronitzat,3317,103717,3457.233333333333,915.0,641.5,1038.6,-453.96000000000004,911,636,919,647,38.5
video_sincronitzat,3317,103719,3457.3,991.0,567.5,1057.896,-829.4256,978,556,1004,579,263.5
video_sincronitzat,3317,103720,3457.3333333333335,1002.0,529.0,621.1584,-1024.77024,965,482,1039,576,2028.5
video_sincronitzat,3317,103721,3457.366666666667,1006.5,486.5,329.46336,-1174.9080960000001,956,441,1057,532,2439.0
video_sincronitzat,3317,103722,3457.4,1020.0,475.5,374.785344,-667.9632384000001,1009,429,1031,522,897.0
video_sincronitzat,3317,103723,3457.4333333333334,1057.0,336.0,815.9141376,-2778.18529536,1048,320,1066,352,414.0
video_sincronitzat,3317,103724,3457.4666666666667,1082.5,244.0,785.3656550400001,-2767.274118144,1063,210,1102,278,1605.0
video_sincronitzat,3317,103725,3457.5,1088.5,113.5,422.14626201600004,-3455.9096472576,1026,50,1151,177,7373.0
video_sincronitzat,3317,103726,3457.5333333333333,1156.0,12.5,1383.8585048064,-3200.36385890304,1136,0,1176,25,718.0
video_sincronitzat,3339,104179,3472.633333333333,817.5,646.5,0.0,0.0,812,642,823,651,53.0
video_sincronitzat,3339,104180,3472.6666666666665,840.0,645.0,405.0,-27.0,833,638,847,652,119.0
video_sincronitzat,3339,104181,3472.7,876.5,635.0,819.0,-190.8,857,624,896,646,392.0
video_sincronitzat,3339,104182,3472.733333333333,899.5,610.5,741.6,-517.32,887,599,912,622,284.0
video_sincronitzat,3339,104183,3472.766666666667,950.0,586.0,1205.64,-647.928,946,579,954,593,64.5
video_sincronitzat,3339,104184,3472.8,1005.0,549.5,1472.256,-916.1712,967,528,1043,571,1181.5
video_sincronitzat,3339,104185,3472.8333333333335,1049.5,489.5,1389.9024,-1446.46848,1013,467,1086,512,1521.5
video_sincronitzat,3339,104186,3472.866666666667,1092.0,394.0,1320.96096,-2297.587392,1058,358,1126,430,1721.0
video_sincronitzat,3339,104187,3472.9,1143.0,342.0,1446.384384,-1855.0349568000001,1116,333,1170,351,600.5
video_sincronitzat,3339,104188,3472.9333333333334,1307.5,225.0,3539.5537536,-2848.01398272,1290,203,1325,247,606.0
video_sincronitzat,3365,107251,3575.0333333333333,787.0,644.0,0.0,0.0,784,642,790,646,11.5
video_sincronitzat,3365,107252,3575.0666666666666,801.5,644.5,261.0,9.0,795,639,808,650,92.0
video_sincronitzat,3365,107253,3575.1,820.5,641.5,446.4,-50.4,813,633,828,650,165.0
video_sincronitzat,3365,107254,3575.133333333333,845.5,622.5,628.56,-362.16,832,610,859,635,419.5
video_sincronitzat,3365,107255,3575.1666666666665,874.5,594.0,773.424,-657.864,855,578,894,610,692.5
video_sincronitzat,3365,107256,3575.2,907.5,558.5,903.3696,-902.1456000000001,885,543,930,574,604.0
video_sincronitzat,3365,107257,3575.233333333333,940.5,470.0,955.34784,-1953.85824,935,461,946,479,125.5
video_sincronitzat,3365,107258,3575.266666666667,963.5,395.0,796.139136,-2131.543296,933,375,994,415,1079.5
video_sincronitzat,3365,107259,3575.3,1076.5,316.0,2352.4556544,-2274.6173184,1074,313,1079,319,14.0
video_sincronitzat,3365,107260,3575.3333333333335,1167.5,169.5,2578.9822617600003,-3546.84692736,1165,166,1170,173,12.0
video_sincronitzat,3365,107261,3575.366666666667,1247.0,37.5,2462.592904704,-3794.738770944,1215,0,1279,75,2435.0
video_sincronitzat,3369,107550,3585.0,825.5,700.0,0.0,0.0,819,695,832,705,87.0
video_sincronitzat,3369,107551,3585.0333333333333,864.0,691.0,693.0,-162.0,850,683,878,699,246.0
video_sincronitzat,3369,107552,3585.0666666666666,890.5,690.5,754.2,-73.8,873,676,908,705,520.0
video_sincronitzat,3369,107553,3585.1,926.0,662.5,940.6800000000001,-533.52,910,638,942,687,1028.0
video_sincronitzat,3369,107554,3585.133333333333,954.5,615.5,889.272,-1059.408,945,590,964,641,719.0
video_sincronitzat,3369,107555,3585.1666666666665,1018.0,538.0,1498.7088,-1818.7631999999999,989,513,1047,563,1560.0
video_sincronitzat,3369,107556,3585.2,1073.5,393.0,1598.4835200000002,-3337.50528,1049,362,1098,424,1438.0
video_sincronitzat,3369,107557,3585.233333333333,1028.5,287.0,-170.60659199999986,-3243.002112,995,238,1062,336,4208.5
video_sincronitzat,3369,107558,3585.266666666667,1091.5,91.5,1065.7573632,-4816.2008448,1033,24,1150,159,7066.0
video_sincronitzat,3392,108208,3606.9333333333334,791.0,656.5,0.0,0.0,788,653,794,660,24.0
video_sincronitzat,3392,108209,3606.9666666666667,806.0,654.5,270.0,-36.0,799,648,813,661,116.0
video_sincronitzat,3392,108210,3607.0,821.5,653.0,387.0,-41.4,813,644,830,662,185.0
video_sincronitzat,3392,108211,3607.0333333333333,844.5,639.0,568.8,-268.56,831,627,858,651,390.5
video_sincronitzat,3392,108212,3607.0666666666666,871.5,614.5,713.52,-548.424,857,602,886,627,426.0
video_sincronitzat,3392,108213,3607.1,889.5,587.0,609.408,-714.3696,861,570,918,604,951.5
video_sincronitzat,3392,108214,3607.133333333333,928.5,548.5,945.7632,-978.74784,927,546,930,551,6.0
video_sincronitzat,3392,108215,3607.1666666666665,980.0,459.0,1305.30528,-2002.499136,929,419,1031,499,2358.0
video_sincronitzat,3392,108216,3607.2,996.0,396.0,810.122112,-1934.9996544,968,371,1024,421,881.5
video_sincronitzat,3401,109543,3651.4333333333334,745.5,648.5,0.0,0.0,742,645,749,652,24.0
video_sincronitzat,3401,109544,3651.4666666666667,755.0,649.5,171.0,18.0,748,644,762,655,92.5
video_sincronitzat,3401,109545,3651.5,762.5,651.5,203.4,43.2,754,642,771,661,212.0
video_sincronitzat,3401,109546,3651.5333333333333,774.5,644.0,297.36,-117.72,764,629,785,659,323.0
video_sincronitzat,3401,109547,3651.5666666666666,776.5,624.5,154.94400000000002,-398.088,754,611,799,638,616.0
video_sincronitzat,3401,109548,3651.6,791.0,607.0,322.9776,-474.2352,759,589,823,625,917.5
video_sincronitzat,3401,109549,3651.633333333333,815.5,583.0,570.19104,-621.69408,777,548,854,618,1914.5
video_sincronitzat,3401,109550,3651.6666666666665,815.5,528.0,228.07641600000002,-1238.677632,814,525,817,531,8.0
video_sincronitzat,3401,109552,3651.733333333333,774.5,361.0,-286.89249024,-1948.92394752,773,359,776,363,4.0
video_sincronitzat,3401,109553,3651.766666666667,799.5,163.5,335.24300390400003,-4334.569579008,780,112,819,215,2283.5
video_sincronitzat,3401,109554,3651.8,823.0,23.0,557.0972015616001,-4262.8278316032,819,16,827,30,50.5
video_sincronitzat,3416,111241,3708.0333333333333,794.5,641.5,0.0,0.0,791,638,798,645,26.5
video_sincronitzat,3416,111242,3708.0666666666666,800.0,641.5,99.0,0.0,792,635,808,648,121.0
video_sincronitzat,3416,111243,3708.1,811.5,633.5,246.6,-144.0,805,627,818,640,109.5
video_sincronitzat,3416,111244,3708.133333333333,826.0,619.5,359.64,-309.6,816,608,836,631,327.5
video_sincronitzat,3416,111245,3708.1666666666665,847.5,587.0,530.856,-708.84,832,571,863,603,680.5
video_sincronitzat,3416,111246,3708.2,873.0,547.0,671.3424,-1003.5360000000001,851,529,895,565,860.5
video_sincronitzat,3416,111247,3708.233333333333,955.0,496.5,1744.53696,-1310.4144000000001,929,488,981,505,456.0
video_sincronitzat,3416,111248,3708.266666666667,984.0,446.5,1219.8147840000001,-1424.16576,968,419,1000,474,939.0
video_sincronitzat,3418,111250,3708.3333333333335,778.5,673.5,0.0,0.0,773,669,784,678,60.5
video_sincronitzat,3418,111251,3708.366666666667,787.5,671.0,162.0,-45.0,780,664,795,678,145.5
video_sincronitzat,3418,111252,3708.4,799.5,670.5,280.8,-27.0,789,661,810,680,263.0
video_sincronitzat,3418,111253,3708.4333333333334,816.0,663.5,409.32,-136.8,799,649,833,678,571.5
video_sincronitzat,3418,111254,3708.4666666666667,852.0,629.5,811.7280000000001,-666.72,805,603,899,656,2002.0
video_sincronitzat,3418,111255,3708.5,865.5,604.0,567.6912,-725.6880000000001,826,566,905,642,1485.5
video_sincronitzat,3418,111256,3708.5333333333333,933.5,582.0,1451.07648,-686.2752,908,563,959,601,974.0
video_sincronitzat,3418,111257,3708.5666666666666,1021.0,531.5,2155.430592,-1183.51008,1018,529,1024,534,15.0
video_sincronitzat,3438,112231,3741.0333333333333,742.5,648.0,0.0,0.0,739,644,746,652,34.5
video_sincronitzat,3438,112232,3741.0666666666666,764.0,655.0,387.0,126.0,760,650,768,660,42.5
video_sincronitzat,3438,112233,3741.1,786.0,660.5,550.8,149.4,780,656,792,665,71.0
video_sincronitzat,3438,112234,3741.133333333333,809.0,655.5,634.3199999999999,-30.239999999999995,800,649,818,662,153.0
video_sincronitzat,3438,112235,3741.1666666666665,836.0,651.5,739.728,-84.096,826,643,846,660,201.0
video_sincronitzat,3438,112236,3741.2,863.5,639.5,790.8912,-249.6384,850,629,877,650,308.5
video_sincronitzat,3438,112237,3741.233333333333,890.5,619.0,802.35648,-468.85536,880,607,901,631,356.5
video_sincronitzat,3438,112238,3741.266666666667,916.5,600.0,788.9425920000001,-529.542144,904,593,929,607,115.5
video_sincronitzat,3438,112239,3741.3,948.0,580.0,882.5770368000001,-571.8168576,943,574,953,586,66.5
video_sincronitzat,3438,112241,3741.366666666667,1013.5,481.5,907.227733248,-1092.354068736,995,455,1032,508,1297.5
video_sincronitzat,3438,112242,3741.4,1060.0,411.5,1199.8910932992,-1696.9416274944,995,361,1125,462,3584.5
video_sincronitzat,3438,112243,3741.4333333333334,1098.0,374.5,1163.95643731968,-1344.77665099776,1060,354,1136,395,1182.5
video_sincronitzat,3449,114387,3812.9,390.5,443.0,0.0,0.0,387,440,394,446,17.5
video_sincronitzat,3449,114388,3812.9333333333334,453.5,427.0,1134.0,-288.0,447,422,460,432,78.5
video_sincronitzat,3449,114389,3812.9666666666667,541.0,406.0,2028.6,-493.2,536,400,546,412,74.0
video_sincronitzat,3449,114390,3813.0,622.0,393.0,2269.44,-431.28,619,390,625,396,14.0
video_sincronitzat,3449,114391,3813.0333333333333,712.0,371.0,2527.776,-568.512,708,366,716,376,48.5
video_sincronitzat,3449,114392,3813.0666666666666,817.5,389.5,2910.1104,105.5952,811,385,824,394,49.0
video_sincronitzat,3449,114394,3813.133333333333,969.0,470.5,2411.139744,767.014272,941,460,997,481,719.0
video_sincronitzat,3449,114395,3813.1666666666665,1034.5,460.5,2143.4558976,126.80570879999999,982,434,1087,487,2127.0
video_sincronitzat,3449,114396,3813.2,1118.0,466.5,2360.3823590399998,158.72228352,1116,464,1120,469,7.0
video_sincronitzat,3449,114397,3813.233333333333,1165.0,464.5,1790.152943616,27.488913408000002,1151,446,1179,483,360.5
video_sincronitzat,3449,114398,3813.266666666667,1154.5,487.0,527.0611774464,415.9955653632,1138,438,1171,536,1011.0
video_sincronitzat,3449,114399,3813.3,1165.0,518.5,399.82447097856004,733.39822614528,1146,485,1184,552,678.0
video_sincronitzat,3449,114400,3813.3333333333335,1143.5,516.5,-227.07021160857596,257.359290458112,1117,467,1170,566,1434.5
video_sincronitzat,3449,114401,3813.366666666667,1137.5,543.0,-198.82808464343037,579.9437161832448,1117,480,1158,606,1292.0
video_sincronitzat,3449,114402,3813.4,1118.0,581.0,-430.5312338573722,915.9774864732979,1097,553,1139,609,799.0
video_sincronitzat,3449,114403,3813.4333333333334,1107.0,582.5,-370.2124935429489,393.3909945893192,1104,579,1110,586,26.5
video_sincronitzat,3449,114404,3813.4666666666667,1063.0,595.5,-940.0849974171796,391.35639783572765,1037,580,1089,611,691.5
video_sincronitzat,3449,114405,3813.5,1030.5,627.0,-961.0339989668719,723.5425591342911,1001,600,1060,654,1283.5
video_sincronitzat,3449,114406,3813.5333333333333,1008.5,618.5,-780.4135995867488,136.41702365371646,983,607,1034,630,594.5
video_sincronitzat,3449,114407,3813.5666666666666,998.5,621.5,-492.16543983469955,108.56680946148659,981,605,1016,638,505.5
video_sincronitzat,3449,114408,3813.6,958.5,651.0,-916.8661759338798,574.4267237845946,957,649,960,653,4.0
video_sincronitzat,3449,114411,3813.7,889.5,666.0,-711.0646410025771,276.11425850620867,886,663,893,669,21.5
video_sincronitzat,3449,114412,3813.733333333333,872.0,659.5,-599.4258564010308,-6.554296597516526,865,655,879,664,72.0
video_sincronitzat,3449,114413,3813.766666666667,855.5,658.5,-536.7703425604124,-20.62171863900661,847,654,864,663,96.5
video_sincronitzat,3449,114414,3813.8,841.5,655.0,-466.70813702416496,-71.24868745560265,834,650,849,660,79.5
video_sincronitzat,3449,114416,3813.866666666667,816.5,644.0,-393.0149293286994,-124.64952748401696,814,642,819,646,7.0
video_sincronitzat,3469,114506,3816.866666666667,779.5,708.0,0.0,0.0,776,706,783,710,16.0
video_sincronitzat,3469,114507,3816.9,806.0,709.5,477.0,27.0,799,703,813,716,111.0
video_sincronitzat,3469,114508,3816.9333333333334,835.0,713.5,712.8,82.8,826,706,844,721,155.5
video_sincronitzat,3469,114509,3816.9666666666667,866.5,713.5,852.12,33.12,855,706,878,721,248.0
video_sincronitzat,3469,114510,3817.0,896.0,714.0,871.848,22.247999999999998,883,705,909,723,281.0
video_sincronitzat,3469,114511,3817.0333333333333,937.0,705.5,1086.7392,-144.1008,930,701,944,710,73.0
video_sincronitzat,3469,114512,3817.0666666666666,979.5,697.0,1199.69568,-210.64032,974,689,985,705,100.5
video_sincronitzat,3469,114513,3817.1,1037.5,647.0,1523.878272,-984.256128,1012,625,1063,669,1012.0
video_sincronitzat,3469,114514,3817.133333333333,1051.0,639.0,852.5513088,-537.7024512,1039,625,1063,653,406.5
video_sincronitzat,3469,114515,3817.1666666666665,1062.0,612.5,539.0205235200001,-692.08098048,1060,611,1064,614,4.0
video_sincronitzat,3469,114516,3817.2,1095.0,592.0,809.608209408,-645.832392192,1085,576,1105,608,462.0
video_sincronitzat,3469,114517,3817.233333333333,1113.5,553.0,656.8432837632,-960.3329568768,1096,523,1131,583,1502.5
video_sincronitzat,3469,114518,3817.266666666667,1167.0,472.0,1225.73731350528,-1842.1331827507202,1117,433,1217,511,3219.5
video_sincronitzat,3469,114519,3817.3,1176.0,407.5,652.2949254021121,-1897.853273100288,1135,347,1217,468,6565.0
video_sincronitzat,3469,114520,3817.3333333333335,1294.5,275.0,2393.917970160845,-3144.1413092401153,1190,199,1399,351,13488.0
video_sincronitzat,3469,114521,3817.366666666667,1351.0,135.5,1974.567188064338,-3768.656523696046,1251,16,1451,255,22908.5
video_sincronitzat,3491,115124,3837.4666666666667,792.5,646.5,0.0,0.0,784,641,801,652,107.5
video_sincronitzat,3491,115125,3837.5,828.5,644.5,648.0,-36.0,819,638,838,651,149.5
video_sincronitzat,3491,115126,3837.5333333333333,876.0,626.5,1114.2,-338.4,863,616,889,637,306.0
video_sincronitzat,3491,115127,3837.5666666666666,912.0,605.5,1093.68,-513.36,903,599,921,612,84.5
video_sincronitzat,3491,115128,3837.6,989.5,565.0,1832.472,-934.344,973,556,1006,574,232.0
video_sincronitzat,3491,115129,3837.633333333333,1046.5,523.5,1758.9888,-1120.7376,1022,502,1071,545,1109.5
video_sincronitzat,3491,115130,3837.6666666666665,1096.0,436.5,1594.59552,-2014.29504,1058,409,1134,464,2276.5
video_sincronitzat,3491,115131,3837.7,1215.5,365.5,2788.838208,-2083.718016,1199,344,1232,387,624.0
video_sincronitzat,3491,115132,3837.733333333333,1343.0,238.0,3410.5352832,-3128.4872064,1341,236,1345,240,5.5
video_sincronitzat,3493,115142,3838.0666666666666,780.0,675.5,0.0,0.0,775,671,785,680,56.0
video_sincronitzat,3493,115143,3838.1,805.0,674.0,450.0,-27.0,795,667,815,681,192.0
video_sincronitzat,3493,115144,3838.133333333333,834.5,672.0,711.0,-46.8,821,662,848,682,384.0
video_sincronitzat,3493,115145,3838.1666666666665,873.0,658.0,977.4000000000001,-270.72,855,646,891,670,541.5
video_sincronitzat,3493,115146,3838.2,920.5,641.0,1245.96,-414.288,909,630,932,652,313.0
video_sincronitzat,3493,115147,3838.233333333333,973.0,621.0,1443.384,-525.7152,968,616,978,626,47.0
video_sincronitzat,3493,115148,3838.266666666667,1038.5,611.0,1756.3536,-390.28607999999997,1037,609,1040,613,4.0
video_sincronitzat,3493,115149,3838.3,1163.5,519.5,2952.54144,-1803.114432,1154,513,1173,526,138.0
video_sincronitzat,3493,115150,3838.3333333333335,1259.0,468.5,2900.016576,-1639.2457728,1247,457,1271,480,313.5
video_sincronitzat,3493,115151,3838.366666666667,1439.5,360.0,4409.0066304,-2608.69830912,1436,355,1443,365,34.0
video_sincronitzat,3533,117819,3927.3,828.5,656.5,0.0,0.0,825,654,832,659,19.0
video_sincronitzat,3533,117820,3927.3333333333335,863.5,648.0,630.0,-153.0,851,641,876,655,232.0
video_sincronitzat,3533,117821,3927.366666666667,898.0,641.0,873.0,-187.2,890,631,906,651,180.0
video_sincronitzat,3533,117822,3927.4,939.0,604.0,1087.2,-740.88,937,602,941,606,5.5
video_sincronitzat,3533,117823,3927.4333333333334,991.5,558.5,1379.88,-1115.352,964,527,1019,590,804.0
video_sincronitzat,3533,117824,3927.4666666666667,999.5,484.5,695.9520000000001,-1778.1408000000001,967,443,1032,526,1980.0
video_sincronitzat,3533,117825,3927.5,1020.5,449.5,656.3808000000001,-1341.25632,997,420,1044,479,911.0
video_sincronitzat,3533,117826,3927.5333333333333,1055.0,355.5,883.55232,-2228.502528,1053,354,1057,357,4.0
video_sincronitzat,3533,117827,3927.5666666666666,1098.5,225.0,1136.420928,-3240.4010112,1093,216,1104,234,119.5
video_sincronitzat,3533,117828,3927.6,1111.5,84.5,688.5683712,-3825.16040448,1066,41,1157,128,3440.5
video_sincronitzat,3537,117835,3927.8333333333335,805.5,666.5,0.0,0.0,801,662,810,671,50.0
video_sincronitzat,3537,117836,3927.866666666667,819.0,665.0,243.0,-27.0,812,660,826,670,76.5
video_sincronitzat,3537,117837,3927.9,839.0,658.5,457.2,-127.8,827,647,851,670,349.0
video_sincronitzat,3537,117838,3927.9333333333334,862.0,642.5,596.88,-339.12,850,628,874,657,470.0
video_sincronitzat,3537,117839,3927.9666666666667,888.5,605.5,715.752,-801.648,874,588,903,623,598.5
video_sincronitzat,3537,117840,3928.0,918.0,574.0,817.3008,-887.6592,907,562,929,586,303.0
video_sincronitzat,3537,117841,3928.0333333333333,931.0,530.5,560.92032,-1138.06368,922,525,940,536,124.5
video_sincronitzat,3542,118678,3955.9333333333334,1376.5,309.0,0.0,0.0,1368,293,1385,325,268.5
video_sincronitzat,3542,118679,3955.9666666666667,1306.0,397.0,-1269.0,1584.0,1300,393,1312,401,25.5
video_sincronitzat,3542,118680,3956.0,1204.0,423.5,-2343.6,1110.6,1193,414,1215,433,157.5
video_sincronitzat,3542,118681,3956.0333333333333,1108.5,474.0,-2656.44,1353.24,1080,451,1137,497,1239.0
video_sincronitzat,3542,118682,3956.0666666666666,1009.0,539.0,-2853.576,1711.296,994,525,1024,553,488.0
video_sincronitzat,3542,118683,3956.1,953.5,589.5,-2140.4304,1593.5184,944,577,963,602,320.0
video_sincronitzat,3542,118684,3956.133333333333,898.5,627.0,-1846.17216,1312.4073600000002,886,611,911,643,467.5
video_sincronitzat,3542,118685,3956.1666666666665,876.5,663.0,-1134.468864,1172.962944,863,643,890,683,526.5
video_sincronitzat,3542,118686,3956.2,854.5,678.5,-849.7875455999999,748.1851776000001,843,669,866,688,288.5
video_sincronitzat,3542,118687,3956.233333333333,841.0,695.0,-582.91501824,596.2740710400001,832,688,850,702,178.5
video_sincronitzat,3542,118688,3956.266666666667,827.0,696.0,-485.166007296,256.50962841600006,819,690,835,702,126.5
video_sincronitzat,3544,118679,3955.9666666666667,1187.5,252.0,0.0,0.0,1186,250,1189,254,4.0
video_sincronitzat,3544,118687,3956.233333333333,1261.0,300.0,165.375,108.0,1257,295,1265,305,36.5
video_sincronitzat,3544,118688,3956.266666666667,1164.5,342.0,-1670.85,799.2,1162,338,1167,346,17.5
video_sincronitzat,3544,118689,3956.3,1112.0,459.5,-1613.3400000000001,2434.6800000000003,1077,423,1147,496,2412.5
video_sincronitzat,3544,118690,3956.3333333333335,1036.0,492.0,-2013.3360000000002,1558.8720000000003,996,470,1076,514,1542.5
video_sincronitzat,3544,118691,3956.366666666667,1001.5,538.5,-1426.3344000000002,1460.5488,979,518,1024,559,708.0
video_sincronitzat,3544,118692,3956.4,949.0,586.0,-1515.5337600000003,1439.21952,947,583,951,589,13.0
video_sincronitzat,3544,118693,3956.4333333333334,892.0,622.0,-1632.2135040000003,1223.6878080000001,884,609,900,635,236.0
video_sincronitzat,3544,118694,3956.4666666666667,858.5,647.5,-1255.8854016,948.4751232000001,850,640,867,655,152.0
video_sincronitzat,3544,118695,3956.5,831.5,654.0,-988.35416064,496.3900492800001,827,651,836,657,28.0
video_sincronitzat,3544,118696,3956.5333333333333,808.0,656.0,-818.3416642560001,234.55601971200005,804,653,812,659,19.5
video_sincronitzat,3550,119362,3978.733333333333,819.5,634.0,0.0,0.0,817,631,822,637,14.0
video_sincronitzat,3550,119363,3978.766666666667,825.5,633.5,108.0,-9.0,820,628,831,639,78.5
video_sincronitzat,3550,119364,3978.8,834.5,623.0,205.2,-192.6,826,614,843,632,172.0
video_sincronitzat,3550,119365,3978.8333333333335,845.0,610.5,271.08,-302.04,837,603,853,618,168.5
video_sincronitzat,3550,119366,3978.866666666667,860.0,588.0,378.432,-525.816,830,571,890,605,823.0
video_sincronitzat,3550,119367,3978.9,855.0,546.5,61.37280000000001,-957.3264,819,526,891,567,1584.5
video_sincronitzat,3550,119368,3978.9333333333334,857.0,487.0,60.54912,-1453.93056,798,463,916,511,1633.5
video_sincronitzat,3550,119369,3978.9666666666667,861.5,439.0,105.219648,-1445.572224,833,401,890,477,1168.0
video_sincronitzat,3550,119370,3979.0,898.0,310.5,699.0878592,-2891.2288896,867,288,929,333,1049.5
video_sincronitzat,3550,119371,3979.0333333333333,930.5,200.0,864.63514368,-3145.49155584,901,175,960,225,1491.5
video_sincronitzat,3550,119372,3979.0666666666666,951.5,40.0,723.854057472,-4138.196622336,931,0,972,80,1756.0
video_sincronitzat,3567,123551,4118.366666666667,481.5,778.5,0.0,0.0,469,760,494,797,550.5
video_sincronitzat,3567,123552,4118.4,467.5,728.5,-252.0,-900.0,455,710,480,747,631.0
video_sincronitzat,3567,123553,4118.433333333333,461.0,686.0,-217.8,-1125.0,449,668,473,704,606.5
video_sincronitzat,3567,123554,4118.466666666666,459.5,655.5,-114.12,-999.0,448,639,471,672,534.0
video_sincronitzat,3567,123555,4118.5,464.5,638.5,44.352,-705.6,454,623,475,654,495.0
video_sincronitzat,3567,123556,4118.533333333334,476.0,634.5,224.7408,-354.24,465,619,487,650,510.5
video_sincronitzat,3567,123557,4118.566666666667,491.5,641.5,368.89632,-15.695999999999998,480,626,503,657,501.0
video_sincronitzat,3567,123558,4118.6,516.0,660.5,588.558528,335.7216,504,645,528,676,510.0
video_sincronitzat,3567,123559,4118.633333333333,547.0,688.5,793.4234112,638.28864,533,672,561,705,656.5
video_sincronitzat,3567,123560,4118.666666666667,583.0,721.0,965.3693644800001,840.315456,567,703,599,739,713.5
video_sincronitzat,3567,123561,4118.7,625.5,758.5,1151.147745792,1011.1261824000001,610,741,641,776,727.5
video_sincronitzat,3570,125639,4187.966666666666,808.5,665.0,0.0,0.0,802,661,815,669,49.0
video_sincronitzat,3570,125640,4188.0,839.0,665.0,549.0,0.0,833,660,845,670,79.0
video_sincronitzat,3570,125641,4188.033333333334,874.5,663.0,858.6,-36.0,867,657,882,669,106.5
video_sincronitzat,3570,125642,4188.066666666667,912.0,660.0,1018.44,-68.4,904,655,920,665,86.5
video_sincronitzat,3570,125643,4188.1,954.0,650.5,1163.376,-198.36,950,645,958,656,47.5
video_sincronitzat,3570,125644,4188.133333333333,1004.0,625.0,1365.3504,-538.344,985,616,1023,634,374.5
video_sincronitzat,3570,125645,4188.166666666667,1021.0,606.0,852.14016,-557.3376000000001,991,587,1051,625,759.5
video_sincronitzat,3570,125646,4188.2,1067.5,604.0,1177.856064,-258.9350400000001,1060,597,1075,611,145.5
video_sincronitzat,3570,125647,4188.233333333334,1111.0,534.0,1254.1424256,-1363.574016,1108,532,1114,536,11.5
video_sincronitzat,3570,125648,4188.266666666666,1149.0,449.5,1185.65697024,-2066.4296064,1121,433,1177,466,702.0
video_sincronitzat,3580,130687,4356.233333333334,1247.0,330.0,0.0,0.0,1237,318,1257,342,191.5
video_sincronitzat,3580,130688,4356.266666666666,1170.5,437.5,-1377.0,1935.0,1159,427,1182,448,264.0
video_sincronitzat,3580,130689,4356.3,1082.0,465.0,-2143.8,1269.0,1032,435,1132,495,2409.0
video_sincronitzat,3580,130690,4356.333333333333,1034.0,528.5,-1721.52,1650.6,1001,506,1067,551,896.5
video_sincronitzat,3580,130691,4356.366666666667,983.0,581.5,-1606.6080000000002,1614.24,965,566,1001,597,490.5
video_sincronitzat,3580,130692,4356.4,937.0,603.5,-1470.6432,1041.696,931,596,943,611,106.5
video_sincronitzat,3580,130693,4356.433333333333,892.0,643.0,-1398.25728,1127.6784,881,636,903,650,184.0
video_sincronitzat,3580,130695,4356.5,823.5,663.5,-1119.8726208,590.4642240000001,816,659,831,668,67.0
video_sincronitzat,3580,130696,4356.533333333334,792.0,663.0,-1014.94904832,227.18568960000005,787,658,797,668,55.5
video_sincronitzat,3591,133300,4443.333333333333,823.5,649.0,0.0,0.0,819,646,828,652,27.0
video_sincronitzat,3591,133301,4443.366666666667,851.5,644.5,504.0,-81.0,845,640,858,649,69.0
video_sincronitzat,3591,133302,4443.4,879.5,636.0,705.6,-185.4,870,628,889,644,176.0
video_sincronitzat,3591,133303,4443.433333333333,936.0,619.5,1299.24,-371.16,933,617,939,622,12.0
video_sincronitzat,3591,133304,4443.466666666666,948.0,584.5,735.696,-778.464,946,582,950,587,10.0
video_sincronitzat,3591,133305,4443.5,978.0,548.5,834.2784,-959.3856000000001,966,536,990,561,296.0
video_sincronitzat,3591,133306,4443.533333333334,1030.0,521.0,1269.71136,-878.75424,987,500,1073,542,1279.5
video_sincronitzat,3591,133307,4443.566666666667,1070.0,473.5,1227.884544,-1206.501696,1037,449,1103,498,1534.0
video_sincronitzat,3591,133308,4443.6,1106.5,396.5,1148.1538176,-1868.6006784,1071,374,1142,419,1299.5
video_sincronitzat,3591,133309,4443.633333333333,1155.5,340.5,1341.26152704,-1755.4402713600002,1151,334,1160,347,64.5
video_sincronitzat,3591,133310,4443.666666666667,1236.0,263.5,1985.504610816,-2088.1761085440003,1217,242,1255,285,720.0
video_sincronitzat,3591,133311,4443.7,1302.0,180.0,1982.2018443264,-2338.2704434176003,1277,157,1327,203,941.5
video_sincronitzat,3620,137871,4595.7,791.0,664.0,0.0,0.0,784,658,798,670,112.5
video_sincronitzat,3620,137872,4595.733333333334,806.5,660.0,279.0,-72.0,801,653,812,667,103.5
video_sincronitzat,3620,137873,4595.766666666666,824.0,649.0,426.6,-226.8,812,640,836,658,262.0
video_sincronitzat,3620,137874,4595.8,848.5,624.5,611.64,-531.72,836,611,861,638,460.0
video_sincronitzat,3620,137875,4595.833333333333,878.5,590.5,784.656,-824.688,863,574,894,607,626.0
video_sincronitzat,3620,137876,4595.866666666667,904.5,548.5,781.8624,-1085.8752,884,529,925,568,701.0
video_sincronitzat,3620,137877,4595.9,948.0,472.5,1095.74496,-1802.35008,943,467,953,478,54.5
video_sincronitzat,3620,137878,4595.933333333333,990.5,352.0,1203.297984,-2889.940032,983,346,998,358,84.5
video_sincronitzat,3620,137879,4595.966666666666,1005.5,279.5,751.3191936000001,-2460.9760128,993,258,1018,301,648.0
video_sincronitzat,3620,137880,4596.0,1049.5,137.0,1092.52767744,-3549.3904051199997,1024,99,1075,175,1810.0
video_sincronitzat,3620,137881,4596.033333333334,1080.5,15.5,995.0110709759999,-3606.756162048,1071,0,1090,31,402.0
video_sincronitzat,3629,137927,4597.566666666667,811.0,657.0,0.0,0.0,808,653,814,661,22.5
video_sincronitzat,3629,137928,4597.6,817.0,654.5,108.0,-45.0,809,648,825,661,139.5
video_sincronitzat,3629,137929,4597.633333333333,828.5,643.5,250.2,-216.0,819,635,838,652,211.0
video_sincronitzat,3629,137930,4597.666666666667,844.0,630.5,379.08,-320.4,834,620,854,641,300.5
video_sincronitzat,3629,137931,4597.7,865.5,611.5,538.6320000000001,-470.15999999999997,838,595,893,628,754.5
video_sincronitzat,3629,137932,4597.733333333334,883.0,573.0,530.4528,-881.064,867,553,899,593,796.5
video_sincronitzat,3629,137933,4597.766666666666,909.0,534.5,680.18112,-1045.4256,895,520,923,549,514.0
video_sincronitzat,3629,137934,4597.8,942.0,487.0,866.072448,-1273.17024,938,482,946,492,48.0
video_sincronitzat,3629,137935,4597.833333333333,996.5,406.0,1327.4289792,-1967.268096,987,391,1006,421,303.0
video_sincronitzat,3629,137936,4597.866666666667,1053.0,313.5,1547.97159168,-2451.9072384,1028,280,1078,347,1817.5
video_sincronitzat,3629,137937,4597.9,1134.0,202.0,2077.188636672,-2987.76289536,1099,163,1169,241,2542.5
video_sincronitzat,3629,137938,4597.933333333333,1230.0,56.5,2558.8754546688,-3814.105158144,1178,0,1282,113,6813.5
video_sincronitzat,3631,137930,4597.666666666667,826.0,610.0,0.0,0.0,823,607,829,613,18.0
video_sincronitzat,3631,137932,4597.733333333334,837.0,629.0,99.0,171.0,833,626,841,632,29.0
video_sincronitzat,3631,137933,4597.766666666666,858.0,620.5,417.6,-84.6,852,616,864,625,67.5
video_sincronitzat,3631,137934,4597.8,881.5,607.5,590.04,-267.84,874,600,889,615,124.0
video_sincronitzat,3631,137935,4597.833333333333,901.5,592.5,596.016,-377.13599999999997,893,583,910,602,169.5
video_sincronitzat,3631,137936,4597.866666666667,924.5,564.5,652.4064,-654.8543999999999,920,558,929,571,66.0
video_sincronitzat,3631,137937,4597.9,940.5,543.5,548.9625599999999,-639.9417599999999,937,536,944,551,49.0
video_sincronitzat,3631,137938,4597.933333333333,983.5,500.0,993.585024,-1038.976704,948,484,1019,516,930.0
video_sincronitzat,3631,137939,4597.966666666666,1024.5,471.5,1135.4340096,-928.5906815999999,1004,445,1045,498,1049.5
video_sincronitzat,3631,137940,4598.0,1068.0,384.5,1237.17360384,-1937.43627264,1049,369,1087,400,639.5
video_sincronitzat,3631,137941,4598.033333333334,1124.0,320.5,1502.869441536,-1926.974509056,1101,310,1147,331,326.5
video_sincronitzat,3631,137942,4598.066666666667,1131.5,256.0,736.1477766144001,-1931.7898036224,1110,226,1153,286,1380.0
video_sincronitzat,3631,137943,4598.1,1201.0,143.5,1545.4591106457601,-2797.71592144896,1173,104,1229,183,2125.5
video_sincronitzat,3631,137944,4598.133333333333,1288.0,32.5,2184.183644258304,-3117.086368579584,1256,0,1320,65,2057.0
video_sincronitzat,3647,138460,4615.333333333333,1206.0,324.0,0.0,0.0,1202,321,1210,327,26.5
video_sincronitzat,3647,138462,4615.4,1173.5,455.0,-292.5,1179.0,1168,449,1179,461,55.5
video_sincronitzat,3647,138463,4615.433333333333,1076.0,529.5,-1872.0,1812.6,1072,525,1080,534,38.5
video_sincronitzat,3647,138464,4615.466666666666,1049.0,586.5,-1234.8000000000002,1751.04,1018,560,1080,613,826.0
video_sincronitzat,3647,138465,4615.5,1004.0,598.5,-1303.92,916.416,981,581,1027,616,604.5
video_sincronitzat,3647,138466,4615.533333333334,946.5,616.5,-1556.5680000000002,690.5664,945,614,948,619,6.0
video_sincronitzat,3647,138468,4615.6,872.5,628.0,-1226.3644800000002,352.10390400000006,864,623,881,633,98.0
video_sincronitzat,3647,138469,4615.633333333333,832.5,635.0,-1210.5457920000001,266.84156160000003,830,633,835,637,6.0
video_sincronitzat,3708,153182,5106.066666666667,811.5,658.0,0.0,0.0,808,654,815,662,32.0
video_sincronitzat,3708,153183,5106.1,819.0,659.0,135.0,18.0,812,653,826,665,104.5
video_sincronitzat,3708,153184,5106.133333333333,827.5,661.0,207.0,43.2,820,654,835,668,132.5
video_sincronitzat,3708,153185,5106.166666666667,836.0,657.0,235.8,-54.72,824,649,848,665,210.5
video_sincronitzat,3708,153186,5106.2,852.0,644.0,382.32,-255.888,840,634,864,654,342.0
video_sincronitzat,3708,153187,5106.233333333334,868.0,631.0,440.928,-336.3552,856,619,880,643,403.5
video_sincronitzat,3708,153188,5106.266666666666,870.0,610.5,212.37120000000002,-503.54208000000006,833,595,907,626,908.5
video_sincronitzat,3708,153189,5106.3,899.0,583.0,606.94848,-696.416832,870,558,928,608,1186.0
video_sincronitzat,3708,153190,5106.333333333333,946.0,530.5,1088.779392,-1223.5667328,934,517,958,544,466.5
video_sincronitzat,3708,153191,5106.366666666667,991.0,478.5,1245.5117568,-1425.42669312,983,464,999,493,223.0
video_sincronitzat,3708,153192,5106.4,1056.5,385.0,1677.2047027200001,-2253.170677248,1028,352,1085,418,2208.5
video_sincronitzat,3708,153193,5106.433333333333,1181.5,295.0,2920.8818810880002,-2521.2682708992,1098,200,1265,390,13214.5
video_sincronitzat,3708,153194,5106.466666666666,1399.0,165.5,5083.3527524352,-3339.50730835968,1397,164,1401,167,4.0
video_sincronitzat,3723,157245,5241.5,1286.5,428.0,0.0,0.0,1280,424,1293,432,29.0
video_sincronitzat,3723,157246,5241.533333333334,1168.0,504.5,-2133.0,1377.0,1155,485,1181,524,405.5
video_sincronitzat,3723,157247,5241.566666666667,1069.5,605.0,-2626.2,2359.8,1059,588,1080,622,320.5
video_sincronitzat,3723,157248,5241.6,1047.0,642.5,-1455.48,1618.92,1010,612,1084,673,1481.0
video_sincronitzat,3723,157249,5241.633333333333,988.0,670.5,-1644.192,1151.5680000000002,984,665,992,676,51.5
video_sincronitzat,3723,157250,5241.666666666667,933.0,684.5,-1647.6768000000002,712.6272000000001,928,673,938,696,126.0
video_sincronitzat,3723,157251,5241.7,883.5,686.0,-1550.0707200000002,312.05088000000006,857,672,910,700,703.0
video_sincronitzat,3723,157252,5241.733333333334,847.0,683.5,-1277.028288,79.82035200000003,830,665,864,702,644.0
video_sincronitzat,3723,157253,5241.766666666666,804.0,690.5,-1284.8113152,157.92814080000002,791,680,817,701,358.5
video_sincronitzat,3723,157254,5241.8,756.0,687.5,-1377.92452608,9.171256320000012,746,681,766,694,147.5
video_sincronitzat,3723,157255,5241.833333333333,716.5,690.0,-1262.169810432,48.668502528000005,710,685,723,695,72.5
video_sincronitzat,3728,158700,5290.0,678.0,711.5,0.0,0.0,675,708,681,715,25.0
video_sincronitzat,3728,158701,5290.033333333334,695.5,724.5,315.0,234.0,691,722,700,727,24.5
video_sincronitzat,3728,158702,5290.066666666667,714.0,727.0,459.0,138.60000000000002,707,719,721,735,146.0
video_sincronitzat,3728,158703,5290.1,735.0,725.0,561.6,19.440000000000012,726,716,744,734,215.5
video_sincronitzat,3728,158704,5290.133333333333,754.0,719.5,566.64,-91.22399999999999,737,704,771,735,622.5
video_sincronitzat,3728,158705,5290.166666666667,767.0,688.5,460.656,-594.4896,736,663,798,714,911.0
video_sincronitzat,3728,158706,5290.2,795.5,670.0,697.2624000000001,-570.79584,737,641,854,699,2624.0
video_sincronitzat,3728,158707,5290.233333333334,796.0,607.5,287.90496,-1353.318336,730,560,862,655,5102.5
video_sincronitzat,3728,158708,5290.266666666666,817.0,567.0,493.161984,-1270.3273344,736,526,898,608,7247.0
video_sincronitzat,3728,158709,5290.3,782.5,464.5,-423.7352064,-2353.13093376,740,433,825,496,2280.0
video_sincronitzat,3728,158710,5290.333333333333,790.0,375.0,-34.49408256000001,-2552.252373504,748,336,832,414,3796.0
video_sincronitzat,3728,158711,5290.366666666667,810.0,219.5,346.202366976,-3819.9009494016,760,176,860,263,3320.5
video_sincronitzat,3728,158712,5290.4,794.0,82.0,-149.5190532096,-4002.96037976064,780,60,808,104,659.0
video_sincronitzat,3795,164312,5477.066666666667,772.0,637.0,0.0,0.0,766,633,778,641,54.5
video_sincronitzat,3795,164313,5477.1,784.5,641.0,225.0,72.0,779,635,790,647,79.5
video_sincronitzat,3795,164314,5477.133333333333,799.0,643.0,351.0,64.8,787,635,811,651,234.5
video_sincronitzat,3795,164315,5477.166666666667,795.5,641.0,77.4,-10.079999999999998,793,639,798,643,7.0
video_sincronitzat,3795,164316,5477.2,835.5,584.0,750.96,-1030.032,831,578,840,590,58.5
video_sincronitzat,3795,164317,5477.233333333334,940.0,611.5,2181.384,82.98720000000003,935,609,945,614,24.5
video_sincronitzat,3796,164315,5477.166666666667,824.5,629.5,0.0,0.0,812,618,837,641,384.0
video_sincronitzat,3796,164316,5477.2,855.5,612.0,558.0,-315.0,842,600,869,624,422.5
video_sincronitzat,3796,164317,5477.233333333334,888.0,583.5,808.2,-639.0,860,566,916,601,1133.0
video_sincronitzat,3796,164318,5477.266666666666,952.5,540.0,1484.28,-1038.6,950,536,955,544,19.5
video_sincronitzat,3796,164319,5477.3,996.5,441.5,1385.712,-2188.44,977,422,1016,461,736.0
video_sincronitzat,3796,164320,5477.333333333333,1071.0,378.0,1895.2848,-2018.3760000000002,1051,362,1091,394,771.5
video_sincronitzat,3796,164321,5477.366666666667,1249.5,287.0,3971.11392,-2445.3504000000003,1218,252,1281,322,2079.5
video_sincronitzat,3796,164322,5477.4,1379.5,161.5,3928.445568,-3237.14016,1345,130,1414,193,2071.5
video_sincronitzat,3815,164742,5491.4,962.5,183.0,0.0,0.0,961,180,964,186,8.0
video_sincronitzat,3815,164743,5491.433333333333,962.5,183.0,0.0,0.0,961,180,964,186,8.0
video_sincronitzat,3815,164744,5491.466666666666,962.5,183.0,0.0,0.0,961,180,964,186,8.0
video_sincronitzat,3815,164745,5491.5,962.5,183.0,0.0,0.0,961,180,964,186,8.0
video_sincronitzat,3815,164746,5491.533333333334,962.5,183.0,0.0,0.0,961,180,964,186,8.0
video_sincronitzat,3815,164747,5491.566666666667,962.5,183.0,0.0,0.0,961,180,964,186,8.0
video_sincronitzat,3815,164748,5491.6,962.5,183.0,0.0,0.0,961,180,964,186,8.0
video_sincronitzat,3815,164749,5491.633333333333,962.5,183.0,0.0,0.0,961,180,964,186,8.0
video_sincronitzat,3815,164750,5491.666666666667,962.5,183.0,0.0,0.0,961,180,964,186,8.0
video_sincronitzat,3815,164751,5491.7,962.5,183.0,0.0,0.0,961,180,964,186,8.0
video_sincronitzat,3815,164760,5492.0,963.5,185.0,2.0,4.0,962,182,965,188,8.0
video_sincronitzat,3815,164761,5492.033333333334,963.0,184.5,-8.2,-7.4,961,181,965,188,13.0
video_sincronitzat,3815,164762,5492.066666666667,963.0,184.5,-3.28,-2.9600000000000004,961,181,965,188,13.0
video_sincronitzat,3815,164763,5492.1,963.0,185.0,-1.312,7.816,961,182,965,188,9.0
video_sincronitzat,3815,164764,5492.133333333333,963.0,185.5,-0.5248,12.1264,961,183,965,188,7.5
video_sincronitzat,3815,164765,5492.166666666667,963.0,184.5,-0.20992000000000002,-13.149439999999998,961,183,965,186,4.0
video_sincronitzat,3815,164766,5492.2,963.0,184.5,-0.08396800000000001,-5.259776,961,181,965,188,12.0
video_sincronitzat,3815,164778,5492.6,1100.0,177.5,205.489459980747,-11.16022937674395,1097,173,1103,182,25.0
video_sincronitzat,3815,164779,5492.633333333333,1071.5,313.5,-430.8042160077012,2443.5359082493023,1052,277,1091,350,913.0
video_sincronitzat,3815,164780,5492.666666666667,972.5,479.5,-1954.3216864030805,3965.414363299721,955,431,990,528,1546.5
video_sincronitzat,3815,164781,5492.7,910.5,540.0,-1897.7286745612323,2675.1657453198886,880,514,941,566,1014.0
video_sincronitzat,3815,164781,5492.7,960.5,513.0,0.0,0.0,951,506,970,520,163.0
video_sincronitzat,3815,164782,5492.733333333334,835.5,603.5,-2109.091469824493,2213.0662981279556,833,601,838,606,12.5
video_sincronitzat,3815,164782,5492.733333333334,870.5,591.0,-1620.0,1404.0,843,567,898,615,1322.5
video_sincronitzat,3815,164783,5492.766666666666,798.0,660.5,-1518.6365879297973,1911.2265192511823,794,657,802,664,29.0
video_sincronitzat,3815,164783,5492.766666666666,832.5,638.5,-1332.0,1416.6,802,620,863,657,1172.5
video_sincronitzat,3815,164784,5492.8,786.5,658.0,-1360.8000000000002,917.64,764,641,809,675,829.5
video_sincronitzat,3815,164785,5492.833333333333,753.5,678.5,-1138.3200000000002,736.056,738,669,769,688,381.0
video_sincronitzat,3815,164786,5492.866666666667,718.5,681.5,-1085.328,348.42240000000004,709,675,728,688,183.5
video_sincronitzat,3815,164787,5492.9,690.5,687.0,-938.1312,238.36896000000002,684,681,697,693,104.5
video_sincronitzat,3815,164788,5492.933333333333,669.5,690.5,-753.2524800000001,158.347584,664,687,675,694,46.5
video_sincronitzat,3877,175711,5857.033333333334,742.0,634.0,0.0,0.0,739,632,745,636,11.5
video_sincronitzat,3877,175713,5857.1,801.0,640.5,531.0,58.5,796,637,806,644,28.5
video_sincronitzat,3877,175714,5857.133333333333,840.5,636.5,923.4,-48.599999999999994,834,631,847,642,87.0
video_sincronitzat,3877,175715,5857.166666666667,879.5,623.5,1071.3600000000001,-253.44,869,616,890,631,198.0
video_sincronitzat,3877,175716,5857.2,934.0,557.5,1409.544,-1289.376,932,556,936,559,4.0
video_sincronitzat,3877,175717,5857.233333333334,992.5,562.0,1616.8176,-434.7504,971,553,1014,571,323.0
video_sincronitzat,3877,175718,5857.266666666666,1008.5,513.0,934.7270400000001,-1055.9001600000001,968,482,1049,544,1814.0
video_sincronitzat,3877,175719,5857.3,1066.5,483.0,1417.890816,-962.3600640000001,1001,447,1132,519,2149.0
video_sincronitzat,3877,175720,5857.333333333333,1115.0,421.5,1440.1563264000001,-1491.9440256,1074,396,1156,447,1492.5
video_sincronitzat,3877,175721,5857.366666666667,1139.5,324.0,1017.06253056,-2351.7776102400003,1138,322,1141,326,4.0
video_sincronitzat,3877,175722,5857.4,1251.5,223.5,2422.825012224,-2749.711044096,1230,186,1273,261,1423.0
video_sincronitzat,3877,175723,5857.433333333333,1325.5,92.0,2301.1300048896,-3466.8844176384,1310,64,1341,120,758.5
video_sincronitzat,3901,179723,5990.766666666666,1368.0,52.5,0.0,0.0,1352,26,1384,79,644.5
video_sincronitzat,3901,179724,5990.8,1316.0,133.0,-936.0,1449.0,1312,130,1320,136,20.5
video_sincronitzat,3901,179725,5990.833333333333,1255.5,180.0,-1463.4,1425.6,1252,178,1259,182,12.0
video_sincronitzat,3901,179726,5990.866666666667,1187.0,253.0,-1818.3600000000001,1884.24,1185,251,1189,255,5.5
video_sincronitzat,3901,179727,5990.9,1153.5,348.5,-1330.344,2472.696,1122,314,1185,383,1971.5
video_sincronitzat,3901,179729,5990.966666666666,1040.5,474.0,-1495.92384,2019.67056,1002,433,1079,515,2829.0
video_sincronitzat,3901,179730,5991.0,988.5,480.0,-1534.3695360000002,915.868224,951,447,1026,513,1931.0
video_sincronitzat,3901,179731,5991.033333333334,930.5,531.0,-1657.7478144000002,1284.3472896,924,527,937,535,59.0
video_sincronitzat,3901,179732,5991.066666666667,915.0,581.0,-942.0991257600001,1413.7389158400001,911,575,919,587,57.0
video_sincronitzat,3901,179733,5991.1,881.5,609.5,-979.8396503040001,1078.4955663360001,873,602,890,617,151.0
video_sincronitzat,3901,179734,5991.133333333333,851.5,627.5,-931.9358601216001,755.3982265344,845,623,858,632,72.0
video_sincronitzat,3901,179735,5991.166666666667,824.5,633.0,-858.77434404864,401.15929061376,820,630,829,636,22.0
video_sincronitzat,3921,179851,5995.033333333334,767.5,669.0,0.0,0.0,764,666,771,672,21.0
video_sincronitzat,3921,179852,5995.066666666667,774.5,664.0,126.0,-90.0,770,659,779,669,59.0
video_sincronitzat,3921,179853,5995.1,786.0,657.0,257.4,-162.0,780,651,792,663,93.5
video_sincronitzat,3921,179854,5995.133333333333,800.0,651.0,354.96,-172.8,793,644,807,658,126.0
video_sincronitzat,3921,179855,5995.166666666667,816.0,645.5,429.98400000000004,-168.12,803,637,829,654,238.5
video_sincronitzat,3921,179856,5995.2,825.5,638.0,342.9936,-202.248,803,624,848,652,434.5
video_sincronitzat,3921,179857,5995.233333333334,856.5,623.5,695.19744,-341.8992,838,608,875,639,524.0
video_sincronitzat,3921,179858,5995.266666666666,878.0,612.5,665.078976,-334.75968,851,594,905,631,1027.5
video_sincronitzat,3921,179859,5995.3,902.5,570.5,707.0315904,-889.903872,866,535,939,606,2529.5
video_sincronitzat,3921,179860,5995.333333333333,933.0,533.5,831.81263616,-1021.9615488,923,527,943,540,128.0
video_sincronitzat,3921,179861,5995.366666666667,988.5,513.5,1331.725054464,-768.78461952,962,495,1015,532,903.5
video_sincronitzat,3921,179862,5995.4,1064.0,418.0,1891.6900217856,-2026.513847808,1054,401,1074,435,394.5
video_sincronitzat,3921,179863,5995.433333333333,1124.5,337.5,1845.6760087142402,-2259.6055391232003,1107,319,1142,356,824.0
video_sincronitzat,3947,180694,6023.133333333333,822.0,663.5,0.0,0.0,819,661,825,666,15.0
video_sincronitzat,3947,180695,6023.166666666667,827.0,667.5,90.0,72.0,821,663,833,672,63.0
video_sincronitzat,3947,180696,6023.2,830.0,668.0,90.0,37.8,823,662,837,674,111.5
video_sincronitzat,3947,180697,6023.233333333334,836.0,673.5,144.0,114.12,827,665,845,682,208.5
video_sincronitzat,3947,180698,6023.266666666666,839.0,669.0,111.6,-35.352,824,660,854,678,294.0
video_sincronitzat,3947,180699,6023.3,855.5,667.0,341.64,-50.1408,846,657,865,677,281.0
video_sincronitzat,3947,180700,6023.333333333333,868.0,662.5,361.656,-101.05632,841,645,895,680,860.5
video_sincronitzat,3947,180701,6023.366666666667,873.5,658.0,243.66240000000002,-121.422528,835,639,912,677,1418.0
video_sincronitzat,3947,180702,6023.4,907.0,624.5,700.46496,-651.5690112,881,589,933,660,1157.5
video_sincronitzat,3947,180703,6023.433333333333,941.5,635.0,901.185984,-71.62760448,911,618,972,652,1071.5
video_sincronitzat,3947,180704,6023.466666666666,955.5,620.0,612.4743936,-298.651041792,946,604,965,636,369.0
video_sincronitzat,3987,181849,6061.633333333333,774.0,637.0,0.0,0.0,770,633,778,641,35.5
video_sincronitzat,3987,181850,6061.666666666667,775.0,639.0,18.0,36.0,770,632,780,646,93.5
video_sincronitzat,3987,181851,6061.7,782.0,638.5,133.2,5.4,775,628,789,649,154.0
video_sincronitzat,3987,181852,6061.733333333334,799.5,634.0,368.28,-78.84,790,626,809,642,197.0
video_sincronitzat,3987,181853,6061.766666666666,825.5,619.0,615.312,-301.536,811,604,840,634,575.5
video_sincronitzat,3987,181854,6061.8,870.5,587.0,1056.1248,-696.6144,848,570,893,604,942.0
video_sincronitzat,3987,181855,6061.833333333333,901.0,553.5,971.44992,-881.6457600000001,871,532,931,575,1275.5
video_sincronitzat,3987,181856,6061.866666666667,957.5,454.5,1405.579968,-2134.658304,939,430,976,479,1331.0
video_sincronitzat,3987,181857,6061.9,1017.0,377.5,1633.2319872,-2239.8633216,998,363,1036,392,528.5
video_sincronitzat,3992,181873,6062.433333333333,790.0,670.5,0.0,0.0,787,667,793,674,21.0
video_sincronitzat,3992,181874,6062.466666666666,800.0,666.5,180.0,-72.0,794,658,806,675,123.5
video_sincronitzat,3992,181875,6062.5,817.5,658.5,387.0,-172.8,812,652,823,665,90.0
video_sincronitzat,3992,181876,6062.533333333334,836.5,643.5,496.8,-339.12,830,637,843,650,108.0
video_sincronitzat,3992,181877,6062.566666666667,857.5,628.0,576.72,-414.648,844,617,871,639,348.0
video_sincronitzat,3992,181878,6062.6,884.5,600.5,716.688,-660.8592,868,585,901,616,657.5
video_sincronitzat,3992,181879,6062.633333333333,915.0,566.5,835.6752,-876.34368,902,549,928,584,494.0
video_sincronitzat,3992,181880,6062.666666666667,927.5,531.0,559.27008,-989.537472,924,528,931,534,16.5
video_sincronitzat,3992,181882,6062.733333333334,1060.0,366.5,1393.8372288,-1836.73348992,1039,337,1081,396,734.5
video_sincronitzat,3992,181883,6062.766666666666,1136.5,311.5,1934.5348915200002,-1724.693395968,1122,302,1151,321,197.0
video_sincronitzat,3992,181885,6062.833333333333,1250.5,105.0,1722.4325609472003,-2479.38962254848,1233,84,1268,126,762.5
